source_file,source_line,kind,symbol,state,fred_behavior,doc
ob-C.el,64,option,org-babel-C-compiler,missing,,Command used to compile a C source code file into an executable.
ob-C.el,73,option,org-babel-C++-compiler,missing,,Command used to compile a C++ source code file into an executable.
ob-C.el,82,option,org-babel-D-compiler,missing,,Command used to compile and execute a D source code file.
ob-C.el,95,function,org-babel-execute:cpp,missing,,Execute BODY according to its header arguments PARAMS.
ob-C.el,100,function,org-babel-expand-body:cpp,missing,,Expand C++ BODY with org-babel according to its header arguments PARAMS.
ob-C.el,104,function,org-babel-execute:C++,missing,,Execute C++ BODY with org-babel according to its header arguments PARAMS.
ob-C.el,109,function,org-babel-expand-body:C++,missing,,Expand C++ BODY with org-babel according to its header arguments PARAMS.
ob-C.el,113,function,org-babel-execute:D,missing,,Execute D BODY with org-babel according to its header arguments PARAMS.
ob-C.el,118,function,org-babel-expand-body:D,missing,,Expand D BODY with org-babel according to its header arguments PARAMS.
ob-C.el,122,function,org-babel-execute:C,missing,,Execute a C BODY according to its header arguments PARAMS.
ob-C.el,127,function,org-babel-expand-body:C,missing,,Expand C BODY according to its header arguments PARAMS.
ob-C.el,131,function,org-babel-C-execute,missing,,Execute C/C++/D BODY according to its header arguments PARAMS.
ob-C.el,199,function,org-babel-C-expand-C++,missing,,Expand C/C++ BODY with according to its header arguments PARAMS.
ob-C.el,203,function,org-babel-C-expand-C,missing,,Expand C/C++ BODY according to its header arguments PARAMS.
ob-C.el,279,function,org-babel-C-expand-D,missing,,Expand D BODY according to its header arguments PARAMS.
ob-C.el,317,function,org-babel-C-ensure-main-wrap,missing,,"Wrap BODY in a ""main"" function call if none exists."
ob-C.el,323,function,org-babel-prep-session:C,missing,,Throw and error that sessions are not supported.
ob-C.el,329,function,org-babel-load-session:C,missing,,Throw and error that sessions are not supported.
ob-C.el,337,function,org-babel-C-format-val,missing,,Handle the FORMAT part of TYPE with the data from VAL.
ob-C.el,344,function,org-babel-C-val-to-C-type,missing,,Determine the type of VAL.
ob-C.el,391,function,org-babel-C-val-to-base-type,missing,,Determine the base type of VAL.
ob-C.el,414,function,org-babel-C-var-to-C,missing,,Convert PAIR of (var . val) C variable assignment.
ob-C.el,442,function,org-babel-C-table-sizes-to-C,missing,,"Create constants of table dimensions, if PAIR is a table."
ob-C.el,454,function,org-babel-C-utility-header-to-C,missing,,Generate a utility function to convert a column name into a column number.
ob-C.el,482,function,org-babel-C-header-to-C,missing,,Convert an elisp list of header table into a C or D vector
ob-R.el,100,option,org-babel-R-command,missing,,Name of command to use for executing R code.
ob-R.el,149,function,org-babel-expand-body:R,missing,,"Expand BODY according to PARAMS, return the expanded body."
ob-R.el,161,function,org-babel-execute:R,missing,,Execute a block of R code BODY according to PARAMS.
ob-R.el,198,function,org-babel-prep-session:R,missing,,Prepare SESSION according to the header arguments specified in PARAMS.
ob-R.el,209,function,org-babel-load-session:R,missing,,Load BODY into SESSION.
ob-R.el,220,function,org-babel-variable-assignments:R,missing,,Return list of R statements assigning the block's variables.
ob-R.el,239,function,org-babel-R-quote-tsv-field,missing,,Quote field S for export to R.
ob-R.el,245,function,org-babel-R-assign-elisp,missing,,Construct R code assigning the elisp VALUE to a variable named NAME.
ob-R.el,271,function,org-babel-R-initiate-session,missing,,Create or return the current R SESSION buffer.
ob-R.el,299,function,org-babel-R-associate-session,missing,,Associate R code buffer with an R session.
ob-R.el,327,function,org-babel-R-construct-graphics-device-call,missing,,Construct the call to the graphics device.
ob-R.el,386,function,org-babel-R-evaluate,missing,,Evaluate R code in BODY.
ob-R.el,398,function,org-babel-R-evaluate-external-process,missing,,Evaluate BODY in external R process.
ob-R.el,426,function,org-babel-R-evaluate-session,missing,,Evaluate BODY in SESSION.
ob-R.el,472,function,org-babel-R-process-value-result,missing,,R-specific processing of return value.
ob-R.el,486,function,ob-session-async-org-babel-R-evaluate-session,missing,,Asynchronously evaluate BODY in SESSION.
ob-R.el,540,function,ob-session-async-R-value-callback,missing,,Callback for async value results.
ob-awk.el,51,function,org-babel-expand-body:awk,missing,,"Expand BODY according to PARAMS, return the expanded body."
ob-awk.el,60,function,org-babel-execute:awk,missing,,Execute a block of Awk code BODY with org-babel.
ob-awk.el,107,function,org-babel-awk-var-to-awk,missing,,Return a printed value of VAR suitable for parsing with awk.
ob-calc.el,45,function,org-babel-expand-body:calc,missing,,"Expand BODY according to PARAMS, return the expanded body."
ob-calc.el,56,function,org-babel-execute:calc,missing,,Execute BODY of calc code with Babel using PARAMS.
ob-calc.el,140,function,org-babel-calc-maybe-resolve-var,missing,,Resolve user variables in EL.
ob-clojure.el,79,option,org-babel-clojure-backend,missing,,Backend used to evaluate Clojure code blocks.
ob-clojure.el,97,option,org-babel-clojurescript-backend,missing,,Backend used to evaluate ClojureScript code blocks.
ob-clojure.el,110,option,org-babel-clojure-default-ns,missing,,Default Clojure namespace for source block when finding ns failed.
ob-clojure.el,115,option,ob-clojure-babashka-command,missing,,Babashka command used by the Clojure `babashka' backend.
ob-clojure.el,121,option,ob-clojure-nbb-command,missing,,Nbb command used by the ClojureScript `nbb' backend.
ob-clojure.el,129,option,ob-clojure-cli-command,missing,,Clojure CLI command used by the Clojure `clojure-cli' backend.
ob-clojure.el,136,function,org-babel-expand-body:clojure,missing,,"Expand BODY according to PARAMS, return the expanded body."
ob-clojure.el,171,function,ob-clojure-inf-clojure-output,missing,,Store a trimmed version of S in a variable and return S.
ob-clojure.el,179,macro,ob-clojure-with-temp-expanded,missing,,Run BODY on EXPANDED code block with PARAMS.
ob-clojure.el,193,function,ob-clojure-string-or-list,missing,,Convert list L into a string or a list of list.
ob-clojure.el,202,function,ob-clojure-eval-with-inf-clojure,missing,,Evaluate EXPANDED code block with PARAMS using inf-clojure.
ob-clojure.el,245,function,ob-clojure-eval-with-cider,missing,,Evaluate EXPANDED code block using cider.
ob-clojure.el,260,function,ob-clojure-eval-with-slime,missing,,Evaluate EXPANDED code block with PARAMS using slime.
ob-clojure.el,270,function,ob-clojure-eval-with-cmd,missing,,"Evaluate EXPANDED code block using CMD (babashka, clojure or nbb)."
ob-clojure.el,279,function,ob-clojure--prepare-for-evaluation,missing,,"Wrap EXPANDED-BODY in a print expression, depending on PARAMS and CLJS-P."
ob-clojure.el,303,function,org-babel-execute:clojure,missing,,Execute the BODY block of Clojure code with PARAMS using Babel.
ob-clojure.el,348,function,org-babel-execute:clojurescript,missing,,Evaluate BODY with PARAMS as ClojureScript code.
ob-comint.el,46,function,org-babel-comint-buffer-livep,missing,,Check if BUFFER is a comint buffer with a live process.
ob-comint.el,51,macro,org-babel-comint-in-buffer,missing,,Check BUFFER and execute BODY.
ob-comint.el,70,option,org-babel-comint-fallback-regexp-threshold,missing,,Waiting time until trying to use fallback regexp to detect prompt.
ob-comint.el,77,function,org-babel-comint--set-fallback-prompt,missing,,Swap `comint-prompt-regexp' and `org-babel-comint-prompt-regexp-fallback'.
ob-comint.el,84,function,org-babel-comint--prompt-filter,missing,,Remove PROMPT-REGEXP from STRING.
ob-comint.el,100,function,org-babel-comint--echo-filter,missing,,Remove ECHO from STRING.
ob-comint.el,109,function,org-babel-comint--remove-prompts-p,missing,,Helper to decide whether to remove prompts from comint output.
ob-comint.el,123,macro,org-babel-comint-with-output,missing,,Evaluate BODY in BUFFER and return process output.
ob-comint.el,194,function,org-babel-comint-input-command,missing,,Pass CMD to BUFFER.
ob-comint.el,203,function,org-babel-comint-wait-for-output,missing,,Wait until output arrives from BUFFER.
ob-comint.el,226,function,org-babel-comint-eval-invisibly-and-wait-for-file,missing,,Evaluate STRING in BUFFER invisibly.
ob-comint.el,274,function,org-babel-comint-use-async,missing,,Determine whether to use session async evaluation.
ob-comint.el,285,function,org-babel-comint-async-filter,missing,,Captures Babel async output from comint buffer back to Org mode buffers.
ob-comint.el,382,function,org-babel-comint-async--find-src,missing,,Find source block associated with an async comint result.
ob-comint.el,417,function,org-babel-comint-async-register,missing,,Set local org-babel-comint-async variables in SESSION-BUFFER.
ob-comint.el,445,macro,org-babel-comint-async-delete-dangling-and-eval,missing,,Remove dangling text in SESSION-BUFFER and evaluate BODY.
ob-core.el,104,option,org-confirm-babel-evaluate,missing,,Confirm before evaluation.
ob-core.el,130,option,org-babel-no-eval-on-ctrl-c-ctrl-c,missing,,\<org-mode-map>Remove code block evaluation from the `\[org-ctrl-c-ctrl-c]' key binding.
ob-core.el,137,option,org-babel-results-keyword,missing,,Keyword used to name results generated by code blocks.
ob-core.el,149,option,org-babel-noweb-wrap-start,missing,,String used to begin a noweb reference in a code block.
ob-core.el,155,option,org-babel-noweb-wrap-end,missing,,String used to end a noweb reference in a code block.
ob-core.el,161,option,org-babel-inline-result-wrap,missing,,Format string used to wrap inline results.
ob-core.el,172,option,org-babel-hash-show-time,missing,,Non-nil means show the time the code block was evaluated in the result hash.
ob-core.el,179,option,org-babel-uppercase-example-markers,missing,,"When non-nil, begin/end example markers will be inserted in upper case."
ob-core.el,187,option,org-babel-update-intermediate,missing,,Whether to update in-buffer results of blocks executed to resolve references.
ob-core.el,203,function,org-babel-noweb-wrap,missing,,Return regexp matching a Noweb reference.
ob-core.el,233,function,org-babel--get-vars,missing,,Return the babel variable assignments in PARAMS.
ob-core.el,247,function,org-babel-check-confirm-evaluate,missing,,Check whether INFO allows code block evaluation.
ob-core.el,273,function,org-babel-check-evaluate,missing,,Check if code block INFO should be evaluated.
ob-core.el,288,function,org-babel-confirm-evaluate,missing,,Confirm evaluation of the code block INFO.
ob-core.el,322,function,org-babel-execute-safely-maybe,missing,,Maybe `org-babel-execute-maybe'.
ob-core.el,330,command,org-babel-execute-maybe,missing,,Execute src block or babel call at point.
ob-core.el,336,macro,org-babel-when-in-src-block,missing,,Execute BODY if point is in a source block and return t.
ob-core.el,346,command,org-babel-execute-src-block-maybe,missing,,Conditionally execute a source block.
ob-core.el,356,command,org-babel-view-src-block-info,missing,,Display information on the current source block.
ob-core.el,397,command,org-babel-expand-src-block-maybe,missing,,Conditionally expand a source block.
ob-core.el,406,command,org-babel-load-in-session-maybe,missing,,Conditionally load a source block in a session.
ob-core.el,417,command,org-babel-pop-to-session-maybe,missing,,Conditionally pop to a session.
ob-core.el,528,macro,org-babel-header-args-safe-fn,missing,,Return a function that determines whether a list of header args are safe.
ob-core.el,657,function,org-babel-named-src-block-regexp-for-name,missing,,Generate a regexp used to match a source block named NAME.
ob-core.el,668,function,org-babel-named-data-regexp-for-name,missing,,Generate a regexp used to match data named NAME.
ob-core.el,672,function,org-babel--normalize-body,missing,,Normalize body for element or object DATUM.
ob-core.el,696,function,org-babel-eval-headers,missing,,Compute header list set with HEADERS.
ob-core.el,708,function,org-babel-get-src-block-info,missing,,Extract information from a source block or inline source block.
ob-core.el,769,function,org-babel--expand-body,missing,,Expand noweb references in src block and remove any coderefs.
ob-core.el,790,function,org-babel--file-desc,missing,,Retrieve description for file link result of evaluation.
ob-core.el,808,function,org-babel-session-buffer,missing,,Return buffer name for session associated with current code block.
ob-core.el,830,command,org-babel-execute-src-block,missing,,Execute the current source code block and return the result.
ob-core.el,985,function,org-babel-expand-body:generic,missing,,Expand BODY with PARAMS.
ob-core.el,1004,command,org-babel-expand-src-block,missing,,Expand the current source code block or block specified by INFO.
ob-core.el,1034,function,org-babel-combine-header-arg-lists,missing,,Combine ORIGINAL and OTHERS lists of header argument names and arguments.
ob-core.el,1047,command,org-babel-check-src-block,missing,,Check for misspelled header arguments in the current code block.
ob-core.el,1069,command,org-babel-insert-header-arg,missing,,Insert a header argument and its value.
ob-core.el,1110,function,org-babel-in-src-block-header-p,missing,,Return non-nil when `point' is in the header line of the source block.
ob-core.el,1118,function,org-babel-header-arg-expand,missing,,Call `org-babel-enter-header-arg-w-completion' in appropriate contexts
ob-core.el,1125,function,org-babel-enter-header-arg-w-completion,missing,,Insert header argument appropriate for LANG with completion.
ob-core.el,1144,command,org-babel-load-in-session,missing,,Load the body of the current source-code block.
ob-core.el,1173,command,org-babel-initiate-session,missing,,Initiate session for current code block or the block defined by INFO.
ob-core.el,1202,command,org-babel-switch-to-session,missing,,Switch to the session of the current code block or block defined by INFO.
ob-core.el,1211,command,org-babel-pop-to-session,missing,,Switch to the session of the current code block or block defined by INFO.
ob-core.el,1216,command,org-babel-switch-to-session-with-code,missing,,Switch to code buffer and display session.
ob-core.el,1234,macro,org-babel-do-in-edit-buffer,missing,,Evaluate BODY in edit buffer if there is a code block at point.
ob-core.el,1261,command,org-babel-do-key-sequence-in-edit-buffer,missing,,Read key sequence KEY and execute the command in edit buffer.
ob-core.el,1277,function,org-babel-active-location-p,missing,,"Return non-nil, when at executable element."
ob-core.el,1287,command,org-babel-open-src-block-result,missing,,Open results of source block at point.
ob-core.el,1316,macro,org-babel-map-src-blocks,missing,,Evaluate BODY forms on each source-block in FILE.
ob-core.el,1378,macro,org-babel-map-inline-src-blocks,missing,,Evaluate BODY forms on each inline source block in FILE.
ob-core.el,1406,macro,org-babel-map-call-lines,missing,,Evaluate BODY forms on each call line in FILE.
ob-core.el,1435,macro,org-babel-map-executables,missing,,Evaluate BODY forms on each active Babel code in FILE.
ob-core.el,1467,command,org-babel-execute-buffer,missing,,Execute source code blocks in a buffer.
ob-core.el,1482,command,org-babel-execute-subtree,missing,,Execute source code blocks in a subtree.
ob-core.el,1494,command,org-babel-sha1-hash,missing,,Generate a sha1 hash based on the value of INFO.
ob-core.el,1553,function,org-babel-current-result-hash,missing,,Return the current in-buffer hash.
ob-core.el,1561,function,org-babel-hide-hash,missing,,Hide the hash in the current results line.
ob-core.el,1580,function,org-babel-hide-all-hashes,missing,,Hide the hash in the current buffer.
ob-core.el,1594,command,org-babel-hash-at-point,missing,,Return the value of the hash at POINT.
ob-core.el,1605,function,org-babel-result-hide-spec,missing,,Hide portions of results lines.
ob-core.el,1615,command,org-babel-result-hide-all,missing,,Fold all results in the current buffer.
ob-core.el,1625,function,org-babel-show-result-all,missing,,Unfold all results in the current buffer.
ob-core.el,1631,command,org-babel-hide-result-toggle-maybe,missing,,Toggle visibility of result at point.
ob-core.el,1638,command,org-babel-hide-result-toggle,missing,,Toggle the visibility of the current result.
ob-core.el,1689,function,org-babel-params-from-properties,missing,,Retrieve source block parameters specified as properties.
ob-core.el,1711,function,org-babel-balanced-split,missing,,Split STRING on instances of ALTS.
ob-core.el,1785,function,org-babel-join-splits-near-ch,missing,,Join strings in LIST where CH is on either end of the strings.
ob-core.el,1798,function,org-babel-parse-header-arguments,missing,,Parse header arguments in STRING.
ob-core.el,1818,function,org-babel-parse-multiple-vars,missing,,Expand multiple variable assignments behind a single :var keyword.
ob-core.el,1839,function,org-babel-process-params,missing,,Expand variables in PARAMS and add summary parameters.
ob-core.el,1879,function,org-babel-del-hlines,missing,,Remove all `hline's from TABLE.
ob-core.el,1883,function,org-babel-get-colnames,missing,,Return the column names of TABLE.
ob-core.el,1894,function,org-babel-get-rownames,missing,,Return the row names of TABLE.
ob-core.el,1910,function,org-babel-put-colnames,missing,,Add COLNAMES to TABLE if they exist.
ob-core.el,1914,function,org-babel-put-rownames,missing,,Add ROWNAMES to TABLE if they exist.
ob-core.el,1924,function,org-babel-pick-name,missing,,Select one out of an alist of row or column names.
ob-core.el,1938,function,org-babel-disassemble-tables,missing,,Parse tables for further processing.
ob-core.el,1979,function,org-babel-reassemble-table,missing,,Add column and row names to a table.
ob-core.el,1991,function,org-babel-where-is-src-block-head,missing,,Find where the current source block begins.
ob-core.el,2014,command,org-babel-goto-src-block-head,missing,,Go to the beginning of the current code block.
ob-core.el,2021,command,org-babel-goto-named-src-block,missing,,Go to a source-code block with NAME.
ob-core.el,2054,function,org-babel-find-named-block,missing,,Find a named source-code block.
ob-core.el,2067,function,org-babel-src-block-names,missing,,Return the names of source blocks in FILE or the current buffer.
ob-core.el,2082,command,org-babel-goto-named-result,missing,,Go to a result with NAME.
ob-core.el,2095,function,org-babel-find-named-result,missing,,Find a named result.
ob-core.el,2113,function,org-babel-result-names,missing,,Return the names of results in FILE or the current buffer.
ob-core.el,2123,command,org-babel-next-src-block,missing,,Jump to the next source block.
ob-core.el,2130,command,org-babel-previous-src-block,missing,,Jump to the previous source block.
ob-core.el,2139,command,org-babel-mark-block,missing,,Mark current source block.
ob-core.el,2150,command,org-babel-demarcate-block,missing,,Wrap or split the code in an active region or at point.
ob-core.el,2272,function,org-babel--insert-results-keyword,missing,,Insert RESULTS keyword with NAME value at point.
ob-core.el,2300,function,org-babel--clear-results-maybe,missing,,Clear results when hash doesn't match HASH.
ob-core.el,2329,function,org-babel-where-is-src-block-result,missing,,Find where the current source block results begin.
ob-core.el,2421,function,org-babel-read-element,missing,,Read ELEMENT into emacs-lisp.
ob-core.el,2458,function,org-babel-read-result,missing,,Read the result at point into emacs-lisp.
ob-core.el,2465,function,org-babel-read-table,missing,,Read the table at point into emacs-lisp.
ob-core.el,2472,function,org-babel-read-list,missing,,Read the list at point into emacs-lisp.
ob-core.el,2485,function,org-babel-read-link,missing,,Read the link at point into emacs-lisp.
ob-core.el,2501,function,org-babel-format-result,missing,,Format RESULT for writing to file.
ob-core.el,2513,function,org-babel-insert-result,missing,,Insert RESULT into the current buffer.
ob-core.el,2858,command,org-babel-remove-result,missing,,Remove the result of the current source block.
ob-core.el,2877,command,org-babel-remove-inline-result,missing,,Remove the result of DATUM or the current inline-src-block or babel call.
ob-core.el,2901,command,org-babel-remove-result-one-or-many,missing,,Remove the result of the current source block.
ob-core.el,2912,function,org-babel-result-end,missing,,Return the point at the end of the current set of results.
ob-core.el,2932,function,org-babel-result-to-file,missing,,Convert RESULT into an Org link with optional DESCRIPTION.
ob-core.el,2979,command,org-babel-examplify-region,missing,,Comment out region BEG..END using the inline `==' or `: ' org example quote.
ob-core.el,3015,function,org-babel-update-block-body,missing,,Update the body of the current code block to NEW-BODY.
ob-core.el,3040,function,org-babel-merge-params,missing,,Combine all parameter association lists in ALISTS.
ob-core.el,3153,function,org-babel-noweb-p,missing,,Check if PARAMS require expansion in CONTEXT.
ob-core.el,3168,function,org-babel-expand-noweb-references,missing,,Expand Noweb references in the body of the current source code block.
ob-core.el,3374,function,org-babel--script-escape-inner,missing,,
ob-core.el,3438,function,org-babel-script-escape,missing,,Safely convert tables into elisp lists.
ob-core.el,3467,function,org-babel-read,missing,,Convert the string value of CELL to a number if appropriate.
ob-core.el,3499,function,org-babel--string-to-number,missing,,If STRING represents a number return its value.
ob-core.el,3508,function,org-babel-import-elisp-from-file,missing,,Read the results located at FILE-NAME into an elisp table.
ob-core.el,3541,function,org-babel-string-read,missing,,"Strip nested ""s from around CELL string."
ob-core.el,3549,function,org-babel-chomp,missing,,Strip a trailing space or carriage return from STRING.
ob-core.el,3559,function,org-babel-process-file-name,missing,,Prepare NAME to be used in an external process.
ob-core.el,3589,option,org-babel-remote-temporary-directory,missing,,Directory to hold temporary files on remote hosts.
ob-core.el,3599,macro,org-babel-result-cond,missing,,Call the code to parse raw string results according to RESULT-PARAMS.
ob-core.el,3621,macro,org-babel-temp-directory,missing,,Return temporary directory suitable for `default-directory'.
ob-core.el,3634,function,org-babel-temp-file,missing,,Create a temporary file in the `org-babel-temporary-directory'.
ob-core.el,3644,macro,org-babel-temp-stable-directory,missing,,Return temporary stable directory.
ob-core.el,3649,function,org-babel-temp-stable-file,missing,,Create a temporary file in the `org-babel-remove-temporary-stable-directory'.
ob-core.el,3665,function,org-babel-remove-temporary-directory,missing,,Remove `org-babel-temporary-directory' on Emacs shutdown.
ob-core.el,3687,function,org-babel-remove-temporary-stable-directory,missing,,Remove `org-babel-temporary-stable-directory' and on Emacs shutdown.
ob-core.el,3698,function,org-babel-one-header-arg-safe-p,missing,,Determine if the PAIR is a safe babel header arg according to SAFE-LIST.
ob-core.el,3716,function,org-babel-generate-file-param,missing,,Calculate the filename for source block results.
ob-core.el,3751,function,org-babel-graphical-output-file,missing,,"File where a babel block should send graphical output, per PARAMS."
ob-core.el,3764,function,org-babel-make-language-alias,missing,,Make source blocks of type NEW aliases for those of type OLD.
ob-csharp.el,50,option,org-babel-csharp-compiler,missing,,The program to call for compiling a csharp project.
ob-csharp.el,57,function,org-babel-csharp--default-compile-command,missing,,Construct the default compilation command for C#.
ob-csharp.el,66,function,org-babel-csharp--default-restore-command,missing,,Construct the default restore command for C# projects.
ob-csharp.el,73,function,org-babel-csharp--find-dotnet-version,missing,,Get a list of dotnet major versions from a list of dotnet sdks.
ob-csharp.el,86,option,org-babel-csharp-default-target-framework,missing,,The desired target framework to use.
ob-csharp.el,97,option,org-babel-csharp-generate-compile-command,missing,,A function creating the compile command.
ob-csharp.el,108,option,org-babel-csharp-generate-restore-command,missing,,A function creating a project restore command.
ob-csharp.el,118,option,org-babel-csharp-additional-project-flags,missing,,"Will be passed in the ""PropertyGroup"" defining the project."
ob-csharp.el,127,function,org-babel-csharp--generate-project-file,missing,,Generate the file content to be used in a csproj-file.
ob-csharp.el,148,function,org-babel-csharp--format-usings,missing,,Format USINGS into a string suitable for inclusion in a C# source file.
ob-csharp.el,159,function,org-babel-expand-body:csharp,missing,,Expand a block of C# code in BODY according to PARAMS.
ob-csharp.el,193,function,org-babel-csharp--format-refs,missing,,Format REFS into a string suitable for inclusion in a .csproj file.
ob-csharp.el,247,function,org-babel-execute:csharp,missing,,Execute a block of Csharp code with org-babel.
ob-csharp.el,299,function,org-babel-variable-assignments:csharp,missing,,Return a list of C# variable assignments from header arguments.
ob-css.el,38,function,org-babel-execute:css,missing,,Execute BODY of CSS code.
ob-css.el,43,function,org-babel-prep-session:css,missing,,Return an error if the :session header argument is set.
ob-ditaa.el,90,option,org-ditaa-default-exec-mode,missing,,Method to use for ditaa diagram generation when generating png or svg output.
ob-ditaa.el,104,option,org-ditaa-exec,missing,,File name of the ditaa executable.
ob-ditaa.el,112,option,org-ditaa-java-exec,missing,,Java executable to use when evaluating ditaa blocks using a JAR.
ob-ditaa.el,119,option,org-ditaa-jar-path,missing,,Path to the ditaa.jar file.
ob-ditaa.el,132,option,org-ditaa-eps-jar-path,missing,,Path to the DitaaEps.jar executable.
ob-ditaa.el,145,function,ob-ditaa--ensure-jar-file,missing,,"Return FILE if it exists, signal error otherwise."
ob-ditaa.el,151,function,org-babel-execute:ditaa,missing,,Execute BODY of ditaa code with org-babel according to PARAMS.
ob-ditaa.el,205,function,org-babel-prep-session:ditaa,missing,,Return an error because ditaa does not support sessions.
ob-ditaa.el,,option,org-babel-ditaa-java-cmd,missing,,Java executable to use when evaluating ditaa blocks using a JAR.
ob-dot.el,52,function,org-babel-expand-body:dot,missing,,"Expand BODY according to PARAMS, return the expanded body."
ob-dot.el,74,function,org-babel-execute:dot,missing,,Execute Dot BODY with org-babel according to PARAMS.
ob-dot.el,94,function,org-babel-prep-session:dot,missing,,Return an error because Dot does not support sessions.
ob-emacs-lisp.el,47,function,org-babel-expand-body:emacs-lisp,missing,,"Expand BODY according to PARAMS, return the expanded body."
ob-emacs-lisp.el,64,function,org-babel-execute:emacs-lisp,missing,,Execute emacs-lisp code BODY according to PARAMS.
ob-emacs-lisp.el,94,function,org-babel-emacs-lisp-lexical,missing,,Interpret :lexical source block argument.
ob-emacs-lisp.el,102,function,org-babel-edit-prep:emacs-lisp,missing,,Set `lexical-binding' in Org edit buffer.
ob-emacs-lisp.el,112,function,org-babel-prep-session:emacs-lisp,missing,,Return an error because we do not support sessions.
ob-emacs-lisp.el,,function,org-babel-prep-session:elisp,missing,,Return an error because we do not support sessions.
ob-emacs-lisp.el,,function,org-babel-edit-prep:elisp,missing,,Set `lexical-binding' in Org edit buffer.
ob-emacs-lisp.el,,function,org-babel-expand-body:elisp,missing,,"Expand BODY according to PARAMS, return the expanded body."
ob-emacs-lisp.el,,function,org-babel-execute:elisp,missing,,Execute emacs-lisp code BODY according to PARAMS.
ob-eshell.el,46,function,org-babel-execute:eshell,missing,,Execute a block of Eshell code BODY with PARAMS.
ob-eshell.el,75,function,org-babel-prep-session:eshell,missing,,Prepare SESSION according to the header arguments specified in PARAMS.
ob-eshell.el,85,function,ob-eshell-session-live-p,missing,,Non-nil if Eshell SESSION exists.
ob-eshell.el,89,function,org-babel-eshell-initiate-session,missing,,Initiate a session named SESSION.
ob-eshell.el,97,function,org-babel-variable-assignments:eshell,missing,,Convert ob-eshell variables from PARAMS into Eshell variables assignments.
ob-eshell.el,105,function,org-babel-load-session:eshell,missing,,Load BODY into SESSION with PARAMS.
ob-eval.el,40,function,org-babel-eval-error-notify,missing,,Open a buffer to display STDERR and a message with the value of EXIT-CODE.
ob-eval.el,57,function,org-babel-eval,missing,,Run COMMAND on QUERY.
ob-eval.el,91,function,org-babel-eval-read-file,missing,,Return the contents of FILE as a string.
ob-eval.el,96,function,org-babel--shell-command-on-region,missing,,Execute COMMAND in an inferior shell with region as input.
ob-eval.el,143,function,org-babel--write-temp-buffer-input-file,missing,,Write the contents of the current temp buffer into INPUT-FILE.
ob-eval.el,153,function,org-babel-eval-wipe-error-buffer,missing,,Delete the contents of the Org code block error buffer.
ob-eval.el,160,function,org-babel--get-shell-file-name,missing,,"Return system `shell-file-name', defaulting to /bin/sh."
ob-exp.el,50,option,org-export-use-babel,missing,,Switch controlling code evaluation and header processing during export.
ob-exp.el,63,macro,org-babel-exp--at-source,missing,,Evaluate BODY at the source of the Babel block at point.
ob-exp.el,79,command,org-babel-exp-src-block,missing,,Process source block for export.
ob-exp.el,125,option,org-babel-exp-call-line-template,missing,,Template used to export call lines.
ob-exp.el,142,command,org-babel-exp-process-buffer,missing,,Execute all Babel blocks in current buffer.
ob-exp.el,345,function,org-babel-exp-do-export,missing,,Return a string with the exported content of a code block defined by INFO.
ob-exp.el,370,option,org-babel-exp-code-template,missing,,Template used to export the body of code blocks.
ob-exp.el,391,option,org-babel-exp-inline-code-template,missing,,Template used to export the body of inline code blocks.
ob-exp.el,412,function,org-babel-exp-code,missing,,"Return the original code block of TYPE defined by INFO, formatted for export."
ob-exp.el,446,function,org-babel-exp-results,missing,,Evaluate and return the results of the current code block for export.
ob-forth.el,47,function,org-babel-execute:forth,missing,,Execute Forth BODY according to PARAMS.
ob-forth.el,57,function,org-babel-forth-session-execute,missing,,Execute Forth BODY in session defined via PARAMS.
ob-fortran.el,48,option,org-babel-fortran-compiler,missing,,Fortran command used to compile Fortran source code file.
ob-fortran.el,54,function,org-babel-execute:fortran,missing,,Execute Fortran BODY according to PARAMS.
ob-fortran.el,86,function,org-babel-expand-body:fortran,missing,,Expand a fortran BODY according to its header arguments defined in PARAMS.
ob-fortran.el,126,function,org-babel-fortran-ensure-main-wrap,missing,,"Wrap BODY in a ""program ... end program"" block if none exists."
ob-fortran.el,135,function,org-babel-prep-session:fortran,missing,,Do nothing.
ob-fortran.el,141,function,org-babel-load-session:fortran,missing,,Do nothing.
ob-fortran.el,149,function,org-babel-fortran-var-to-fortran,missing,,Convert PAIR of (VAR . VAL) into a string of fortran code.
ob-fortran.el,181,function,org-babel-fortran-transform-list,missing,,Return a fortran representation of enclose syntactic list VAL.
ob-gnuplot.el,77,option,*org-babel-gnuplot-terms*,missing,,List of file extensions and the associated gnuplot terminal.
ob-gnuplot.el,84,function,org-babel-gnuplot-process-vars,missing,,Extract variables from PARAMS and process the variables.
ob-gnuplot.el,123,function,org-babel-expand-body:gnuplot,missing,,"Expand BODY according to PARAMS, return the expanded body."
ob-gnuplot.el,198,function,org-babel-execute:gnuplot,missing,,Execute Gnuplot BODY according to PARAMS.
ob-gnuplot.el,228,function,org-babel-prep-session:gnuplot,missing,,Prepare SESSION according to the header arguments in PARAMS.
ob-gnuplot.el,241,function,org-babel-load-session:gnuplot,missing,,Load BODY into SESSION.
ob-gnuplot.el,250,function,org-babel-variable-assignments:gnuplot,missing,,Return list of gnuplot statements assigning the block's variables.
ob-gnuplot.el,258,function,org-babel-gnuplot-initiate-session,missing,,Initiate a gnuplot session.
ob-gnuplot.el,269,function,org-babel-gnuplot-quote-timestamp-field,missing,,Convert S from timestamp to Unix time and export to gnuplot.
ob-gnuplot.el,276,function,org-babel-gnuplot-quote-tsv-field,missing,,Quote S for export to gnuplot.
ob-gnuplot.el,290,function,org-babel-gnuplot-table-to-data,missing,,Export TABLE to DATA-FILE in a format readable by gnuplot.
ob-groovy.el,43,option,org-babel-groovy-command,missing,,Name of the command to use for executing Groovy code.
ob-groovy.el,52,function,org-babel-execute:groovy,missing,,Execute Groovy BODY according to PARAMS.
ob-groovy.el,80,function,org-babel-groovy-evaluate,missing,,Evaluate BODY in external Groovy process.
ob-groovy.el,105,function,org-babel-prep-session:groovy,missing,,Prepare SESSION according to the header arguments specified in PARAMS.
ob-groovy.el,109,function,org-babel-groovy-initiate-session,missing,,Do nothing.
ob-haskell.el,68,option,org-babel-haskell-compiler,missing,,Command used to compile a Haskell source code file into an executable.
ob-haskell.el,81,function,org-babel-haskell-with-session--worker,missing,,See `org-babel-haskell-with-session'.
ob-haskell.el,97,macro,org-babel-haskell-with-session,missing,,Get the session identified by PARAMS and run BODY with it.
ob-haskell.el,106,function,org-babel-haskell-execute,missing,,Execute Haskell BODY according to PARAMS.
ob-haskell.el,151,function,org-babel-interpret-haskell,missing,,
ob-haskell.el,210,function,org-babel-execute:haskell,missing,,Execute a block of Haskell code.
ob-haskell.el,224,function,org-babel-haskell-initiate-session,missing,,Initiate a haskell session.
ob-haskell.el,277,function,org-babel-load-session:haskell,missing,,Load BODY into SESSION.
ob-haskell.el,287,function,org-babel-prep-session:haskell,missing,,Prepare SESSION according to the header arguments in PARAMS.
ob-haskell.el,298,function,org-babel-variable-assignments:haskell,missing,,Return list of haskell statements assigning the block's variables.
ob-haskell.el,306,function,org-babel-haskell-var-to-haskell,missing,,Convert an elisp value VAR into a haskell variable.
ob-haskell.el,319,command,org-babel-haskell-export-to-lhs,missing,,Export to a .lhs file with all haskell code blocks escaped.
ob-java.el,65,option,org-babel-java-command,missing,,Name of the java command.
ob-java.el,74,option,org-babel-java-compiler,missing,,Name of the java compiler.
ob-java.el,83,option,org-babel-java-hline-to,missing,,Replace hlines in incoming tables with this when translating to java.
ob-java.el,89,option,org-babel-java-null-to,missing,,Replace `null' in java tables with this before returning.
ob-java.el,177,function,org-babel-execute:java,missing,,Execute a java source block with BODY code and PARAMS params.
ob-java.el,248,function,org-babel-java-find-classname,missing,,Try to find fully qualified class name in BODY.
ob-java.el,262,function,org-babel-java--expand-for-evaluation,missing,,Expand source block for evaluation.
ob-java.el,312,function,org-babel-java--move-past,missing,,Move point past the first occurrence of the given regexp RE.
ob-java.el,317,function,org-babel-java--import-maybe,missing,,Import from PACKAGE the given CLASS if it is used and not already imported.
ob-java.el,329,function,org-babel-expand-body:java,missing,,Expand BODY with PARAMS.
ob-java.el,405,function,org-babel-variable-assignments:java,missing,,Return a list of java statements assigning the block's variables.
ob-java.el,419,function,org-babel-java-var-to-java,missing,,Convert an elisp value to a java variable.
ob-java.el,433,function,org-babel-java-val-to-type,missing,,Determine the type of VAL.
ob-java.el,453,function,org-babel-java-val-to-base-type,missing,,Determine the base type of VAL.
ob-java.el,476,function,org-babel-java-table-or-string,missing,,Convert RESULTS into an appropriate elisp value.
ob-java.el,488,function,org-babel-java-evaluate,missing,,Evaluate using an external java process.
ob-js.el,60,option,org-babel-js-cmd,missing,,Name of command used to evaluate js blocks.
ob-js.el,78,function,org-babel-execute:js,missing,,Execute JavaScript BODY according to PARAMS.
ob-js.el,119,function,org-babel-js-read,missing,,Convert RESULTS into an appropriate elisp value.
ob-js.el,137,function,org-babel-js-var-to-js,missing,,Convert VAR into a js variable.
ob-js.el,145,function,org-babel-prep-session:js,missing,,Prepare SESSION according to the header arguments specified in PARAMS.
ob-js.el,160,function,org-babel-variable-assignments:js,missing,,Return list of JavaScript statements assigning the block's variables.
ob-js.el,168,function,org-babel-js-initiate-session,missing,,If there is not a current inferior-process-buffer in `SESSION' then create.
ob-julia.el,69,option,org-babel-julia-command,missing,,Name of command to use for executing julia code.
ob-julia.el,76,function,org-babel-julia-associate-session,missing,,Associate R code buffer with an R session.
ob-julia.el,85,function,org-babel-expand-body:julia,missing,,"Expand BODY according to PARAMS, return the expanded body."
ob-julia.el,97,function,org-babel-execute:julia,missing,,Execute a block of julia code.
ob-julia.el,117,function,org-babel-normalize-newline,missing,,
ob-julia.el,123,function,org-babel-prep-session:julia,missing,,Prepare SESSION according to the header arguments specified in PARAMS.
ob-julia.el,133,function,org-babel-load-session:julia,missing,,Load BODY into SESSION.
ob-julia.el,144,function,org-babel-variable-assignments:julia,missing,,Return list of julia statements assigning the block's variables.
ob-julia.el,158,function,org-babel-julia-quote-csv-field,missing,,Quote field S for export to julia.
ob-julia.el,164,function,org-babel-julia-assign-elisp,missing,,Construct julia code assigning the elisp VALUE to a variable named NAME.
ob-julia.el,189,function,org-babel-julia-initiate-session,missing,,If there is not a current julia process then create one.
ob-julia.el,218,function,org-babel-julia-graphical-output-file,missing,,Name of file to which julia should send graphical output.
ob-julia.el,259,function,org-babel-julia-evaluate,missing,,Evaluate julia code in BODY.
ob-julia.el,268,function,org-babel-julia-evaluate-external-process,missing,,Evaluate BODY in external julia process.
ob-julia.el,292,function,org-babel-julia-evaluate-session,missing,,Evaluate BODY in SESSION.
ob-julia.el,343,function,org-babel-julia-process-value-result,missing,,Julia-specific processing of return value.
ob-latex.el,72,option,org-babel-latex-htlatex,missing,,The htlatex command to enable conversion of LaTeX to SVG or HTML.
ob-latex.el,77,option,org-babel-latex-preamble,missing,,Closure which evaluates at runtime to the LaTeX preamble.
ob-latex.el,89,option,org-babel-latex-begin-env,missing,,Function that evaluates to the begin part of the document environment.
ob-latex.el,100,option,org-babel-latex-end-env,missing,,Closure which evaluates at runtime to the end part of the document environment.
ob-latex.el,111,option,org-babel-latex-pdf-svg-process,missing,,Command to convert a PDF file to an SVG file.
ob-latex.el,124,option,org-babel-latex-htlatex-packages,missing,,Packages to use for htlatex export.
ob-latex.el,130,option,org-babel-latex-process-alist,missing,,Definitions of external processes for LaTeX result generation.
ob-latex.el,155,function,org-babel-expand-body:latex,missing,,"Expand BODY according to PARAMS, return the expanded body."
ob-latex.el,173,function,org-babel-execute:latex,missing,,Execute LaTeX BODY according to PARAMS.
ob-latex.el,312,function,org-babel-latex-convert-pdf,missing,,Generate OUT-FILE from PDFFILE using imagemagick.
ob-latex.el,321,function,org-babel-latex-tex-to-pdf,missing,,Generate a pdf file according to the contents FILE.
ob-latex.el,326,function,org-babel-prep-session:latex,missing,,Return an error because LaTeX doesn't support sessions.
ob-lilypond.el,81,option,org-babel-lilypond-commands,missing,,Commands to run lilypond and view or play the results.
ob-lilypond.el,132,function,org-babel-expand-body:lilypond,missing,,"Expand BODY according to PARAMS, return the expanded body."
ob-lilypond.el,152,function,org-babel-execute:lilypond,missing,,Execute LilyPond src block according to arrange mode.
ob-lilypond.el,162,command,org-babel-lilypond-tangle,missing,,"Tangle lilypond blocks, then `org-babel-lilypond-execute-tangled-ly'."
ob-lilypond.el,184,function,org-babel-lilypond-process-basic,missing,,Execute a lilypond block in basic mode.
ob-lilypond.el,215,function,org-babel-prep-session:lilypond,missing,,Return an error because LilyPond exporter does not support sessions.
ob-lilypond.el,219,function,org-babel-lilypond-execute-tangled-ly,missing,,Compile result of block tangle with lilypond.
ob-lilypond.el,244,function,org-babel-lilypond-compile-lilyfile,missing,,Compile Lilypond FILENAME and check for compile errors.
ob-lilypond.el,258,function,org-babel-lilypond-check-for-compile-error,missing,,Check for compile error.
ob-lilypond.el,271,function,org-babel-lilypond-process-compile-error,missing,,Process the compilation error that has occurred.
ob-lilypond.el,279,function,org-babel-lilypond-mark-error-line,missing,,Mark the erroneous lines in the lilypond org buffer.
ob-lilypond.el,296,function,org-babel-lilypond-parse-line-num,missing,,Extract error line number in BUFFER or `current-buffer'.
ob-lilypond.el,312,function,org-babel-lilypond-parse-error-line,missing,,Extract the erroneous line from the tangled .ly file.
ob-lilypond.el,326,function,org-babel-lilypond-attempt-to-open-pdf,missing,,Attempt to display the generated pdf file.
ob-lilypond.el,344,function,org-babel-lilypond-attempt-to-play-midi,missing,,Attempt to play the generated MIDI file.
ob-lilypond.el,364,command,org-babel-lilypond-toggle-midi-play,missing,,Toggle whether midi will be played following a successful compilation.
ob-lilypond.el,373,command,org-babel-lilypond-toggle-pdf-display,missing,,Toggle whether pdf will be displayed following a successful compilation.
ob-lilypond.el,382,command,org-babel-lilypond-toggle-png-generation,missing,,Toggle whether png image will be generated by compilation.
ob-lilypond.el,389,command,org-babel-lilypond-toggle-html-generation,missing,,Toggle whether html will be generated by compilation.
ob-lilypond.el,396,command,org-babel-lilypond-toggle-pdf-generation,missing,,Toggle whether pdf will be generated by compilation.
ob-lilypond.el,403,command,org-babel-lilypond-toggle-arrange-mode,missing,,Toggle whether in Arrange mode or Basic mode.
ob-lilypond.el,411,function,org-babel-lilypond-switch-extension,missing,,Utility command to swap current FILE-NAME extension with EXT.
ob-lilypond.el,417,function,org-babel-lilypond-get-header-args,missing,,Default arguments to use when evaluating a lilypond source block.
ob-lilypond.el,429,function,org-babel-lilypond-set-header-args,missing,,Set lilypond babel header according to MODE.
ob-lisp.el,55,option,org-babel-lisp-eval-fn,missing,,The function to be called to evaluate code on the Lisp side.
ob-lisp.el,63,option,org-babel-lisp-dir-fmt,missing,,Format string used to wrap code bodies to set the current directory.
ob-lisp.el,73,function,org-babel-expand-body:lisp,missing,,"Expand BODY according to PARAMS, return the expanded body."
ob-lisp.el,96,function,org-babel-execute:lisp,missing,,Execute a block of Common Lisp code with Babel.
ob-lisp.el,133,function,org-babel-lisp-vector-to-list,missing,,Convert #(...) values in RESULTS string into a (...) list.
ob-lob.el,54,command,org-babel-lob-ingest,missing,,Add all named source blocks defined in FILE to `org-babel-library-of-babel'.
ob-lob.el,74,command,org-babel-lob-execute-maybe,missing,,"Execute a Library of Babel source block, if appropriate."
ob-lob.el,85,function,org-babel-lob--src-info,missing,,Return internal representation for Babel data referenced as REF.
ob-lob.el,122,function,org-babel-lob-get-info,missing,,Return internal representation for Library of Babel function call.
ob-lua.el,42,option,org-babel-lua-command,missing,,Name of the command for executing Lua code.
ob-lua.el,49,option,org-babel-lua-mode,missing,,Preferred Lua mode for use in running Lua interactively.
ob-lua.el,57,option,org-babel-lua-hline-to,missing,,Replace `hlines' in incoming tables with this when translating to Lua.
ob-lua.el,64,option,org-babel-lua-None-to,missing,,Replace `None' in Lua tables with this before returning.
ob-lua.el,71,option,org-babel-lua-multiple-values-separator,missing,,Separate multiple values with this string.
ob-lua.el,77,function,org-babel-execute:lua,missing,,Execute Lua BODY according to PARAMS.
ob-lua.el,103,function,org-babel-variable-assignments:lua,missing,,Return a list of Lua statements assigning the block's variables.
ob-lua.el,113,function,org-babel-lua-var-to-lua,missing,,Convert an Emacs Lisp value to a Lua variable.
ob-lua.el,134,function,org-babel-lua-table-or-string,missing,,Convert RESULTS into an appropriate Emacs Lisp value.
ob-lua.el,216,function,org-babel-lua-evaluate,missing,,Evaluate BODY in external Lua process.
ob-makefile.el,38,function,org-babel-execute:makefile,missing,,Execute makefile BODY.
ob-makefile.el,44,function,org-babel-prep-session:makefile,missing,,Signal error; Make does not support sessions.
ob-maxima.el,50,option,org-babel-maxima-command,missing,,Command used to call maxima on the shell.
ob-maxima.el,83,function,org-babel-maxima-expand,missing,,Expand Maxima BODY according to its header arguments from PARAMS.
ob-maxima.el,124,function,org-babel-maxima--output-filter,missing,,Filter empty or undesired lines from Maxima output.
ob-maxima.el,133,function,org-babel-execute:maxima,missing,,Execute Maxima BODY according to PARAMS.
ob-maxima.el,171,function,org-babel-prep-session:maxima,missing,,Throw an error.  Maxima does not support sessions.
ob-maxima.el,175,function,org-babel-maxima-var-to-maxima,missing,,Convert an elisp variable-value PAIR to maxima code.
ob-maxima.el,186,function,org-babel-maxima-elisp-to-maxima,missing,,Return a string of maxima code which evaluates to VAL.
ob-ocaml.el,57,option,org-babel-ocaml-command,missing,,Name of the command for executing Ocaml code.
ob-ocaml.el,64,function,org-babel-execute:ocaml,missing,,Execute Ocaml BODY according to PARAMS.
ob-ocaml.el,109,function,org-babel-prep-session:ocaml,missing,,Prepare SESSION according to the header arguments in PARAMS.
ob-ocaml.el,122,function,org-babel-variable-assignments:ocaml,missing,,Return list of ocaml statements assigning the block's variables.
ob-ocaml.el,130,function,org-babel-ocaml-elisp-to-ocaml,missing,,Return a string of ocaml code which evaluates to VAL.
ob-ocaml.el,136,function,org-babel-ocaml-parse-output,missing,,Parse VALUE of type TYPE.
ob-ocaml.el,151,function,org-babel-ocaml-read-list,missing,,Convert RESULTS into an elisp table or string.
ob-ocaml.el,161,function,org-babel-ocaml-read-array,missing,,Convert RESULTS into an elisp table or string.
ob-octave.el,72,function,org-babel-execute:matlab,missing,,Execute Matlab BODY according to PARAMS.
ob-octave.el,76,function,org-babel-execute:octave,missing,,Execute Octave or Matlab BODY according to PARAMS.
ob-octave.el,108,function,org-babel-prep-session:matlab,missing,,Prepare SESSION according to PARAMS.
ob-octave.el,112,function,org-babel-variable-assignments:octave,missing,,Return list of octave statements assigning the block's variables.
ob-octave.el,122,function,org-babel-variable-assignments:matlab,missing,,Return list of octave statements assigning the block's variables.
ob-octave.el,125,function,org-babel-octave-var-to-octave,missing,,Convert an emacs-lisp VALUE into an octave variable.
ob-octave.el,138,function,org-babel-prep-session:octave,missing,,Prepare SESSION according to the header arguments specified in PARAMS.
ob-octave.el,150,function,org-babel-matlab-initiate-session,missing,,Create a matlab inferior process buffer.
ob-octave.el,156,function,org-babel-octave-initiate-session,missing,,Create an octave inferior process buffer.
ob-octave.el,176,function,org-babel-octave-evaluate,missing,,Pass BODY to the octave process in SESSION.
ob-octave.el,186,function,org-babel-octave-evaluate-external-process,missing,,Evaluate BODY in an external Octave or Matalab process.
ob-octave.el,202,function,org-babel-octave-evaluate-session,missing,,Evaluate BODY in SESSION.
ob-octave.el,260,function,org-babel-octave-import-elisp-from-file,missing,,Import data from FILE-NAME.
ob-org.el,47,function,org-babel-expand-body:org,missing,,Expand Org BODY according to PARAMS.
ob-org.el,63,function,org-babel-execute:org,missing,,Execute a Org BODY according to PARAMS.
ob-org.el,78,function,org-babel-prep-session:org,missing,,Return an error because org does not support sessions.
ob-perl.el,45,function,org-babel-execute:perl,missing,,Execute a block of Perl code with Babel.
ob-perl.el,61,function,org-babel-prep-session:perl,missing,,Prepare SESSION according to the header arguments in PARAMS.
ob-perl.el,65,function,org-babel-variable-assignments:perl,missing,,Return list of perl statements assigning the block's variables.
ob-perl.el,78,function,org-babel-perl--var-to-perl,missing,,Convert an elisp value to a perl variable.
ob-perl.el,99,function,org-babel-perl-initiate-session,missing,,Return nil because sessions are not supported by perl.
ob-perl.el,132,function,org-babel-perl-evaluate,missing,,Pass BODY to the Perl process in SESSION.
ob-plantuml.el,47,option,org-plantuml-jar-path,missing,,Path to the plantuml.jar file.
ob-plantuml.el,53,option,org-plantuml-exec-mode,missing,,Method to use for PlantUML diagram generation.
ob-plantuml.el,66,option,org-plantuml-executable-path,missing,,File name of the PlantUML executable.
ob-plantuml.el,72,option,org-plantuml-args,missing,,The arguments passed to plantuml when executing PlantUML.
ob-plantuml.el,78,option,org-babel-plantuml-svg-text-to-path,missing,,"When non-nil, export text in SVG images to paths using Inkscape."
ob-plantuml.el,84,function,org-babel-variable-assignments:plantuml,missing,,Return a list of PlantUML statements assigning the block's variables.
ob-plantuml.el,96,function,org-babel-plantuml-make-body,missing,,Return PlantUML input string.
ob-plantuml.el,149,function,org-babel-execute:plantuml,missing,,Execute a block of plantuml code with org-babel.
ob-plantuml.el,210,function,org-babel-prep-session:plantuml,missing,,Return an error because plantuml does not support sessions.
ob-processing.el,77,command,org-babel-processing-view-sketch,missing,,Show the sketch of the Processing block under point in an external viewer.
ob-processing.el,119,function,org-babel-execute:processing,missing,,Execute Processing code BODY according to PARAMS.
ob-processing.el,140,function,org-babel-prep-session:processing,missing,,Return an error if the :session header argument is set.
ob-processing.el,145,function,org-babel-variable-assignments:processing,missing,,Return list of processing statements assigning the block's variables.
ob-processing.el,151,function,org-babel-processing-var-to-processing,missing,,Convert an elisp value into a Processing variable.
ob-processing.el,181,function,org-babel-processing-define-type,missing,,Determine type of DATA.
ob-python.el,52,option,org-babel-python-command,missing,,Command (including arguments) for interactive and non-interactive Python code.
ob-python.el,60,option,org-babel-python-command-session,missing,,Command (including arguments) for starting interactive Python sessions.
ob-python.el,70,option,org-babel-python-command-nonsession,missing,,Command (including arguments) for executing non-interactive Python code.
ob-python.el,77,option,org-babel-python-hline-to,missing,,Replace hlines in incoming tables with this when translating to python.
ob-python.el,83,option,org-babel-python-None-to,missing,,Replace `None' in python tables with this before returning.
ob-python.el,89,function,org-babel-python-associate-session,missing,,Associate Python code buffer with an Python session.
ob-python.el,95,function,org-babel-execute:python,missing,,Execute Python BODY according to PARAMS.
ob-python.el,128,function,org-babel-prep-session:python,missing,,Prepare SESSION according to the header arguments in PARAMS.
ob-python.el,141,function,org-babel-load-session:python,missing,,Load BODY into SESSION.
ob-python.el,184,function,org-babel-variable-assignments:python,missing,,Return a list of Python statements assigning the block's variables.
ob-python.el,194,function,org-babel-python-var-to-python,missing,,Convert an elisp value to a python variable.
ob-python.el,206,function,org-babel-python-table-or-string,missing,,Convert RESULTS into an appropriate elisp value.
ob-python.el,223,function,org-babel-python-session-buffer,missing,,Return the buffer associated with SESSION.
ob-python.el,227,function,org-babel-python-with-earmuffs,missing,,"Return SESSION name as string, ensuring *...* around."
ob-python.el,235,function,org-babel-python-without-earmuffs,missing,,"Return SESSION name as string, without *...* around."
ob-python.el,243,function,org-babel-session-buffer:python,missing,,Return session buffer name for SESSION.
ob-python.el,248,function,org-babel-python--python-util-comint-end-of-output-p,missing,,Return non-nil if the last prompt matches input prompt.
ob-python.el,257,function,org-babel-python--command,missing,,Helper function to return the Python command.
ob-python.el,273,function,org-babel-python--setup-session,missing,,"Babel Python session setup code, to be run once per session."
ob-python.el,280,function,org-babel-python-initiate-session-by-key,missing,,Initiate a python session.
ob-python.el,336,function,org-babel-python-initiate-session,missing,,Initiate Python session named SESSION according to PARAMS.
ob-python.el,350,function,org-babel-python-format-session-value,missing,,Return Python code to evaluate SRC-FILE and write result to RESULT-FILE.
ob-python.el,360,function,org-babel-python-evaluate,missing,,Evaluate BODY as Python code.
ob-python.el,372,function,org-babel-python--shift-right,missing,,
ob-python.el,385,function,org-babel-python-evaluate-external-process,missing,,Evaluate BODY in external python process.
ob-python.el,419,function,org-babel-python-send-string,missing,,Pass BODY to the Python process in SESSION.
ob-python.el,439,function,org-babel-python-evaluate-session,missing,,Pass BODY to the Python process in SESSION.
ob-python.el,472,function,org-babel-python-read-string,missing,,Strip \='s from around Python STRING.
ob-python.el,483,function,org-babel-python-async-value-callback,missing,,
ob-python.el,490,function,org-babel-python-async-evaluate-session,missing,,Asynchronously evaluate BODY in SESSION.
ob-ref.el,73,function,org-babel-ref-parse,missing,,Parse a variable ASSIGNMENT in a header argument.
ob-ref.el,99,function,org-babel-ref-goto-headline-id,missing,,
ob-ref.el,112,function,org-babel-ref-headline-body,missing,,
ob-ref.el,122,function,org-babel-ref-resolve,missing,,Resolve the reference REF and return its value.
ob-ref.el,207,function,org-babel-ref-index-list,missing,,Return the subset of LIS indexed by INDEX.
ob-ref.el,246,function,org-babel-ref-split-args,missing,,Split ARG-STRING into top-level arguments of balanced parenthesis.
ob-ruby.el,61,option,org-babel-ruby-hline-to,missing,,Replace hlines in incoming tables with this when translating to ruby.
ob-ruby.el,68,option,org-babel-ruby-nil-to,missing,,Replace nil in ruby tables with this before returning.
ob-ruby.el,75,function,org-babel-execute:ruby,missing,,Execute Ruby BODY according to PARAMS.
ob-ruby.el,104,function,org-babel-prep-session:ruby,missing,,Prepare SESSION according to the header arguments specified in PARAMS.
ob-ruby.el,118,function,org-babel-load-session:ruby,missing,,Load BODY into SESSION.
ob-ruby.el,129,function,org-babel-variable-assignments:ruby,missing,,Return list of ruby statements assigning the block's variables.
ob-ruby.el,139,function,org-babel-ruby-var-to-ruby,missing,,Convert VAR into a ruby variable.
ob-ruby.el,149,function,org-babel-ruby-table-or-string,missing,,Convert RESULTS into an appropriate elisp value.
ob-ruby.el,166,function,org-babel-ruby-initiate-session,missing,,Initiate a ruby session.
ob-ruby.el,234,function,org-babel-ruby-evaluate,missing,,Pass BODY to the Ruby process in BUFFER.
ob-sass.el,49,function,org-babel-execute:sass,missing,,Execute a block of Sass code with Babel.
ob-sass.el,66,function,org-babel-prep-session:sass,missing,,Raise an error because sass does not support sessions.
ob-scheme.el,71,option,org-babel-scheme-null-to,missing,,Replacement for `()' and `null' in tabulated Scheme results.
ob-scheme.el,84,function,org-babel-scheme-expand-header-arg-vars,missing,,Expand :var header arguments given as VARS.
ob-scheme.el,92,function,org-babel-expand-body:scheme,missing,,"Expand BODY according to PARAMS, return the expanded body."
ob-scheme.el,106,function,org-babel-scheme-cleanse-repl-map,missing,,Remove dead buffers from the REPL map.
ob-scheme.el,112,function,org-babel-scheme-get-session-buffer,missing,,Look up the scheme buffer for a session; return nil if it doesn't exist.
ob-scheme.el,117,function,org-babel-scheme-set-session-buffer,missing,,Record the scheme buffer used for a given session.
ob-scheme.el,121,function,org-babel-scheme-get-buffer-impl,missing,,Return the scheme implementation geiser associates with the buffer.
ob-scheme.el,126,function,org-babel-scheme-get-repl,missing,,"Switch to a Scheme REPL, creating it if it doesn't exist."
ob-scheme.el,149,function,org-babel-scheme-make-session-name,missing,,Generate a NAME for the session BUFFER.
ob-scheme.el,162,macro,org-babel-scheme-capture-current-message,missing,,Capture current message in both interactive and noninteractive mode.
ob-scheme.el,178,function,org-babel-scheme-execute-with-geiser,missing,,Execute code in specified REPL.
ob-scheme.el,234,function,org-babel-scheme--table-or-string,missing,,Convert RESULTS into an appropriate Elisp value.
ob-scheme.el,247,function,org-babel-scheme--get-impl,missing,,Return Scheme implementation to be used according to PARAMS.
ob-scheme.el,255,function,org-babel-execute:scheme,missing,,Execute a block of Scheme code with org-babel.
ob-scheme.el,290,function,org-babel-scheme-initiate-session,missing,,Return scheme buffer for SESSION according to PARAMS.
ob-scheme.el,303,function,org-babel-prep-session:scheme,missing,,Prepare SESSION according to header arguments in PARAMS.
ob-scheme.el,313,function,org-babel-load-session:scheme,missing,,Load BODY into SESSION.
ob-screen.el,52,function,org-babel-execute:screen,missing,,"Send BODY via screen to a terminal using Babel, according to PARAMS."
ob-screen.el,62,function,org-babel-prep-session:screen,missing,,Prepare SESSION according to the header arguments specified in PARAMS.
ob-screen.el,79,function,org-babel-screen-session-execute-string,missing,,"If SESSION exists, send BODY to it."
ob-screen.el,90,function,org-babel-screen-session-socketname,missing,,"Check if SESSION exists by parsing output of ""screen -ls""."
ob-screen.el,110,function,org-babel-screen-session-write-temp-file,missing,,Save BODY in a temp file that is named after SESSION.
ob-screen.el,122,command,org-babel-screen-test,missing,,Test if the default setup works.
ob-sed.el,63,function,org-babel-execute:sed,missing,,Execute a block of sed code with Org Babel.
ob-shell.el,53,option,org-babel-shell-names,missing,,List of names of shell supported by babel shell code blocks.
ob-shell.el,76,command,org-babel-shell-initialize,missing,,Define execution functions associated to shell names.
ob-shell.el,132,option,org-babel-shell-results-defaults-to-output,missing,,"Let shell execution defaults to "":results output""."
ob-shell.el,145,function,org-babel-execute:shell,missing,,Execute Shell BODY according to PARAMS.
ob-shell.el,171,function,org-babel-prep-session:shell,missing,,Prepare SESSION according to the header arguments specified in PARAMS.
ob-shell.el,182,function,org-babel-load-session:shell,missing,,Load BODY into SESSION.
ob-shell.el,193,function,org-babel--variable-assignments:sh-generic,missing,,Return a list of statements declaring the values as a generic variable.
ob-shell.el,198,function,org-babel--variable-assignments:fish,missing,,Return a list of statements declaring the values as a fish variable.
ob-shell.el,203,function,org-babel--variable-assignments:bash_array,missing,,Return a list of statements declaring the values as a bash array.
ob-shell.el,213,function,org-babel--variable-assignments:bash_assoc,missing,,Return a list of statements declaring the values as bash associative array.
ob-shell.el,227,function,org-babel--variable-assignments:bash,missing,,Represent the parameters as useful Bash shell variables.
ob-shell.el,237,function,org-babel-variable-assignments:shell,missing,,Return list of shell statements assigning the block's variables.
ob-shell.el,255,function,org-babel-sh-var-to-sh,missing,,Convert an elisp value to a shell variable.
ob-shell.el,264,function,org-babel-sh-var-to-string,missing,,Convert an elisp value to a string.
ob-shell.el,291,function,org-babel-shell-initiate-session,missing,,Initiate a session named SESSION according to PARAMS.
ob-shell.el,292,function,org-babel-sh-initiate-session,missing,,Initiate a session named SESSION according to PARAMS.
ob-shell.el,330,function,ob-shell-async-chunk-callback,missing,,Filter applied to results before insertion.
ob-shell.el,335,function,org-babel-sh-evaluate,missing,,Pass BODY to the Shell process in BUFFER.
ob-shell.el,438,function,org-babel-sh-strip-weird-long-prompt,missing,,Remove prompt cruft from a string of shell output.
ob-shell.el,,function,org-babel-execute:ksh,missing,,Execute a block of ksh commands with Babel.
ob-shell.el,,function,org-babel-execute:mksh,missing,,Execute a block of mksh commands with Babel.
ob-shell.el,,function,org-babel-prep-session:bash,missing,,Prepare bash SESSION according to the header arguments specified in PARAMS.
ob-shell.el,,function,org-babel-prep-session:fish,missing,,Prepare fish SESSION according to the header arguments specified in PARAMS.
ob-shell.el,,function,org-babel-ash-initiate-session,missing,,Initiate ash session named SESSION.
ob-shell.el,,function,org-babel-variable-assignments:csh,missing,,Return list of csh statements assigning to the block's variables.
ob-shell.el,,function,org-babel-variable-assignments:posh,missing,,Return list of posh statements assigning to the block's variables.
ob-shell.el,,function,org-babel-execute:fish,missing,,Execute a block of fish commands with Babel.
ob-shell.el,,function,org-babel-execute:sh,missing,,Execute a block of sh commands with Babel.
ob-shell.el,,function,org-babel-prep-session:csh,missing,,Prepare csh SESSION according to the header arguments specified in PARAMS.
ob-shell.el,,function,org-babel-zsh-initiate-session,missing,,Initiate zsh session named SESSION.
ob-shell.el,,function,org-babel-variable-assignments:zsh,missing,,Return list of zsh statements assigning to the block's variables.
ob-shell.el,,function,org-babel-variable-assignments:ash,missing,,Return list of ash statements assigning to the block's variables.
ob-shell.el,,function,org-babel-variable-assignments:bash,missing,,Return list of bash statements assigning to the block's variables.
ob-shell.el,,function,org-babel-execute:csh,missing,,Execute a block of csh commands with Babel.
ob-shell.el,,function,org-babel-execute:zsh,missing,,Execute a block of zsh commands with Babel.
ob-shell.el,,function,org-babel-prep-session:sh,missing,,Prepare sh SESSION according to the header arguments specified in PARAMS.
ob-shell.el,,function,org-babel-variable-assignments:ksh,missing,,Return list of ksh statements assigning to the block's variables.
ob-shell.el,,function,org-babel-dash-initiate-session,missing,,Initiate dash session named SESSION.
ob-shell.el,,function,org-babel-variable-assignments:sh,missing,,Return list of sh statements assigning to the block's variables.
ob-shell.el,,function,org-babel-fish-initiate-session,missing,,Initiate fish session named SESSION.
ob-shell.el,,function,org-babel-posh-initiate-session,missing,,Initiate posh session named SESSION.
ob-shell.el,,function,org-babel-execute:dash,missing,,Execute a block of dash commands with Babel.
ob-shell.el,,function,org-babel-execute:posh,missing,,Execute a block of posh commands with Babel.
ob-shell.el,,function,org-babel-variable-assignments:mksh,missing,,Return list of mksh statements assigning to the block's variables.
ob-shell.el,,function,org-babel-variable-assignments:fish,missing,,Return list of fish statements assigning to the block's variables.
ob-shell.el,,function,org-babel-prep-session:ash,missing,,Prepare ash SESSION according to the header arguments specified in PARAMS.
ob-shell.el,,function,org-babel-mksh-initiate-session,missing,,Initiate mksh session named SESSION.
ob-shell.el,,function,org-babel-variable-assignments:dash,missing,,Return list of dash statements assigning to the block's variables.
ob-shell.el,,function,org-babel-prep-session:ksh,missing,,Prepare ksh SESSION according to the header arguments specified in PARAMS.
ob-shell.el,,function,org-babel-csh-initiate-session,missing,,Initiate csh session named SESSION.
ob-shell.el,,function,org-babel-prep-session:mksh,missing,,Prepare mksh SESSION according to the header arguments specified in PARAMS.
ob-shell.el,,function,org-babel-execute:bash,missing,,Execute a block of bash commands with Babel.
ob-shell.el,,function,org-babel-execute:ash,missing,,Execute a block of ash commands with Babel.
ob-shell.el,,function,org-babel-bash-initiate-session,missing,,Initiate bash session named SESSION.
ob-shell.el,,function,org-babel-prep-session:zsh,missing,,Prepare zsh SESSION according to the header arguments specified in PARAMS.
ob-shell.el,,function,org-babel-ksh-initiate-session,missing,,Initiate ksh session named SESSION.
ob-shell.el,,function,org-babel-prep-session:posh,missing,,Prepare posh SESSION according to the header arguments specified in PARAMS.
ob-shell.el,,function,org-babel-prep-session:dash,missing,,Prepare dash SESSION according to the header arguments specified in PARAMS.
ob-sql.el,99,function,org-babel-expand-body:sql,missing,,Expand BODY according to the values of PARAMS.
ob-sql.el,110,function,org-babel-edit-prep:sql,missing,,Set `sql-product' in Org edit buffer.
ob-sql.el,117,function,org-babel-sql-dbstring-mysql,missing,,Make MySQL cmd line args for database connection.  Pass nil to omit that arg.
ob-sql.el,129,function,org-babel-sql-dbstring-postgresql,missing,,Make PostgreSQL command line args for database connection.
ob-sql.el,141,function,org-babel-sql-dbstring-oracle,missing,,Make Oracle command line arguments for database connection.
ob-sql.el,165,function,org-babel-sql-dbstring-mssql,missing,,Make sqlcmd command line args for database connection.
ob-sql.el,177,function,org-babel-sql-dbstring-sqsh,missing,,Make sqsh command line args for database connection.
ob-sql.el,188,function,org-babel-sql-dbstring-vertica,missing,,Make Vertica command line args for database connection.
ob-sql.el,200,function,org-babel-sql-dbstring-saphana,missing,,Make SAP HANA command line args for database connection.
ob-sql.el,216,function,org-babel-sql-convert-standard-filename,missing,,Convert FILE to OS standard file name.
ob-sql.el,226,function,org-babel-find-db-connection-param,missing,,Return database connection parameter NAME.
ob-sql.el,246,function,org-babel-execute:sql,missing,,Execute a block of Sql code with Babel.
ob-sql.el,401,function,org-babel-sql-expand-vars,missing,,Expand the variables held in VARS in BODY.
ob-sql.el,431,function,org-babel-prep-session:sql,missing,,Raise an error because Sql sessions aren't implemented.
ob-sqlite.el,58,function,org-babel-expand-body:sqlite,missing,,Expand BODY according to the values of PARAMS.
ob-sqlite.el,71,function,org-babel-execute:sqlite,missing,,Execute Sqlite BODY according to PARAMS.
ob-sqlite.el,127,function,org-babel-sqlite-expand-vars,missing,,Expand the variables held in VARS in BODY.
ob-sqlite.el,132,function,org-babel-sqlite-table-or-scalar,missing,,Cleanup cells in the RESULT table.
ob-sqlite.el,144,function,org-babel-sqlite-offset-colnames,missing,,If HEADERS-P is non-nil then offset the first row as column names in TABLE.
ob-sqlite.el,150,function,org-babel-prep-session:sqlite,missing,,Raise an error because support for SQLite sessions isn't implemented.
ob-sqlite.el,155,function,org-babel-sqlite--read-cell,missing,,Process CELL to remove unnecessary characters.
ob-table.el,63,function,org-babel-table-truncate-at-newline,missing,,Replace newline character with ellipses.
ob-table.el,72,macro,org-sbe,missing,,Return the results of calling SOURCE-BLOCK with VARIABLES.
ob-tangle.el,58,option,org-babel-tangle-lang-exts,missing,,Alist mapping languages to their file extensions.
ob-tangle.el,75,option,org-babel-tangle-use-relative-file-links,missing,,Use relative path names in links from tangled source back to the Org file.
ob-tangle.el,84,option,org-babel-post-tangle-hook,missing,,Hook run in code files tangled by `org-babel-tangle'.
ob-tangle.el,90,option,org-babel-pre-tangle-hook,missing,,Hook run at the beginning of `org-babel-tangle' in the original buffer.
ob-tangle.el,96,option,org-babel-tangle-body-hook,missing,,Hook run over the contents of each code block body.
ob-tangle.el,102,option,org-babel-tangle-finished-hook,missing,,Hook run at the very end of `org-babel-tangle' in the original buffer.
ob-tangle.el,109,option,org-babel-tangle-comment-format-beg,missing,,Format of inserted comments in tangled code files.
ob-tangle.el,129,option,org-babel-tangle-comment-format-end,missing,,Format of inserted comments in tangled code files.
ob-tangle.el,149,option,org-babel-tangle-uncomment-comments,missing,,Inhibits automatic commenting and addition of trailing newline
ob-tangle.el,157,option,org-babel-process-comment-text,missing,,Function called to process raw Org text collected to be
ob-tangle.el,166,option,org-babel-tangle-default-file-mode,missing,,"The default mode, an integer value, only used when the :tangle-mode"
ob-tangle.el,175,option,org-babel-tangle-remove-file-before-write,missing,,How to overwrite the existing tangle target.
ob-tangle.el,192,option,org-tangle-with-archived-trees,missing,,"When non-nil, include code blocks under archived subtrees during tangling."
ob-tangle.el,198,function,org-babel-find-file-noselect-refresh,missing,,Find file ensuring that the latest changes on disk are represented in the file.
ob-tangle.el,204,macro,org-babel-with-temp-filebuffer,missing,,Open FILE into a temporary buffer execute BODY there like
ob-tangle.el,224,command,org-babel-tangle-file,missing,,Extract the bodies of source code blocks in FILE.
ob-tangle.el,241,function,org-babel-tangle-publish,missing,,Tangle FILENAME and copy the tangled file to PUB-DIR.
ob-tangle.el,250,command,org-babel-tangle,missing,,Write code blocks to source-specific files.
ob-tangle.el,384,function,org-babel-interpret-file-mode,missing,,Determine the integer representation of a file MODE specification.
ob-tangle.el,414,command,org-babel-tangle-clean,missing,,Remove comments inserted by `org-babel-tangle'.
ob-tangle.el,428,function,org-babel-spec-to-string,missing,,Insert SPEC into the current file.
ob-tangle.el,473,function,org-babel-effective-tangled-filename,missing,,Return effective tangled absolute filename of a source-code block.
ob-tangle.el,492,function,org-babel-tangle-collect-blocks,missing,,Collect source blocks in the current Org file.
ob-tangle.el,538,function,org-babel-tangle--unbracketed-link,missing,,"Get a raw link to the src block at point, without brackets."
ob-tangle.el,561,function,org-babel-tangle--compute-targets,missing,,Compute the list of target file paths for tangling a source block.
ob-tangle.el,595,function,org-babel-tangle-single-block,missing,,Collect the tangled source for current block.
ob-tangle.el,680,function,org-babel-tangle-comment-links,missing,,Return a list of begin and end link comments for the code block at point.
ob-tangle.el,696,command,org-babel-detangle,missing,,Propagate changes from current source buffer back to the original Org file.
ob-tangle.el,722,command,org-babel-tangle-jump-to-org,missing,,Jump from a tangled code file to the related Org mode file.
oc-basic.el,101,option,org-cite-basic-sorting-field,missing,,"Field used to sort bibliography items as a symbol, or nil."
oc-basic.el,108,option,org-cite-basic-author-year-separator,missing,,String used to separate cites in an author-year configuration.
oc-basic.el,115,option,org-cite-basic-max-key-distance,missing,,Maximum (Levenshtein) distance between a wrong key and its suggestions.
oc-basic.el,122,option,org-cite-basic-author-column-end,missing,,"Column where author field ends in completion table, as an integer."
oc-basic.el,129,option,org-cite-basic-column-separator,missing,,"Column separator in completion table, as a string."
oc-basic.el,136,option,org-cite-basic-mouse-over-key-face,missing,,Face used when mouse is over a citation key.
oc-basic.el,143,option,org-cite-basic-complete-key-crm-separator,missing,,"When non-nil, use `completing-read-multiple' with this as the separator."
oc-basic.el,190,function,org-cite-basic--parse-json,missing,,Parse JSON entries in the current buffer.
oc-basic.el,256,function,org-cite-basic--parse-bibtex,missing,,Parse BibTeX entries in the current buffer.
oc-basic.el,292,function,org-cite-basic--parse-bibliography,missing,,List all entries available in the buffer.
oc-basic.el,341,function,org-cite-basic--key-number,missing,,Return number associated to cited KEY.
oc-basic.el,348,function,org-cite-basic--all-keys,missing,,List all keys available in current bibliography.
oc-basic.el,354,function,org-cite-basic--get-entry,missing,,"Return BibTeX entry for KEY, as an association list."
oc-basic.el,363,function,org-cite-basic--get-field,missing,,"Return FIELD value for ENTRY-OR-KEY, or nil."
oc-basic.el,394,function,org-cite-basic--shorten-names,missing,,Return a list of family names from a list of full NAMES.
oc-basic.el,418,function,org-cite-basic--number-to-suffix,missing,,Compute suffix associated to number N.
oc-basic.el,434,function,org-cite-basic--get-author,missing,,Return author associated to ENTRY-OR-KEY.
oc-basic.el,445,function,org-cite-basic--get-year,missing,,Return year associated to ENTRY-OR-KEY.
oc-basic.el,500,function,org-cite-basic--print-bibtex-string,missing,,"Print Bibtex formatted string ELEMENT, according to Bibtex syntax."
oc-basic.el,532,function,org-cite-basic--print-entry,missing,,Format ENTRY according to STYLE string.
oc-basic.el,569,function,org-cite-basic--close-keys,missing,,List cite keys close to KEY in terms of string distance.
oc-basic.el,576,function,org-cite-basic--set-keymap,missing,,Set keymap on citation key between BEG and END positions.
oc-basic.el,602,function,org-cite-basic-activate,missing,,Set various text properties on CITATION object.
oc-basic.el,648,function,org-cite-basic--format-author-year,missing,,Format CITATION object according to author-year format.
oc-basic.el,677,function,org-cite-basic--citation-numbers,missing,,Return numbers associated to references in CITATION object.
oc-basic.el,703,function,org-cite-basic--field-less-p,missing,,Return a sort predicate comparing FIELD values for two citation keys.
oc-basic.el,713,function,org-cite-basic--sort-keys,missing,,Sort KEYS by author name.
oc-basic.el,721,function,org-cite-basic-export-citation,missing,,Export CITATION object.
oc-basic.el,807,function,org-cite-basic-export-bibliography,missing,,Generate bibliography.
oc-basic.el,828,function,org-cite-basic-goto,missing,,Follow citation or citation reference DATUM.
oc-basic.el,862,function,org-cite-basic--complete-style,missing,,Offer completion for style.
oc-basic.el,873,function,org-cite-basic--key-completion-table,missing,,"Return completion table for cite keys, as a hash table."
oc-basic.el,912,function,org-cite-basic--complete-key-dynamic-crm-separator,missing,,Return a repeated version of SEPARATOR as needed.
oc-basic.el,933,function,org-cite-basic--crm-indicate-prompt,missing,,Return annotated ORIG-PROMPT with `crm-separator'.
oc-basic.el,945,function,org-cite-basic--complete-key,missing,,Prompt for a reference key and return a citation reference string.
oc-biblatex.el,79,option,org-cite-biblatex-options,missing,,"Options added to ""biblatex"" package."
oc-biblatex.el,90,option,org-cite-biblatex-styles,missing,,"List of styles and variants, with associated BibLaTeX commands."
oc-biblatex.el,160,option,org-cite-biblatex-style-shortcuts,missing,,List of shortcuts associated to style or variant names.
oc-biblatex.el,186,function,org-cite-biblatex--package-options,missing,,"Return options string for ""biblatex"" package."
oc-biblatex.el,217,function,org-cite-biblatex--multicite-p,missing,,"Non-nil when citation could make use of a ""multicite"" command."
oc-biblatex.el,226,function,org-cite-biblatex--atomic-arguments,missing,,Build argument for the list of citation REFERENCES.
oc-biblatex.el,250,function,org-cite-biblatex--multi-arguments,missing,,"Build ""multicite"" command arguments for CITATION object."
oc-biblatex.el,271,function,org-cite-biblatex--command,missing,,Return BibLaTeX command NAME for CITATION object.
oc-biblatex.el,286,function,org-cite-biblatex--expand-shortcuts,missing,,Return STYLE pair with shortcuts expanded.
oc-biblatex.el,298,function,org-cite-biblatex-list-styles,missing,,List styles and variants supported in `biblatex' citation processor.
oc-biblatex.el,318,function,org-cite-biblatex-export-bibliography,missing,,Print references from bibliography.
oc-biblatex.el,341,function,org-cite-biblatex-export-citation,missing,,Export CITATION object.
oc-biblatex.el,382,function,org-cite-biblatex-prepare-preamble,missing,,"Prepare document preamble for ""biblatex"" usage."
oc-bibtex.el,48,option,org-cite-bibtex-bibliography-style,missing,,Default BibTeX bibliography style.
oc-bibtex.el,78,function,org-cite-bibtex-export-bibliography,missing,,Print references from bibliography FILES.
oc-bibtex.el,89,function,org-cite-bibtex-export-citation,missing,,Export CITATION object.
oc-csl.el,150,option,org-cite-csl-locales-dir,missing,,Directory of CSL locale files.
oc-csl.el,162,option,org-cite-csl-styles-dir,missing,,Directory of CSL style files.
oc-csl.el,178,option,org-cite-csl-link-cites,missing,,"When non-nil, link cites to references."
oc-csl.el,185,option,org-cite-csl-no-citelinks-backends,missing,,List of export backends for which cite linking is disabled.
oc-csl.el,194,option,org-cite-csl-html-hanging-indent,missing,,Size of hanging-indent for HTML output in valid CSS units.
oc-csl.el,201,option,org-cite-csl-html-label-width-per-char,missing,,Character width in CSS units for calculating entry label widths.
oc-csl.el,209,option,org-cite-csl-latex-hanging-indent,missing,,Size of hanging-indent for LaTeX output in valid LaTeX units.
oc-csl.el,216,option,org-cite-csl-latex-label-separator,missing,,Distance between citation label and bibliography item for LaTeX output.
oc-csl.el,242,option,org-cite-csl-latex-label-width-per-char,missing,,Character width in LaTeX units for calculating entry label widths.
oc-csl.el,257,option,org-cite-csl-latex-preamble,missing,,LaTeX preamble content inserted by the `csl' citation processor.
oc-csl.el,322,option,org-cite-csl-bibtex-titles-to-sentence-case,missing,,Convert bibtex title fields to sentence-case by default.
oc-csl.el,443,function,org-cite-csl--note-style-p,missing,,Non-nil when bibliography style implies wrapping citations in footnotes.
oc-csl.el,450,function,org-cite-csl--style-cite-superscript-p,missing,,Non-nil when bibliography style produces citations in superscript.
oc-csl.el,457,function,org-cite-csl--nocite-p,missing,,Non-nil when CITATION object's style is nocite.
oc-csl.el,463,function,org-cite-csl--create-structure-params,missing,,Return citeproc structure creation params for CITATION object.
oc-csl.el,525,function,org-cite-csl--no-citelinks-p,missing,,Non-nil when export backend should not create cite-reference links.
oc-csl.el,539,function,org-cite-csl--output-format,missing,,Return expected Citeproc's output format.
oc-csl.el,550,function,org-cite-csl--style-file,missing,,Return style file associated to current export process.
oc-csl.el,571,function,org-cite-csl--locale-getter,missing,,Return a locale getter.
oc-csl.el,585,function,org-cite-csl--processor,missing,,Return Citeproc processor reading items from current bibliography.
oc-csl.el,605,function,org-cite-csl--parse-reference,missing,,Return Citeproc's structure associated to citation REFERENCE.
oc-csl.el,673,function,org-cite-csl--create-structure,missing,,Create Citeproc structure for CITATION object.
oc-csl.el,714,function,org-cite-csl--rendered-citations,missing,,Return the rendered citations as an association list.
oc-csl.el,752,function,org-cite-csl--bibliography-filter,missing,,Return the sub-bibliography filter corresponding to bibliography properties.
oc-csl.el,773,function,org-cite-csl--rendered-bibliographies,missing,,Return the rendered bibliographies.
oc-csl.el,808,function,org-cite-csl--generate-latex-preamble,missing,,Generate the CSL-related part of the LaTeX preamble.
oc-csl.el,823,function,org-cite-csl--generate-html-head,missing,,Generate the CSL-related part of the HTML head.
oc-csl.el,854,function,org-cite-csl-render-citation,missing,,Export CITATION object.
oc-csl.el,865,function,org-cite-csl-render-bibliography,missing,,Export bibliography.
oc-csl.el,885,function,org-cite-csl-finalizer,missing,,"Add ""hanging"" package if missing from LaTeX output."
oc-natbib.el,55,option,org-cite-natbib-options,missing,,"List of options added to ""natbib"" package."
oc-natbib.el,78,option,org-cite-natbib-bibliography-style,missing,,Default bibliography style.
oc-natbib.el,89,function,org-cite-natbib--style-to-command,missing,,Return command name to use according to STYLE pair.
oc-natbib.el,130,function,org-cite-natbib--build-optional-arguments,missing,,Build optional arguments for citation command.
oc-natbib.el,140,function,org-cite-natbib--build-arguments,missing,,Build arguments for citation command for CITATION object.
oc-natbib.el,149,function,org-cite-natbib-export-bibliography,missing,,Print references from bibliography FILES.
oc-natbib.el,161,function,org-cite-natbib-export-citation,missing,,Export CITATION object.
oc-natbib.el,169,function,org-cite-natbib-use-package,missing,,"Ensure output requires ""natbib"" package."
oc.el,133,option,org-cite-global-bibliography,missing,,List of bibliography files available in all documents.
oc.el,142,option,org-cite-activate-processor,missing,,"Processor used for activating citations, as a symbol."
oc.el,149,option,org-cite-export-processors,missing,,"Processor used for exporting citations, as a triplet, or nil."
oc.el,213,option,org-cite-follow-processor,missing,,"Processor used for following citations, as a symbol."
oc.el,220,option,org-cite-insert-processor,missing,,"Processor used for inserting citations, as a symbol."
oc.el,227,option,org-cite-adjust-note-numbers,missing,,"When non-nil, allow process to modify location of note numbers."
oc.el,244,option,org-cite-note-rules,missing,,Alist between languages and typographic rules for citations in note style.
oc.el,309,option,org-cite-punctuation-marks,missing,,List of strings that can be moved around when placing note numbers.
oc.el,337,function,org-cite-register-processor,missing,,Mark citation processor NAME as available.
oc.el,435,function,org-cite-try-load-processor,missing,,Try loading citation processor NAME if unavailable.
oc.el,442,function,org-cite-get-processor,missing,,Return citation processor named after symbol NAME.
oc.el,448,function,org-cite-unregister-processor,missing,,Unregister citation processor NAME.
oc.el,460,function,org-cite-processor-has-capability-p,missing,,Return non-nil if PROCESSOR is able to handle CAPABILITY.
oc.el,475,function,org-cite--set-post-blank,missing,,Set `:post-blank' property from element or object before DATUM to BLANKS.
oc.el,488,function,org-cite--set-previous-post-blank,missing,,Set `:post-blank' property from element or object before DATUM to BLANKS.
oc.el,497,function,org-cite--insert-at-split,missing,,Split string S and insert CITATION object between the two parts.
oc.el,523,function,org-cite--move-punct-before,missing,,Move punctuation PUNCT before CITATION object.
oc.el,539,function,org-cite--parse-as-plist,missing,,Parse string S as a property list.
oc.el,577,function,org-cite--get-note-rule,missing,,Return punctuation rule according to language used for export.
oc.el,607,function,org-cite-list-bibliography-files,missing,,List all bibliography files defined in the buffer.
oc.el,630,function,org-cite-get-references,missing,,Return citations references contained in CITATION object.
oc.el,655,function,org-cite-boundaries,missing,,Return the beginning and end strict position of CITATION.
oc.el,664,function,org-cite-key-boundaries,missing,,Return citation REFERENCE's key boundaries as buffer positions.
oc.el,673,function,org-cite-main-affixes,missing,,Return main affixes for CITATION object.
oc.el,691,function,org-cite-supported-styles,missing,,List of supported citation styles and variants.
oc.el,742,function,org-cite-delete-citation,missing,,Delete citation or citation reference DATUM.
oc.el,801,function,org-cite-citation-style,missing,,Return citation style used for CITATION object.
oc.el,827,function,org-cite-read-processor-declaration,missing,,Read processor declaration from string S.
oc.el,860,function,org-cite-processor,missing,,Return expected citation/bibliography processor.
oc.el,865,function,org-cite-bibliography-style,missing,,Return expected bibliography style.
oc.el,872,function,org-cite-bibliography-properties,missing,,"Return properties associated to ""print_bibliography"" KEYWORD object."
oc.el,877,function,org-cite-list-citations,missing,,List citations in the exported document.
oc.el,930,function,org-cite-list-keys,missing,,List citation keys in the exported document.
oc.el,940,function,org-cite-key-number,missing,,Return number associated to string KEY.
oc.el,956,function,org-cite-inside-footnote-p,missing,,Non-nil when CITATION object is contained within a footnote.
oc.el,974,function,org-cite-wrap-citation,missing,,Wrap an anonymous inline footnote around CITATION object in the parse tree.
oc.el,997,function,org-cite-adjust-note,missing,,"Adjust note number location for CITATION object, and punctuation around it."
oc.el,1159,function,org-cite-parse-elements,missing,,Parse string S as a list of Org elements.
oc.el,1174,function,org-cite-parse-objects,missing,,Parse string S as a secondary string.
oc.el,1184,function,org-cite-make-paragraph,missing,,Return a paragraph element containing DATA.
oc.el,1189,function,org-cite-emphasize,missing,,Apply emphasis TYPE on DATA.
oc.el,1198,function,org-cite-concat,missing,,Concatenate all the DATA arguments and make the result a secondary string.
oc.el,1216,function,org-cite-mapconcat,missing,,"Apply FUNCTION to each element of DATA, and return a secondary string."
oc.el,1229,function,org-cite-capitalize,missing,,Capitalize string of raw string object STR.
oc.el,1240,function,org-cite-fontify-default,missing,,Fontify CITE with `org-cite' and `org-cite-key' faces.
oc.el,1255,function,org-cite-activate,missing,,Activate citations from up to LIMIT buffer position.
oc.el,1278,function,org-cite-store-bibliography,missing,,Store bibliography in the communication channel.
oc.el,1287,function,org-cite-store-export-processor,missing,,Store export processor in the `:cite-export' property during export.
oc.el,1352,function,org-cite-export-citation,missing,,Export CITATION object according to INFO property list.
oc.el,1366,function,org-cite-export-bibliography,missing,,"Return bibliography associated to ""print_bibliography"" KEYWORD."
oc.el,1386,function,org-cite-process-citations,missing,,Replace all citations in the parse tree.
oc.el,1428,function,org-cite-process-bibliography,missing,,"Replace all ""print_bibliography"" keywords in the parse tree."
oc.el,1468,function,org-cite-finalize-export,missing,,Finalizer for export process.
oc.el,1490,function,org-cite-follow,missing,,Follow citation or citation-reference DATUM.
oc.el,1509,function,org-cite--allowed-p,missing,,Non-nil when a citation can be inserted at point.
oc.el,1589,function,org-cite--insert-string-before,missing,,Insert STRING before citation REFERENCE object.
oc.el,1594,function,org-cite--insert-string-after,missing,,Insert STRING after citation REFERENCE object.
oc.el,1603,function,org-cite--keys-to-citation,missing,,Build a citation object from a list of citation KEYS.
oc.el,1613,function,org-cite-make-insert-processor,missing,,Build a function appropriate as an insert processor.
oc.el,1718,command,org-cite-insert,missing,,Insert a citation at point.
oc.el,,function,org-cite-processor-export-bibliography,missing,,"Access slot ""export-bibliography"" of `org-cite-processor' struct X."
oc.el,,function,org-cite-processor-name,missing,,"Access slot ""name"" of `org-cite-processor' struct X."
oc.el,,function,org-cite-processor-p,missing,,
oc.el,,function,org-cite-processor-follow--inliner,missing,,
oc.el,,function,org-cite-processor-activate--inliner,missing,,
oc.el,,function,org-cite-processor-activate,missing,,"Access slot ""activate"" of `org-cite-processor' struct X."
oc.el,,function,org-cite-processor-insert,missing,,"Access slot ""insert"" of `org-cite-processor' struct X."
oc.el,,function,org-cite-processor-export-citation--inliner,missing,,
oc.el,,function,org-cite-processor-insert--inliner,missing,,
oc.el,,function,org-cite-processor-export-finalizer--inliner,missing,,
oc.el,,function,org-cite--make-processor--cmacro,missing,,compiler-macro for `org-cite--make-processor'.
oc.el,,function,org-cite-processor-cite-styles--inliner,missing,,
oc.el,,function,org-cite--make-processor,missing,,Constructor for objects of type `org-cite-processor'.
oc.el,,function,org-cite-processor-name--inliner,missing,,
oc.el,,function,org-cite-processor-export-finalizer,missing,,"Access slot ""export-finalizer"" of `org-cite-processor' struct X."
oc.el,,function,org-cite-processor-p--inliner,missing,,
oc.el,,function,org-cite-processor-cite-styles,missing,,"Access slot ""cite-styles"" of `org-cite-processor' struct X."
oc.el,,function,org-cite-processor-follow,missing,,"Access slot ""follow"" of `org-cite-processor' struct X."
oc.el,,function,org-cite-processor-export-bibliography--inliner,missing,,
oc.el,,function,org-cite-processor-export-citation,missing,,"Access slot ""export-citation"" of `org-cite-processor' struct X."
ol-bbdb.el,137,option,org-bbdb-default-anniversary-format,missing,,Default anniversary class.
ol-bbdb.el,143,option,org-bbdb-general-anniversary-description-after,missing,,When to switch anniversary descriptions to a more general format.
ol-bbdb.el,161,option,org-bbdb-anniversary-format-alist,missing,,How different types of anniversaries should be formatted.
ol-bbdb.el,190,option,org-bbdb-anniversary-field,missing,,The BBDB field which contains anniversaries.
ol-bbdb.el,207,option,org-bbdb-extract-date-fun,missing,,How to retrieve `month date year' from the anniversary field.
ol-bbdb.el,227,function,org-bbdb-store-link,missing,,Store a link to a BBDB database entry.
ol-bbdb.el,241,function,org-bbdb-export,missing,,Create the export version of a BBDB link specified by PATH or DESC.
ol-bbdb.el,254,function,org-bbdb-open,missing,,Follow a BBDB link to NAME.
ol-bbdb.el,262,function,org-bbdb-open-old,missing,,
ol-bbdb.el,282,function,org-bbdb-open-new,missing,,
ol-bbdb.el,302,function,org-bbdb-anniv-extract-date,missing,,Convert YYYY-MM-DD to (month date year).
ol-bbdb.el,312,function,org-bbdb-anniv-split,missing,,Split multiple entries in the BBDB anniversary field.
ol-bbdb.el,327,function,org-bbdb-make-anniv-hash,missing,,"Create a hash with anniversaries extracted from BBDB, for fast access."
ol-bbdb.el,358,function,org-bbdb-updated,missing,,Record the fact that BBDB has been updated.
ol-bbdb.el,366,function,org-bbdb-anniversaries,missing,,Extract anniversaries from BBDB for display in the agenda.
ol-bbdb.el,434,function,org-bbdb-date-list,missing,,Return list of dates in (m d y) format from the given date D to n-1 days hence.
ol-bbdb.el,440,function,org-bbdb-anniversary-description,missing,,Return a string used to incorporate into an agenda anniversary entry.
ol-bbdb.el,458,function,org-bbdb-anniversaries-future,missing,,Return list of anniversaries for today and the next n-1 days (default n=7).
ol-bbdb.el,499,function,org-bbdb-complete-link,missing,,Read a BBDB link with name completion.
ol-bbdb.el,508,function,org-bbdb-describe-link,missing,,Return a description for a BBDB link.
ol-bbdb.el,514,function,org-bbdb-anniv-export-ical,missing,,Extract anniversaries from BBDB and convert them to icalendar format.
ol-bbdb.el,526,function,org-bbdb-format-vevent,missing,,
ol-bibtex.el,240,option,org-bibtex-autogen-keys,missing,,Set to a truth value to use `bibtex-generate-autokey' to generate keys.
ol-bibtex.el,246,option,org-bibtex-prefix,missing,,Optional prefix for all bibtex property names.
ol-bibtex.el,255,option,org-bibtex-treat-headline-as-title,missing,,Treat headline text as title if title property is absent.
ol-bibtex.el,264,option,org-bibtex-headline-format-function,missing,,Function returning the headline text for `org-bibtex-write'.
ol-bibtex.el,275,option,org-bibtex-export-arbitrary-fields,missing,,When converting to bibtex allow fields not defined in `org-bibtex-fields'.
ol-bibtex.el,284,option,org-bibtex-key-property,missing,,Property that holds the bibtex key.
ol-bibtex.el,294,option,org-bibtex-tags,missing,,List of tag(s) that should be added to new bib entries.
ol-bibtex.el,300,option,org-bibtex-tags-are-keywords,missing,,Convert the value of the keywords field to tags and vice versa.
ol-bibtex.el,317,option,org-bibtex-no-export-tags,missing,,List of tag(s) that should not be converted to keywords.
ol-bibtex.el,325,option,org-bibtex-inherit-tags,missing,,Controls whether inherited tags are converted to bibtex keywords.
ol-bibtex.el,335,option,org-bibtex-type-property-name,missing,,"Property in which to store bibtex entry type (e.g., article)."
ol-bibtex.el,343,function,org-bibtex-get,missing,,
ol-bibtex.el,352,function,org-bibtex-put,missing,,Set PROPERTY of headline at point to VALUE.
ol-bibtex.el,367,function,org-bibtex-headline,missing,,Return a bibtex entry of the given headline as a string.
ol-bibtex.el,433,function,org-bibtex-ask,missing,,
ol-bibtex.el,446,function,org-bibtex-autokey,missing,,Generate an autokey for the current headline.
ol-bibtex.el,465,function,org-bibtex-fleshout,missing,,"Fleshout current heading, ensuring all required fields are present."
ol-bibtex.el,500,function,org-bibtex-open,missing,,Visit the bibliography entry on PATH.
ol-bibtex.el,506,function,org-bibtex-store-link,missing,,Store a link to a BibTeX entry.
ol-bibtex.el,544,function,org-create-file-search-in-bibtex,missing,,Create the search string and description for a BibTeX database entry.
ol-bibtex.el,566,function,org-execute-file-search-in-bibtex,missing,,Find the link search string S as a key for a database entry.
ol-bibtex.el,593,command,org-bibtex,missing,,Export each headline in the current file to a bibtex entry.
ol-bibtex.el,620,command,org-bibtex-check,missing,,Check the current headline for required fields.
ol-bibtex.el,630,command,org-bibtex-check-all,missing,,Check all headlines in the current file.
ol-bibtex.el,636,function,org-bibtex-headline-format-default,missing,,Return headline text according to ENTRY title.
ol-bibtex.el,640,command,org-bibtex-create,missing,,Create a new entry at the given level.
ol-bibtex.el,667,command,org-bibtex-create-in-current-entry,missing,,Add bibliographical data to the current entry.
ol-bibtex.el,673,command,org-bibtex-read,missing,,Read a bibtex entry and save to `org-bibtex-entries'.
ol-bibtex.el,702,command,org-bibtex-read-buffer,missing,,Read all bibtex entries in BUFFER and save to `org-bibtex-entries'.
ol-bibtex.el,718,command,org-bibtex-read-file,missing,,Read FILE with `org-bibtex-read-buffer'.
ol-bibtex.el,723,command,org-bibtex-write,missing,,Insert a heading built from the first element of `org-bibtex-entries'.
ol-bibtex.el,766,command,org-bibtex-yank,missing,,If kill ring holds a bibtex entry yank it as an Org headline.
ol-bibtex.el,780,command,org-bibtex-import-from-file,missing,,Read bibtex entries from FILE and insert as Org headlines after point.
ol-bibtex.el,790,command,org-bibtex-export-to-kill-ring,missing,,Export current headline to kill ring as bibtex entry.
ol-bibtex.el,796,command,org-bibtex-search,missing,,Search for bibliographical entries in agenda files.
ol-docview.el,59,function,org-docview-export,missing,,Export a docview LINK with DESCRIPTION for BACKEND.
ol-docview.el,72,function,org-docview-open,missing,,Open docview: LINK.
ol-docview.el,85,function,org-docview-store-link,missing,,Store a link to a docview buffer.
ol-docview.el,97,function,org-docview-complete-link,missing,,"Complete link from filename, asking for page number."
ol-doi.el,34,option,org-link-doi-server-url,missing,,The URL of the DOI server.
ol-doi.el,41,function,org-link-doi-open,missing,,"Open a ""doi"" type link."
ol-doi.el,47,function,org-link-doi-export,missing,,"Export a ""doi"" type link."
ol-eshell.el,39,function,org-eshell-open,missing,,Switch to an eshell buffer and execute a command line for LINK.
ol-eshell.el,63,function,org-eshell-store-link,missing,,Store eshell link.
ol-eww.el,61,function,org-eww-open,missing,,Open URL with Eww in the current buffer.
ol-eww.el,65,function,org-eww-store-link,missing,,Store a link to the url of an EWW buffer.
ol-eww.el,77,function,org-eww-goto-next-url-property-change,missing,,Move to the start of next link if exists.
ol-eww.el,84,function,org-eww-has-further-url-property-change-p,missing,,Non-nil if there is a next url property change.
ol-eww.el,89,function,org-eww-url-below-point,missing,,"Return the url below point if there is an url; otherwise, return nil."
ol-eww.el,94,command,org-eww-copy-for-org-mode,missing,,Copy current buffer content or active region with `org-mode' style links.
ol-eww.el,164,function,org-eww-extend-eww-keymap,missing,,Add ol-eww bindings to `eww-mode-map'.
ol-gnus.el,66,option,org-gnus-prefer-web-links,missing,,"If non-nil, `org-store-link' creates web links to Google groups."
ol-gnus.el,74,option,org-gnus-no-server,missing,,Should Gnus be started using `gnus-no-server'?
ol-gnus.el,90,function,org-gnus-group-link,missing,,Create a link to the Gnus group GROUP.
ol-gnus.el,105,function,org-gnus-article-link,missing,,Create a link to a Gnus article.
ol-gnus.el,125,function,org-gnus-store-link,missing,,Store a link to a Gnus folder or message.
ol-gnus.el,208,function,org-gnus-open-nntp,missing,,Follow the nntp: link specified by PATH.
ol-gnus.el,218,function,org-gnus-open,missing,,Follow the Gnus message or folder link specified by PATH.
ol-gnus.el,226,function,org-gnus-follow-link,missing,,Follow a Gnus link to GROUP and ARTICLE.
ol-gnus.el,267,function,org-gnus-no-new-news,missing,,Like `\[gnus]' but doesn't check for new news.
ol-gnus.el,281,function,org-gnus-no-new-news-other-frame,missing,,Like `org-gnus-no-new-news' but always in another frame.
ol-info.el,53,function,org-info-store-link,missing,,Store a link to an Info file and node.
ol-info.el,66,function,org-info-open,missing,,Follow an Info file and node link specified by PATH.
ol-info.el,70,function,org-info--link-file-node,missing,,Extract the file name and Info node from the Info link PATH.
ol-info.el,87,function,org-info-description-as-command,missing,,Return an Info link description that can be evaluated as a command.
ol-info.el,116,function,org-info-follow-link,missing,,Follow an Info file and node link specified by NAME.
ol-info.el,143,option,org-info-other-documents,missing,,Alist of documents generated from Texinfo source.
ol-info.el,155,function,org-info-map-html-url,missing,,Return the URL or HTML file associated with the Info FILENAME.
ol-info.el,168,function,org-info--expand-node-name,missing,,Expand the Info NODE to an HTML cross reference.
ol-info.el,181,function,org-info-export,missing,,Export an Info link.
ol-irc.el,84,function,org-irc-visit,missing,,Parse LINK and dispatch to the correct function based on the client found.
ol-irc.el,93,function,org-irc-parse-link,missing,,Parse an IRC LINK and return the attributes found.
ol-irc.el,106,function,org-irc-store-link,missing,,Dispatch to the appropriate function to store a link to an IRC session.
ol-irc.el,112,function,org-irc-ellipsify-description,missing,,Remove unnecessary white space from STRING and add ellipses if necessary.
ol-irc.el,127,function,org-irc-erc-get-line-from-log,missing,,Find the best line to link to from the ERC logs given ERC-LINE as a start.
ol-irc.el,149,function,org-irc-erc-store-link,missing,,Store a link to the IRC log file or the session itself.
ol-irc.el,184,function,org-irc-get-erc-link,missing,,Return an org compatible irc:/ link from an ERC buffer.
ol-irc.el,199,function,org-irc-get-current-erc-port,missing,,Return the current port as a number.
ol-irc.el,211,function,org-irc-visit-erc,missing,,Visit an ERC buffer based on criteria found in LINK.
ol-irc.el,256,function,org-irc-export,missing,,Export an IRC link.
ol-man.el,41,option,org-man-command,missing,,The Emacs command to be used to display a man page.
ol-man.el,47,function,org-man-open,missing,,Visit the manpage on PATH.
ol-man.el,84,function,org-man-store-link,missing,,Store a link to a README file.
ol-man.el,96,function,org-man-get-page-name,missing,,Extract the page name from the buffer name.
ol-man.el,103,function,org-man-export,missing,,Export a man page LINK with DESCRIPTION.
ol-man.el,117,function,org-man-complete,missing,,Complete man pages for `org-insert-link'.
ol-mhe.el,41,option,org-mhe-search-all-folders,missing,,Non-nil means the search for the mh-message may extend to all folders.
ol-mhe.el,83,function,org-mhe-store-link,missing,,Store a link to an MH-E folder or message.
ol-mhe.el,102,function,org-mhe-open,missing,,Follow an MH-E message link specified by PATH.
ol-mhe.el,112,function,org-mhe-get-message-real-folder,missing,,Return the name of the real folder for the current message.
ol-mhe.el,144,function,org-mhe-get-message-folder-from-index,missing,,Return the name of the message folder in an index folder buffer.
ol-mhe.el,151,function,org-mhe-get-message-folder,missing,,Return the name of the current message folder.
ol-mhe.el,160,function,org-mhe-get-message-num,missing,,Return the number of the current message.
ol-mhe.el,169,function,org-mhe-get-header,missing,,Return the field for HEADER of the message in folder mode.
ol-mhe.el,189,function,org-mhe-follow-link,missing,,Follow an MH-E link to FOLDER and ARTICLE.
ol-rmail.el,54,function,org-rmail-store-link,missing,,Store a link to an Rmail folder or message.
ol-rmail.el,83,function,org-rmail-open,missing,,Follow an Rmail message link to the specified PATH.
ol-rmail.el,92,function,org-rmail-follow-link,missing,,Follow an Rmail link to FOLDER and ARTICLE.
ol-w3m.el,53,function,org-w3m-store-link,missing,,Store a link to a w3m buffer.
ol-w3m.el,62,command,org-w3m-copy-for-org-mode,missing,,Copy current buffer content or active region with Org style links.
ol-w3m.el,132,function,org-w3m-get-anchor-start,missing,,Move cursor to the start of current anchor.  Return point.
ol-w3m.el,139,function,org-w3m-get-anchor-end,missing,,Move cursor to the end of current anchor.  Return point.
ol-w3m.el,145,function,org-w3m-get-image-end,missing,,Move cursor to the end of current image.  Return point.
ol-w3m.el,153,function,org-w3m-get-next-link-start,missing,,Move cursor to the start of next link or image.  Return point.
ol-w3m.el,170,function,org-w3m-get-prev-link-start,missing,,Move cursor to the start of previous link.  Return point.
ol-w3m.el,187,function,org-w3m-no-next-link-p,missing,,Whether there is no next link after the cursor.
ol-w3m.el,193,function,org-w3m-no-prev-link-p,missing,,Whether there is no previous link after the cursor.
ol.el,102,option,org-link-parameters,missing,,Alist of properties that defines all the links in Org mode.
ol.el,222,function,org-link--set-link-display,missing,,Set `org-link-descriptive' (SYMBOL) to VALUE.
ol.el,232,option,org-link-descriptive,missing,,Non-nil means Org displays descriptive links.
ol.el,247,option,org-link-make-description-function,missing,,Function to use for generating link descriptions from links.
ol.el,259,option,org-link-file-path-type,missing,,How the path name in file links should be stored.
ol.el,282,option,org-link-default-file-link-description,missing,,How the description of file links should be stored.
ol.el,304,option,org-link-abbrev-alist,missing,,Alist of link abbreviations.
ol.el,347,option,org-link-translation-function,missing,,Function to translate links with different syntax to Org syntax.
ol.el,359,option,org-link-frame-setup,missing,,Setup the frame configuration for following links.
ol.el,418,option,org-link-search-must-match-exact-headline,missing,,Control fuzzy link behavior when specific matches not found.
ol.el,439,option,org-link-use-indirect-buffer-for-internals,missing,,Non-nil means use indirect buffer to display infile links.
ol.el,452,option,org-link-shell-confirm-function,missing,,Non-nil means ask for confirmation before executing shell links.
ol.el,470,option,org-link-shell-skip-confirm-regexp,missing,,Regexp to skip confirmation for shell links.
ol.el,476,option,org-link-elisp-confirm-function,missing,,Non-nil means ask for confirmation before executing Emacs Lisp links.
ol.el,493,option,org-link-elisp-skip-confirm-regexp,missing,,A regexp to skip confirmation for Elisp links.
ol.el,504,option,org-link-context-for-files,missing,,Non-nil means file links from `org-store-link' contain context.
ol.el,520,option,org-link-email-description-format,missing,,Format of the description part of a link to an email or Usenet message.
ol.el,543,option,org-link-from-user-regexp,missing,,"Regexp matched against the ""From:"" header of an email or Usenet message."
ol.el,555,option,org-link-keep-stored-after-insertion,missing,,Non-nil means keep link in list for entire session.
ol.el,571,option,org-link-preview-delay,missing,,Idle delay in seconds between link previews when using `org-link-preview'.
ol.el,582,option,org-link-preview-batch-size,missing,,Number of links that are previewed at once with `org-link-preview'.
ol.el,593,option,org-link-preview-include-descriptive,missing,,"When non-nil, enable descriptive link previewing in `org-link-preview'."
ol.el,602,option,org-display-remote-inline-images,missing,,How to display remote inline images.
ol.el,620,option,org-image-max-width,missing,,"When non-nil, limit the displayed image width."
ol.el,641,option,org-image-align,missing,,How to align images previewed using `org-link-preview-region'.
ol.el,825,function,org-link--try-special-completion,missing,,"If there is completion support for link type TYPE, offer it."
ol.el,832,function,org-link--prettify,missing,,Return a human-readable representation of LINK.
ol.el,840,function,org-link--decode-compound,missing,,Unhexify Unicode hex-chars HEX.
ol.el,874,function,org-link--decode-single-byte-sequence,missing,,Unhexify hex-encoded single byte character sequence HEX.
ol.el,881,function,org-link--fontify-links-to-this-file,missing,,Fontify links to the current file in `org-stored-links'.
ol.el,903,function,org-link--buffer-for-internals,missing,,Return buffer used for displaying the target of internal links.
ol.el,921,function,org-link--search-radio-target,missing,,Search a radio target matching TARGET in current buffer.
ol.el,941,function,org-link--context-from-region,missing,,"Return context string from active region, or nil."
ol.el,954,function,org-link--remove-statistics-cookies,missing,,Remove statistics cookies from STRING.
ol.el,961,function,org-link--remove-pipe-chars,missing,,Remove pipe chars from STRING.
ol.el,965,function,org-link--remove-search-syntax,missing,,Remove search syntax from STRING.
ol.el,975,function,org-link--remove-contiguous-spaces,missing,,Remove contiguous spaces from STRING.
ol.el,982,function,org-link--normalize-string,missing,,Remove ignored contents from STRING string and return it.
ol.el,993,function,org-link-normalize-string,missing,,Remove contiguous white spaces and IGNORED-CONTENTS from STRING.
ol.el,1010,function,org-link--reveal-maybe,missing,,Reveal folded link in REGION when needed.
ol.el,1017,function,org-link--try-link-store-functions,missing,,"Try storing external links, prompting if more than one is possible."
ol.el,1059,function,org-link--add-to-stored-links,missing,,Add LINK to `org-stored-links' with description DESC.
ol.el,1073,function,org-link--file-link-description,missing,,Use PATH to create a description for file link.
ol.el,1084,function,org-link--file-link-to-here,missing,,Return as (LINK . DESC) a file link with search string to here.
ol.el,1096,function,org-link-preview--get-overlays,missing,,Return link preview overlays between BEG and END.
ol.el,1106,function,org-link-preview--remove-overlay,missing,,Remove link-preview overlay OV if a corresponding region is modified.
ol.el,1128,function,org--create-inline-image,missing,,"Create image located at FILE, or return nil."
ol.el,1170,function,org-display-inline-image--width,missing,,"Determine the display width of the image LINK, in pixels."
ol.el,1261,function,org-image--align,missing,,Determine the alignment of the image LINK.
ol.el,1321,function,org-link-types,missing,,Return a list of known link types.
ol.el,1325,function,org-link-get-parameter,missing,,Get TYPE link property for KEY.
ol.el,1332,function,org-link-set-parameters,missing,,Set link TYPE properties to PARAMETERS.
ol.el,1351,function,org-link-make-regexps,missing,,Update the link regular expressions.
ol.el,1406,function,org-link-complete-file,missing,,Create a file link using completion.
ol.el,1426,function,org-link-email-description,missing,,Return the description part of an email link.
ol.el,1452,function,org-link-store-props,missing,,Store link properties PLIST.
ol.el,1484,function,org-link-add-props,missing,,Add these properties to the link property list PLIST.
ol.el,1492,function,org-link-encode,missing,,Return percent escaped representation of string TEXT.
ol.el,1506,function,org-link-decode,missing,,Decode percent-encoded parts in string S.
ol.el,1512,function,org-link-escape,missing,,Backslash-escape sensitive characters in string LINK.
ol.el,1522,function,org-link-unescape,missing,,Remove escaping backslash characters from string LINK.
ol.el,1530,function,org-link-get-description,missing,,Return description for LINK.
ol.el,1569,function,org-link-make-string,missing,,"Make a bracket link, consisting of LINK and DESCRIPTION."
ol.el,1592,function,org-link-make-string-for-buffer,missing,,Format LINK with DESCRIPTION for current buffer.
ol.el,1656,function,org-store-link-functions,missing,,List of functions that are called to create and store a link.
ol.el,1686,function,org-link-expand-abbrev,missing,,Replace link abbreviations in LINK string.
ol.el,1746,function,org-link-open,missing,,Open a link object LINK.
ol.el,1803,command,org-link-open-from-string,missing,,"Open a link in the string S, as if it was in Org mode."
ol.el,1820,function,org-link--search-headlines,missing,,Search WORDS in headlines in Org mode buffers.
ol.el,1846,function,org-link-search,missing,,Search for a search string S in the accessible part of the buffer.
ol.el,2014,function,org-link-heading-search-string,missing,,Make search string for the current headline or STRING.
ol.el,2036,function,org-link-create-headline-link-for-table,missing,,Convert HEADLINE into a link for a clocktable.
ol.el,2049,function,org-link-precise-link-target,missing,,Determine search string and description for storing a link.
ol.el,2118,function,org-link-open-as-file,missing,,Pretend PATH is a file name and open it.
ol.el,2143,function,org-link-display-format,missing,,Replace links in string S with their description.
ol.el,2152,function,org-link-add-angle-brackets,missing,,Wrap string S within angle brackets.
ol.el,2159,command,org-link-preview,missing,,Toggle display of link previews in the buffer.
ol.el,2270,command,org-link-preview-refresh,missing,,Assure display of link previews in buffer and refresh them.
ol.el,2275,command,org-link-preview-region,missing,,Display link previews.
ol.el,2356,function,org-link-preview--process-queue,missing,,Preview pending Org link previews in ORG-BUFFER.
ol.el,2384,command,org-link-preview-clear,missing,,Clear link previews in region BEG to END.
ol.el,2408,function,org-link-frame-setup-function,missing,,Return the frame setup function for the link type LINK-TYPE.
ol.el,2422,function,org-link--open-elisp,missing,,"Open a ""elisp"" type link."
ol.el,2444,function,org-link-preview-file,missing,,Display image file PATH in overlay OV for LINK.
ol.el,2482,function,org-link--open-help,missing,,"Open a ""help"" type link."
ol.el,2490,function,org-link--store-help,missing,,"Store ""help"" type link."
ol.el,2511,function,org-link--open-shortdoc,missing,,"Open a ""shortdoc"" type link."
ol.el,2528,function,org-link--store-shortdoc,missing,,"Store ""shortdoc"" type link."
ol.el,2540,function,org-link--complete-shortdoc,missing,,"Create a ""shortdoc"" link using completion."
ol.el,2562,function,org-link--open-shell,missing,,"Open a ""shell"" type link."
ol.el,2586,command,org-next-link,missing,,Move forward to the next link.
ol.el,2629,command,org-previous-link,missing,,Move backward to the previous link.
ol.el,2636,command,org-toggle-link-display,missing,,Toggle the literal or descriptive display of links in current buffer.
ol.el,2643,command,org-store-link,missing,,Store a link to the current location.
ol.el,2828,function,org-link--normalize-filename,missing,,Return FILENAME as required by METHOD.
ol.el,2854,command,org-insert-link,missing,,"Insert a link.  At the prompt, enter the link."
ol.el,3024,command,org-insert-all-links,missing,,Insert all links in `org-stored-links'.
ol.el,3048,command,org-insert-last-stored-link,missing,,Insert the last link stored in `org-stored-links'.
ol.el,3054,command,org-insert-link-global,missing,,Insert a link like Org mode does.
ol.el,3061,function,org--re-list-search-forward,missing,,"Like `re-search-forward', but REGEXP-LIST is a list of regexps."
ol.el,3081,function,org--re-list-looking-at,missing,,"Like `looking-at', but REGEXP-LIST is a list of regexps."
ol.el,3095,command,org-update-radio-target-regexp,missing,,Find all radio targets in this file and update the regular expression.
org-agenda.el,114,option,org-agenda-confirm-kill,missing,,"When set, remote killing from the agenda buffer needs confirmation."
org-agenda.el,124,option,org-agenda-compact-blocks,missing,,Non-nil means make the block agenda more compact.
org-agenda.el,131,option,org-agenda-block-separator,missing,,The separator between blocks in the agenda.
org-agenda.el,153,option,org-agenda-with-colors,missing,,Non-nil means use colors in agenda views.
org-agenda.el,158,option,org-agenda-exporter-settings,missing,,Alist of variable/value pairs that should be active during agenda export.
org-agenda.el,175,option,org-agenda-before-write-hook,missing,,Hook run in a temporary buffer before writing the agenda to an export file.
org-agenda.el,182,option,org-agenda-add-entry-text-maxlines,missing,,Maximum number of entry text lines to be added to agenda.
org-agenda.el,196,option,org-agenda-add-entry-text-descriptive-links,missing,,Non-nil means export org-links as descriptive links in agenda added text.
org-agenda.el,204,option,org-agenda-export-html-style,missing,,The style specification for exported HTML Agenda files.
org-agenda.el,247,option,org-agenda-persistent-filter,missing,,"When set, keep filters from one agenda view to the next."
org-agenda.el,457,option,org-agenda-custom-commands,missing,,Custom commands for the agenda.
org-agenda.el,599,option,org-agenda-query-register,missing,,The register holding the current query string.
org-agenda.el,606,option,org-stuck-projects,missing,,How to identify stuck projects.
org-agenda.el,654,option,org-agenda-skip-function-global,missing,,Function to be called at each match during agenda construction.
org-agenda.el,687,command,org-agenda-archives-mode,missing,,Toggle inclusion of items in trees marked with :ARCHIVE:.
org-agenda.el,694,option,org-agenda-restriction-lock-highlight-subtree,missing,,Non-nil means highlight the whole subtree when restriction is active.
org-agenda.el,701,option,org-agenda-skip-comment-trees,missing,,Non-nil means skip trees that start with the COMMENT keyword.
org-agenda.el,707,option,org-agenda-todo-list-sublevels,missing,,Non-nil means check also the sublevels of a TODO entry for TODO entries.
org-agenda.el,715,option,org-agenda-todo-ignore-with-date,missing,,Non-nil means don't show entries with a date in the global todo list.
org-agenda.el,727,option,org-agenda-todo-ignore-timestamp,missing,,Non-nil means don't show entries with a timestamp.
org-agenda.el,764,option,org-agenda-todo-ignore-scheduled,missing,,"Non-nil means, ignore some scheduled TODO items when making TODO list."
org-agenda.el,797,option,org-agenda-todo-ignore-deadlines,missing,,Non-nil means ignore some deadline TODO items when making TODO list.
org-agenda.el,840,option,org-agenda-todo-ignore-time-comparison-use-seconds,missing,,Time unit to use when possibly ignoring an agenda item.
org-agenda.el,856,option,org-agenda-tags-todo-honor-ignore-options,missing,,Non-nil means honor todo-list ignores options also in tags-todo search.
org-agenda.el,872,option,org-agenda-skip-scheduled-if-done,missing,,Non-nil means don't show scheduled items in agenda when they are done.
org-agenda.el,881,option,org-agenda-skip-scheduled-if-deadline-is-shown,missing,,Non-nil means skip scheduling line if same entry shows because of deadline.
org-agenda.el,904,option,org-agenda-skip-timestamp-if-deadline-is-shown,missing,,Non-nil means skip timestamp line if same entry shows because of deadline.
org-agenda.el,919,option,org-agenda-skip-deadline-if-done,missing,,Non-nil means don't show deadlines when the corresponding item is done.
org-agenda.el,929,option,org-agenda-skip-deadline-prewarning-if-scheduled,missing,,Non-nil means skip deadline prewarning when entry is also scheduled.
org-agenda.el,950,option,org-agenda-skip-scheduled-delay-if-deadline,missing,,Non-nil means skip scheduled delay when entry also has a deadline.
org-agenda.el,966,option,org-agenda-skip-additional-timestamps-same-entry,missing,,"When nil, multiple same-day timestamps in entry make multiple agenda lines."
org-agenda.el,973,option,org-agenda-skip-timestamp-if-done,missing,,Non-nil means don't select item by timestamp or -range if it is DONE.
org-agenda.el,979,option,org-agenda-dim-blocked-tasks,missing,,Non-nil means dim blocked tasks in the agenda display.
org-agenda.el,979,command,org-agenda-dim-blocked-tasks,missing,,Dim currently blocked TODOs in the agenda display.
org-agenda.el,1007,option,org-agenda-menu-show-matcher,missing,,Non-nil means show the match string in the agenda dispatcher menu.
org-agenda.el,1017,option,org-agenda-menu-two-columns,missing,,"Non-nil means, use two columns to show custom commands in the dispatcher."
org-agenda.el,1025,option,org-agenda-finalize-hook,missing,,Hook run just before displaying an agenda buffer.
org-agenda.el,1035,option,org-agenda-filter-hook,missing,,Hook run just after filtering with `org-agenda-filter'.
org-agenda.el,1041,option,org-agenda-mouse-1-follows-link,missing,,Non-nil means \`mouse-1' on a link will follow the link in the agenda.
org-agenda.el,1048,option,org-agenda-start-with-follow-mode,missing,,The initial value of follow mode in a newly created agenda window.
org-agenda.el,1053,option,org-agenda-follow-indirect,missing,,Non-nil means `org-agenda-follow-mode' displays only the
org-agenda.el,1060,option,org-agenda-show-outline-path,missing,,Non-nil means show outline path in echo area after line motion.
org-agenda.el,1072,option,org-agenda-start-with-entry-text-mode,missing,,The initial value of entry-text-mode in a newly created agenda window.
org-agenda.el,1077,option,org-agenda-entry-text-maxlines,missing,,Number of text lines to be added when `E' is pressed in the agenda.
org-agenda.el,1086,option,org-agenda-entry-text-exclude-regexps,missing,,List of regular expressions to clean up entry text.
org-agenda.el,1093,option,org-agenda-entry-text-leaders,missing,,Text prepended to the entry text in agenda buffers.
org-agenda.el,1100,option,org-agenda-start-with-archives-mode,missing,,Initial value of archive mode in a newly created agenda window.
org-agenda.el,1125,option,org-agenda-window-setup,missing,,How the agenda buffer should be displayed.
org-agenda.el,1152,option,org-agenda-window-frame-fractions,missing,,The min and max height of the agenda window as a fraction of frame height.
org-agenda.el,1159,option,org-agenda-restore-windows-after-quit,missing,,Non-nil means restore window configuration upon exiting agenda.
org-agenda.el,1169,option,org-agenda-span,missing,,Number of days to include in overview display.
org-agenda.el,1181,option,org-agenda-start-on-weekday,missing,,Non-nil means start the overview always on the specified weekday.
org-agenda.el,1192,option,org-agenda-show-all-dates,missing,,Non-nil means `org-agenda' shows every day in the selected range.
org-agenda.el,1198,option,org-agenda-format-date,missing,,Format string for displaying dates in the agenda.
org-agenda.el,1209,command,org-agenda-end-of-line,missing,,Go to the end of visible line.
org-agenda.el,1214,function,org-agenda-format-date-aligned,missing,,Format a DATE string for display in the daily/weekly agenda.
org-agenda.el,1237,option,org-agenda-time-leading-zero,missing,,Non-nil means use leading zero for military times in agenda.
org-agenda.el,1244,option,org-agenda-timegrid-use-ampm,missing,,"When set, show AM/PM style timestamps on the timegrid."
org-agenda.el,1250,option,org-agenda-clock-report-header,missing,,Header inserted before the table in Org agenda clock report mode.
org-agenda.el,1261,function,org-agenda-time-of-day-to-ampm,missing,,"Convert TIME of a string like ""13:45"" to an AM/PM style time string."
org-agenda.el,1278,function,org-agenda-time-of-day-to-ampm-maybe,missing,,Conditionally convert TIME to AM/PM format.
org-agenda.el,1285,option,org-agenda-weekend-days,missing,,Which days are weekend?
org-agenda.el,1298,option,org-agenda-move-date-from-past-immediately-to-today,missing,,Non-nil means jump to today when moving a past date forward in time.
org-agenda.el,1308,option,org-agenda-diary-file,missing,,File to which to add new entries with the `i' key in agenda and calendar.
org-agenda.el,1318,option,org-agenda-include-diary,missing,,"If non-nil, include in the agenda entries from the Emacs Calendar's diary."
org-agenda.el,1324,option,org-agenda-include-deadlines,missing,,"If non-nil, include entries within their deadline warning period."
org-agenda.el,1331,option,org-agenda-show-future-repeats,missing,,Non-nil shows repeated entries in the future part of the agenda.
org-agenda.el,1342,option,org-agenda-skip-scheduled-repeats-after-deadline,missing,,Non-nil hides scheduled repeated entries past deadline.
org-agenda.el,1349,option,org-agenda-prefer-last-repeat,missing,,Non-nil sets date for repeated entries to their last repeat.
org-agenda.el,1375,option,org-scheduled-past-days,missing,,Number of days to continue listing scheduled items not marked DONE.
org-agenda.el,1384,option,org-deadline-past-days,missing,,Number of days to warn about missed deadlines.
org-agenda.el,1395,option,org-agenda-log-mode-items,missing,,List of items that should be shown in agenda log mode.
org-agenda.el,1409,option,org-agenda-clock-consistency-checks,missing,,"This is a property list, with the following keys:"
org-agenda.el,1453,option,org-agenda-log-mode-add-notes,missing,,Non-nil means add first line of notes to log entries in agenda views.
org-agenda.el,1461,option,org-agenda-start-with-log-mode,missing,,The initial value of log-mode in a newly created agenda window.
org-agenda.el,1475,option,org-agenda-start-with-clockreport-mode,missing,,The initial value of clockreport-mode in a newly created agenda window.
org-agenda.el,1481,option,org-agenda-clockreport-parameter-plist,missing,,Property list with parameters for the clocktable in clockreport mode.
org-agenda.el,1495,option,org-agenda-search-view-always-boolean,missing,,Non-nil means the search string is interpreted as individual parts.
org-agenda.el,1523,option,org-agenda-search-view-force-full-words,missing,,"Non-nil means, search words must be matches as complete words."
org-agenda.el,1530,option,org-agenda-search-view-max-outline-level,missing,,Maximum outline level to display in search view.
org-agenda.el,1545,option,org-agenda-search-headline-for-time,missing,,Non-nil means search headline for a time-of-day.
org-agenda.el,1553,option,org-agenda-use-time-grid,missing,,Non-nil means show a time grid in the agenda schedule.
org-agenda.el,1563,option,org-agenda-time-grid,missing,,The settings for time grid for agenda display.
org-agenda.el,1604,option,org-agenda-show-current-time-in-grid,missing,,Non-nil means show the current time in the time grid.
org-agenda.el,1610,option,org-agenda-current-time-string,missing,,The string for the current time marker in the agenda.
org-agenda.el,1626,option,org-agenda-sorting-strategy,missing,,Sorting structure for the agenda items of a single day.
org-agenda.el,1706,option,org-agenda-cmp-user-defined,missing,,A function to define the comparison `user-defined'.
org-agenda.el,1716,option,org-agenda-sort-notime-is-late,missing,,Non-nil means items without time are considered late.
org-agenda.el,1726,option,org-agenda-sort-noeffort-is-high,missing,,Non-nil means items without effort estimate are sorted as high effort.
org-agenda.el,1740,option,org-agenda-prefix-format,missing,,Format specifications for the prefix of items in the agenda views.
org-agenda.el,1817,option,org-agenda-breadcrumbs-separator,missing,,The separator of breadcrumbs in agenda lines.
org-agenda.el,1830,option,org-agenda-todo-keyword-format,missing,,Format for the TODO keyword in agenda lines.
org-agenda.el,1837,option,org-agenda-diary-sexp-prefix,missing,,A regexp that matches part of a diary sexp entry
org-agenda.el,1847,option,org-agenda-timerange-leaders,missing,,Text preceding timerange entries in the agenda view.
org-agenda.el,1864,option,org-agenda-scheduled-leaders,missing,,Text preceding scheduled items in the agenda view.
org-agenda.el,1879,option,org-agenda-inactive-leader,missing,,Text preceding item pulled into the agenda by inactive time stamps.
org-agenda.el,1886,option,org-agenda-deadline-leaders,missing,,Text preceding deadline items in the agenda view.
org-agenda.el,1900,option,org-agenda-remove-times-when-in-prefix,missing,,Non-nil means remove duplicate time specifications in agenda items.
org-agenda.el,1917,option,org-agenda-remove-timeranges-from-blocks,missing,,Non-nil means remove time ranges specifications in agenda
org-agenda.el,1924,option,org-agenda-default-appointment-duration,missing,,Default duration for appointments that only have a starting time.
org-agenda.el,1933,option,org-agenda-show-inherited-tags,missing,,Non-nil means show inherited tags in each agenda line.
org-agenda.el,1959,option,org-agenda-use-tag-inheritance,missing,,List of agenda view types where to use tag inheritance.
org-agenda.el,1984,option,org-agenda-hide-tags-regexp,missing,,Regular expression used to filter away specific tags in agenda views.
org-agenda.el,1997,option,org-agenda-remove-tags,missing,,Non-nil means remove the tags from the headline copy in the agenda.
org-agenda.el,2009,option,org-agenda-tags-column,missing,,Shift tags in agenda items to this column.
org-agenda.el,2025,option,org-agenda-fontify-priorities,missing,,Non-nil means highlight low and high priorities in agenda.
org-agenda.el,2025,command,org-agenda-fontify-priorities,missing,,"Make highest priority lines bold, and lowest italic."
org-agenda.el,2050,option,org-agenda-day-face-function,missing,,Function called to determine what face should be used to display a day.
org-agenda.el,2059,option,org-agenda-category-icon-alist,missing,,Alist of category icon to be displayed in agenda views.
org-agenda.el,2106,option,org-agenda-view-columns-initially,missing,,"When non-nil, switch to columns view right after creating the agenda."
org-agenda.el,2114,option,org-agenda-columns-show-summaries,missing,,Non-nil means show summaries for columns displayed in the agenda view.
org-agenda.el,2119,option,org-agenda-columns-compute-summary-properties,missing,,Non-nil means recompute all summary properties before column view.
org-agenda.el,2130,option,org-agenda-columns-add-appointments-to-effort-sum,missing,,Non-nil means the duration of an appointment will add to day effort.
org-agenda.el,2140,option,org-agenda-auto-exclude-function,missing,,A function called with a tag to decide if it is filtered on \<org-agenda-mode-map>`\[org-agenda-filter-by-tag] RET'.
org-agenda.el,2154,option,org-agenda-bulk-custom-functions,missing,,Alist of characters and custom functions for bulk actions.
org-agenda.el,2186,macro,org-agenda-with-point-at-orig-entry,missing,,Execute BODY with point at location given by `org-hd-marker' property.
org-agenda.el,2200,function,org-add-agenda-custom-command,missing,,Replace or add a command in `org-agenda-custom-commands'.
org-agenda.el,2209,macro,org-agenda--insert-overriding-header,missing,,Insert header into agenda view.
org-agenda.el,2237,command,org-agenda-menu,missing,,Agenda menu.
org-agenda.el,2249,command,org-agenda-follow-mode,missing,,Toggle follow mode in an agenda buffer.
org-agenda.el,2250,command,org-agenda-entry-text-mode,missing,,Toggle entry text mode in an agenda buffer.
org-agenda.el,2251,command,org-agenda-clockreport-mode,missing,,Toggle clocktable mode in an agenda buffer.
org-agenda.el,2270,option,org-agenda-sticky,missing,,Non-nil means agenda q key will bury agenda buffers.
org-agenda.el,2280,command,org-toggle-sticky-agenda,missing,,Toggle `org-agenda-sticky'.
org-agenda.el,2337,command,org-agenda-mode,missing,,Mode for time-sorted view on action items in Org files.
org-agenda.el,2733,command,org-agenda-undo,missing,,Undo a remote editing step in the agenda.
org-agenda.el,2767,function,org-verify-change-for-undo,missing,,Verify that a real change occurred between the undo lists L1 and L2.
org-agenda.el,2785,option,org-agenda-custom-commands-contexts,missing,,Alist of custom agenda keys and contextual rules.
org-agenda.el,2836,option,org-agenda-max-entries,missing,,Maximum number of entries to display in an agenda.
org-agenda.el,2854,option,org-agenda-max-todos,missing,,Maximum number of TODOs to display in an agenda.
org-agenda.el,2872,option,org-agenda-max-tags,missing,,Maximum number of tagged entries to display in an agenda.
org-agenda.el,2890,option,org-agenda-max-effort,missing,,Maximum cumulated effort duration for the agenda.
org-agenda.el,2912,command,org-agenda,missing,,Dispatch agenda commands to collect entries to the agenda buffer.
org-agenda.el,3099,command,org-agenda-append-agenda,missing,,Append another agenda view to the current one.
org-agenda.el,3113,function,org-agenda-normalize-custom-commands,missing,,Normalize custom commands CMDS.
org-agenda.el,3124,function,org-agenda-get-restriction-and-command,missing,,The user interface for selecting an agenda command.
org-agenda.el,3327,function,org-agenda-fit-window-to-buffer,missing,,Fit the window to the buffer size.
org-agenda.el,3344,function,org-agenda-run-series,missing,,Run agenda NAME as a SERIES of agenda commands.
org-agenda.el,3403,function,org-agenda--split-plist,missing,,
org-agenda.el,3412,macro,org-batch-agenda,missing,,Run an agenda command in batch mode and send the result to STDOUT.
org-agenda.el,3422,function,org--batch-agenda,missing,,
org-agenda.el,3436,macro,org-batch-agenda-csv,missing,,Run an agenda command in batch mode and send the result to STDOUT.
org-agenda.el,3473,function,org--batch-agenda-csv,missing,,
org-agenda.el,3495,function,org-fix-agenda-info,missing,,Make sure all properties on an agenda item have a canonical form.
org-agenda.el,3530,function,org-agenda-export-csv-mapper,missing,,
org-agenda.el,3540,command,org-store-agenda-views,missing,,Store agenda views.
org-agenda.el,3546,macro,org-batch-store-agenda-views,missing,,Run all custom agenda commands that have a file argument.
org-agenda.el,3551,function,org--batch-store-agenda-views,missing,,
org-agenda.el,3592,function,org-agenda-mark-header-line,missing,,Mark the line at POS as an agenda structure header.
org-agenda.el,3604,command,org-agenda-write,missing,,Write the current buffer (an agenda view) as a file.
org-agenda.el,3699,function,org-agenda-remove-marked-text,missing,,Delete all text marked with VALUE of PROPERTY.
org-agenda.el,3710,function,org-agenda-add-entry-text,missing,,Add entry text to agenda lines.
org-agenda.el,3729,function,org-agenda-get-some-entry-text,missing,,"Extract entry text from MARKER, at most N-LINES lines."
org-agenda.el,3813,function,org-check-for-org-mode,missing,,Make sure current buffer is in Org mode.  Error if not.
org-agenda.el,3855,function,org-agenda-filter-any,missing,,Is any filter active?
org-agenda.el,3892,function,org-agenda-use-sticky-p,missing,,Return non-nil if an agenda buffer named
org-agenda.el,3915,function,org-agenda--get-buffer-name,missing,,
org-agenda.el,3921,function,org-agenda-prepare-window,missing,,Setup agenda buffer in the window.
org-agenda.el,3956,function,org-agenda-prepare,missing,,
org-agenda.el,4015,function,org-agenda-finalize,missing,,Finishing touch for the agenda buffer.
org-agenda.el,4093,function,org-agenda-mark-clocking-task,missing,,Mark the current clock entry in the agenda if it is present.
org-agenda.el,4116,function,org-agenda-unmark-clocking-task,missing,,Unmark the current clocking task.
org-agenda.el,4196,function,org-agenda--mark-blocked-entry,missing,,"If ENTRY is blocked, mark it for fontification or invisibility."
org-agenda.el,4248,function,org-agenda-skip,missing,,Throw to `:skip' in places that should be skipped.
org-agenda.el,4275,function,org-agenda-skip-eval,missing,,"If FORM is a function or a list, call (or eval) it and return the result."
org-agenda.el,4295,function,org-agenda-new-marker,missing,,Return a new agenda marker.
org-agenda.el,4307,function,org-agenda-reset-markers,missing,,Reset markers created by `org-agenda'.
org-agenda.el,4312,function,org-agenda-save-markers-for-cut-and-paste,missing,,Save relative positions of markers in region.
org-agenda.el,4323,function,org-agenda-entry-text-show-here,missing,,Add some text from the entry as context to the current line.
org-agenda.el,4339,command,org-agenda-entry-text-show,missing,,Add entry context for all agenda lines.
org-agenda.el,4350,function,org-agenda-entry-text-hide,missing,,Remove any shown entry context.
org-agenda.el,4358,function,org-agenda-get-day-face,missing,,Return the face DATE should be displayed with.
org-agenda.el,4387,command,org-agenda-list,missing,,Produce a daily/weekly view from all files in variable `org-agenda-files'.
org-agenda.el,4593,function,org-agenda-ndays-to-span,missing,,"Return a span symbol for a span of N days, or N if none matches."
org-agenda.el,4601,function,org-agenda-span-to-ndays,missing,,"Return ndays from SPAN, possibly starting at START-DAY."
org-agenda.el,4615,function,org-agenda-span-name,missing,,Return a SPAN name.
org-agenda.el,4627,function,org-search-syntax-table,missing,,
org-agenda.el,4643,command,org-search-view,missing,,Show all entries that contain a phrase or words or regular expressions.
org-agenda.el,4942,function,org-agenda-propertize-selected-todo-keywords,missing,,Use `org-todo-keyword-faces' for the selected todo KEYWORDS.
org-agenda.el,4963,command,org-todo-list,missing,,Show all (not done) TODO entries from all agenda files in a single list.
org-agenda.el,5055,command,org-tags-view,missing,,Show all headlines for all `org-agenda-files' matching a TAGS criterion.
org-agenda.el,5168,function,org-agenda-skip-entry-if,missing,,Skip entry if any of CONDITIONS is true.
org-agenda.el,5176,function,org-agenda-skip-subtree-if,missing,,Skip subtree if any of CONDITIONS is true.
org-agenda.el,5184,function,org-agenda-skip-if,missing,,Check current entity for CONDITIONS.
org-agenda.el,5260,function,org-agenda-skip-if-todo,missing,,"Helper function for `org-agenda-skip-if', do not use it directly."
org-agenda.el,5299,command,org-agenda-list-stuck-projects,missing,,Create agenda view for projects that are stuck.
org-agenda.el,5362,function,org-get-entries-from-diary,missing,,Get the (Emacs Calendar) diary entries for DATE.
org-agenda.el,5416,function,org-agenda-cleanup-fancy-diary,missing,,Remove unwanted stuff in buffer created by `diary-fancy-display'.
org-agenda.el,5438,function,org-modify-diary-entry-string,missing,,"Add text properties to string, allowing Org to act on it."
org-agenda.el,5449,function,org-diary-default-entry,missing,,Add a dummy entry to the diary.
org-agenda.el,5459,function,org-diary,missing,,Return diary information from org files.
org-agenda.el,5521,function,org-agenda--timestamp-to-absolute,missing,,Call `org-time-string-to-absolute' with ARGS.
org-agenda.el,5531,function,org-agenda-get-day-entries,missing,,Does the work for `org-diary' and `org-agenda'.
org-agenda.el,5595,function,org-em,missing,,Is X or Y a member of LIST?
org-agenda.el,5602,function,org-agenda-entry-get-agenda-timestamp,missing,,Retrieve timestamp information for sorting agenda views.
org-agenda.el,5636,function,org-agenda-get-todos,missing,,Return the TODO information for agenda display.
org-agenda.el,5722,function,org-agenda-todo-custom-ignore-p,missing,,Check whether timestamp is farther away than n number of days.
org-agenda.el,5734,function,org-agenda-check-for-timestamp-as-reason-to-ignore-todo-item,missing,,Do we have a reason to ignore this TODO entry because it has a time stamp?
org-agenda.el,5808,function,org-agenda-get-timestamps,missing,,Return the date stamp information for agenda display.
org-agenda.el,5961,function,org-agenda-get-sexps,missing,,Return the sexp information for agenda display.
org-agenda.el,6043,function,org-anniversary,done,time::diary,"Like `diary-anniversary', but with fixed (ISO) order of arguments."
org-agenda.el,6048,function,org-cyclic,done,time::diary,"Like `diary-cyclic', but with fixed (ISO) order of arguments."
org-agenda.el,6053,function,org-block,done,time::diary,"Like `diary-block', but with fixed (ISO) order of arguments."
org-agenda.el,6058,function,org-date,done,time::diary,"Like `diary-date', but with fixed (ISO) order of arguments."
org-agenda.el,6065,function,org-class,done,time::diary (holidays as above),"Entry applies if date is between dates on DAYNAME, but skips SKIP-WEEKS."
org-agenda.el,6090,function,org-get-closed,missing,,Return the logged TODO entries for agenda display.
org-agenda.el,6091,function,org-agenda-get-progress,missing,,Return the logged TODO entries for agenda display.
org-agenda.el,6208,command,org-agenda-show-clocking-issues,missing,,"Add overlays, showing issues with clocking."
org-agenda.el,6298,function,org-agenda-check-clock-gap,missing,,Check if gap T1 -> T2 contains one of the OK-LIST time-of-day values.
org-agenda.el,6330,function,org-agenda-get-deadlines,missing,,Return the deadline information for agenda display.
org-agenda.el,6524,function,org-agenda-deadline-face,missing,,Return the face to displaying a deadline item.
org-agenda.el,6529,function,org-agenda-get-scheduled,missing,,Return the scheduled information for agenda display.
org-agenda.el,6783,function,org-agenda-get-blocks,missing,,Return the date-range information for agenda display.
org-agenda.el,6934,function,org-agenda-get-category-icon,missing,,Return an image for CATEGORY according to `org-agenda-category-icon-alist'.
org-agenda.el,6942,function,org-agenda-format-item,missing,,Format TXT to be inserted into the agenda buffer.
org-agenda.el,7149,function,org-agenda-fix-displayed-tags,missing,,"Remove tags string from TXT, and add a modified list of tags."
org-agenda.el,7183,function,org-agenda-add-time-grid-maybe,missing,,Add a time-grid for agenda items which need it.
org-agenda.el,7231,function,org-compile-prefix-format,missing,,Compile the prefix format into a Lisp form that can be evaluated.
org-agenda.el,7300,function,org-set-sorting-strategy,missing,,
org-agenda.el,7309,function,org-get-time-of-day,missing,,Check string S for a time of day.
org-agenda.el,7373,function,org-agenda-finalize-entries,missing,,"Sort, limit and concatenate the LIST of agenda items."
org-agenda.el,7419,function,org-agenda-limit-entries,missing,,Limit the number of agenda entries.
org-agenda.el,7437,command,org-agenda-limit-interactively,missing,,"In agenda, interactively limit entries to various maximums."
org-agenda.el,7463,function,org-agenda-highlight-todo,missing,,
org-agenda.el,7516,function,org-cmp-values,missing,,Compare the numeric value of text PROPERTY for string A and B.
org-agenda.el,7523,function,org-cmp-effort,missing,,Compare the effort values of string A and B.
org-agenda.el,7537,function,org-cmp-category,missing,,Compare the string values of categories of strings A and B.
org-agenda.el,7544,function,org-cmp-todo-state,missing,,Compare the todo states of strings A and B.
org-agenda.el,7566,function,org-cmp-alpha,missing,,"Compare the headlines, alphabetically."
org-agenda.el,7591,function,org-cmp-tag,missing,,Compare the string values of the first tags of A and B.
org-agenda.el,7601,function,org-cmp-time,missing,,Compare the time-of-day values of strings A and B.
org-agenda.el,7609,function,org-cmp-ts,missing,,Compare the timestamps values of entries A and B.
org-agenda.el,7624,function,org-cmp-habit-p,missing,,Compare the todo states of strings A and B.
org-agenda.el,7631,function,org-entries-lessp,missing,,Predicate for sorting agenda entries A and B.
org-agenda.el,7691,command,org-agenda-set-restriction-lock-from-agenda,missing,,Set the restriction lock to the agenda item at point from within the agenda.
org-agenda.el,7708,command,org-agenda-set-restriction-lock,missing,,Set restriction lock for agenda to current subtree or file.
org-agenda.el,7757,command,org-agenda-remove-restriction-lock,missing,,Remove agenda restriction lock.
org-agenda.el,7773,function,org-agenda-maybe-redo,missing,,"If there is any window showing the agenda view, update it."
org-agenda.el,7790,function,org-agenda-check-type,missing,,Check if agenda buffer or component is of allowed type.
org-agenda.el,7801,command,org-agenda-Quit,missing,,"Exit the agenda, killing the agenda buffer."
org-agenda.el,7808,command,org-agenda-quit,missing,,Exit the agenda.
org-agenda.el,7822,function,org-agenda--quit,missing,,
org-agenda.el,7861,command,org-agenda-exit,missing,,"Exit the agenda, killing Org buffers loaded by the agenda."
org-agenda.el,7873,command,org-agenda-kill-all-agenda-buffers,missing,,Kill all buffers in `org-agenda-mode'.
org-agenda.el,7883,command,org-agenda-execute,missing,,"Execute another agenda command, keeping same window."
org-agenda.el,7891,command,org-agenda-redo,missing,,Rebuild possibly ALL agenda view(s) in the current buffer.
org-agenda.el,7957,command,org-agenda-redo-all,missing,,Rebuild all agenda views in the current buffer.
org-agenda.el,7972,function,org-agenda-get-category,missing,,Return the category of the agenda line.
org-agenda.el,7976,command,org-agenda-filter-by-category,missing,,Filter lines in the agenda buffer that have a specific category.
org-agenda.el,7998,function,org-find-top-headline,missing,,Find the topmost parent headline and return it.
org-agenda.el,8013,command,org-agenda-filter-by-top-headline,missing,,Keep only those lines that are descendants from the same top headline.
org-agenda.el,8028,command,org-agenda-filter-by-regexp,missing,,Filter agenda entries by a regular expressions.
org-agenda.el,8053,command,org-agenda-filter-by-effort,missing,,Filter agenda entries by effort.
org-agenda.el,8105,command,org-agenda-filter,missing,,Prompt for a general filter string and apply it to the agenda.
org-agenda.el,8217,function,org-agenda-filter-completion-function,missing,,Complete a complex filter string.
org-agenda.el,8263,command,org-agenda-filter-remove-all,missing,,Remove all filters from the current agenda buffer.
org-agenda.el,8280,command,org-agenda-filter-by-tag,missing,,Keep only those lines in the agenda buffer that have a specific tag.
org-agenda.el,8368,function,org-agenda-get-represented-categories,missing,,Return a list of all categories used in this agenda buffer.
org-agenda.el,8384,function,org-agenda-get-represented-tags,missing,,Return a list of all tags used in this agenda buffer.
org-agenda.el,8406,function,org-agenda-filter-make-matcher,missing,,Create the form that tests a line for agenda filter.
org-agenda.el,8462,function,org-agenda-filter-make-matcher-tag-exp,missing,,Return a form associated to tag-expression TAGS.
org-agenda.el,8480,function,org-agenda-filter-effort-form,missing,,Return the form to compare the effort of the current line with what E says.
org-agenda.el,8493,function,org-agenda-compare-effort,missing,,"Compare the effort of the current line with VALUE, using OP."
org-agenda.el,8503,function,org-agenda-filter-expand-tags,missing,,Expand group tags in FILTER for the agenda.
org-agenda.el,8522,function,org-agenda-filter-apply,missing,,Set FILTER as the new agenda filter and apply it.
org-agenda.el,8552,function,org-agenda-filter-top-headline-apply,missing,,Filter by top headline HL.
org-agenda.el,8569,function,org-agenda-filter-hide-line,missing,,"If current line is TYPE, hide it in the agenda buffer."
org-agenda.el,8578,function,org-agenda-remove-filter,missing,,Remove filter of type TYPE from the agenda buffer.
org-agenda.el,8594,function,org-agenda-filter-show-all-tag,missing,,
org-agenda.el,8596,function,org-agenda-filter-show-all-re,missing,,
org-agenda.el,8598,function,org-agenda-filter-show-all-effort,missing,,
org-agenda.el,8600,function,org-agenda-filter-show-all-cat,missing,,
org-agenda.el,8602,function,org-agenda-filter-show-all-top-filter,missing,,
org-agenda.el,8605,command,org-agenda-manipulate-query-add,missing,,Manipulate the query by adding a search term with positive selection.
org-agenda.el,8610,command,org-agenda-manipulate-query-subtract,missing,,Manipulate the query by adding a search term with negative selection.
org-agenda.el,8615,command,org-agenda-manipulate-query-add-re,missing,,Manipulate the query by adding a search regexp with positive selection.
org-agenda.el,8620,command,org-agenda-manipulate-query-subtract-re,missing,,Manipulate the query by adding a search regexp with negative selection.
org-agenda.el,8625,function,org-agenda-manipulate-query,missing,,
org-agenda.el,8660,function,org-add-to-string,missing,,
org-agenda.el,8663,command,org-agenda-goto-date,missing,,Jump to DATE in the agenda buffer.
org-agenda.el,8705,command,org-agenda-goto-today,missing,,Go to today's date in the agenda buffer.
org-agenda.el,8728,function,org-agenda-find-same-or-today-or-agenda,missing,,
org-agenda.el,8737,command,org-agenda-backward-block,missing,,Move backward by one agenda block.
org-agenda.el,8742,command,org-agenda-forward-block,missing,,Move forward by one agenda block.
org-agenda.el,8769,command,org-agenda-later,missing,,Go forward in time by the current span in the agenda buffer.
org-agenda.el,8816,command,org-agenda-earlier,missing,,Go backward in time by the current span in the agenda buffer.
org-agenda.el,8827,command,org-agenda-view-mode-dispatch,missing,,Call one of the view mode commands.
org-agenda.el,8859,command,org-agenda-reset-view,missing,,Switch to default view for agenda.
org-agenda.el,8864,command,org-agenda-day-view,missing,,Switch to daily view for agenda.
org-agenda.el,8870,command,org-agenda-week-view,missing,,Switch to weekly view for agenda.
org-agenda.el,8880,command,org-agenda-fortnight-view,missing,,Switch to fortnightly view for agenda.
org-agenda.el,8890,command,org-agenda-month-view,missing,,Switch to monthly view for agenda.
org-agenda.el,8900,command,org-agenda-year-view,missing,,Switch to yearly view for agenda.
org-agenda.el,8912,function,org-agenda-change-time-span,missing,,Change the agenda view to SPAN.
org-agenda.el,8933,function,org-agenda-compute-starting-span,missing,,Compute starting date for agenda.
org-agenda.el,8977,command,org-agenda-next-date-line,missing,,Jump to the next line indicating a date in agenda buffer.
org-agenda.el,8989,command,org-agenda-previous-date-line,missing,,Jump to the previous line indicating a date in agenda buffer.
org-agenda.el,9001,function,org-highlight,missing,,Highlight a region with overlay.
org-agenda.el,9005,function,org-unhighlight,missing,,Detach overlay INDEX.
org-agenda.el,9009,function,org-unhighlight-once,missing,,"Remove the highlight from its position, and this function from the hook."
org-agenda.el,9061,command,org-agenda-log-mode,missing,,Toggle log mode in an agenda buffer.
org-agenda.el,9105,command,org-agenda-toggle-diary,missing,,Toggle diary inclusion in an agenda buffer.
org-agenda.el,9115,command,org-agenda-toggle-deadlines,missing,,Toggle inclusion of entries with a deadline in an agenda buffer.
org-agenda.el,9125,command,org-agenda-toggle-time-grid,missing,,Toggle time grid in an agenda buffer.
org-agenda.el,9135,function,org-agenda-set-mode-name,missing,,Set the mode name to indicate all the small mode settings.
org-agenda.el,9214,function,org-agenda-update-agenda-type,missing,,Update the agenda type after each command.
org-agenda.el,9220,command,org-agenda-next-line,missing,,"Move cursor to the next line, and show if follow mode is active."
org-agenda.el,9226,command,org-agenda-previous-line,missing,,"Move cursor to the previous line, and show if follow mode is active."
org-agenda.el,9232,command,org-agenda-next-item,missing,,Move cursor to next agenda item.
org-agenda.el,9243,command,org-agenda-previous-item,missing,,Move cursor to next agenda item.
org-agenda.el,9255,function,org-agenda-do-context-action,missing,,"Show outline path and, maybe, follow mode window."
org-agenda.el,9267,command,org-agenda-show-tags,missing,,Show the tags applicable to the current item.
org-agenda.el,9276,command,org-agenda-goto,missing,,Go to the entry at point in the corresponding Org file.
org-agenda.el,9307,option,org-agenda-loop-over-headlines-in-active-region,missing,,Shall some commands act upon headlines in the active region?
org-agenda.el,9309,function,org-agenda-do-in-region,missing,,"Between region BEG and END, call agenda command CMD."
org-agenda.el,9337,macro,org-agenda-maybe-loop,missing,,Maybe loop over agenda entries and perform CMD.
org-agenda.el,9348,command,org-agenda-kill,missing,,Kill the entry or subtree belonging to the current agenda entry.
org-agenda.el,9389,command,org-agenda-archive-default,missing,,Archive the entry or subtree belonging to the current agenda entry.
org-agenda.el,9396,command,org-agenda-archive-default-with-confirmation,missing,,Archive the entry or subtree belonging to the current agenda entry.
org-agenda.el,9403,command,org-agenda-archive,missing,,Archive the entry or subtree belonging to the current agenda entry.
org-agenda.el,9409,command,org-agenda-archive-to-archive-sibling,missing,,Move the entry to the archive sibling.
org-agenda.el,9417,command,org-agenda-archive-with,missing,,Move the entry to the archive sibling.
org-agenda.el,9443,function,org-remove-subtree-entries-from-agenda,missing,,Remove all lines in the agenda that correspond to a given subtree.
org-agenda.el,9469,command,org-agenda-refile,missing,,Refile the item at point.
org-agenda.el,9507,command,org-agenda-open-link,missing,,"Open the link(s) in the current entry, if any."
org-agenda.el,9553,function,org-agenda-copy-local-variable,missing,,Get a variable from a referenced buffer and install it here.
org-agenda.el,9561,command,org-agenda-switch-to,missing,,Go to the Org mode file which contains the item at point.
org-agenda.el,9584,command,org-agenda-goto-mouse,missing,,Go to the Org file which contains the item at the mouse click.
org-agenda.el,9590,command,org-agenda-show,missing,,Display the Org file which contains the item at point.
org-agenda.el,9601,command,org-agenda-show-and-scroll-up,missing,,Display the Org file which contains the item at point.
org-agenda.el,9625,command,org-agenda-show-scroll-down,missing,,Scroll down the window showing the agenda.
org-agenda.el,9634,command,org-agenda-show-1,missing,,Display the Org file which contains the item at point.
org-agenda.el,9678,command,org-agenda-cycle-show,missing,,"Show the current entry in another window, with default settings."
org-agenda.el,9702,command,org-agenda-recenter,missing,,Display the Org file which contains the item at point and recenter.
org-agenda.el,9710,command,org-agenda-show-mouse,missing,,Display the Org file which contains the item at the mouse click.
org-agenda.el,9716,function,org-agenda-check-no-diary,missing,,Check if the entry is a diary link and abort if yes.
org-agenda.el,9721,function,org-agenda-error,missing,,Throw an error when a command is not allowed in the agenda.
org-agenda.el,9725,command,org-agenda-tree-to-indirect-buffer,missing,,Show the subtree corresponding to the current entry in an indirect buffer.
org-agenda.el,9753,command,org-agenda-todo-nextset,missing,,Switch TODO entry to next sequence.
org-agenda.el,9758,command,org-agenda-todo-previousset,missing,,Switch TODO entry to previous sequence.
org-agenda.el,9765,command,org-agenda-todo,missing,,"Cycle TODO state of line at point, also in Org file."
org-agenda.el,9817,command,org-agenda-add-note,missing,,Add a time-stamped note to the entry at point.
org-agenda.el,9833,function,org-agenda-change-all-lines,missing,,Change all lines in the agenda buffer which match HDMARKER.
org-agenda.el,9911,function,org-agenda-align-tags,missing,,Align all tags in agenda items to `org-agenda-tags-column'.
org-agenda.el,9947,command,org-agenda-priority-up,missing,,"Increase the priority of line at point, also in Org file."
org-agenda.el,9952,command,org-agenda-priority-down,missing,,"Decrease the priority of line at point, also in Org file."
org-agenda.el,9957,command,org-agenda-priority,missing,,"Set the priority of line at point, also in Org file."
org-agenda.el,9990,command,org-agenda-set-tags,missing,,Set tags for the current headline.
org-agenda.el,10015,command,org-agenda-set-property,missing,,Set a property for the current headline.
org-agenda.el,10034,command,org-agenda-set-effort,missing,,Set the effort property for the current headline.
org-agenda.el,10056,command,org-agenda-toggle-archive-tag,missing,,Toggle the archive tag for the current entry.
org-agenda.el,10079,command,org-agenda-do-date-later,missing,,
org-agenda.el,10095,command,org-agenda-do-date-earlier,missing,,
org-agenda.el,10111,command,org-agenda-date-later,missing,,Change the date of this item to ARG day(s) later.
org-agenda.el,10150,command,org-agenda-date-earlier,missing,,Change the date of this item to ARG day(s) earlier.
org-agenda.el,10155,command,org-agenda-date-later-minutes,missing,,"Change the time of this item, in units of `org-time-stamp-rounding-minutes'."
org-agenda.el,10161,command,org-agenda-date-earlier-minutes,missing,,"Change the time of this item, in units of `org-time-stamp-rounding-minutes'."
org-agenda.el,10167,command,org-agenda-date-later-hours,missing,,"Change the time of this item, in hour steps."
org-agenda.el,10172,command,org-agenda-date-earlier-hours,missing,,"Change the time of this item, in hour steps."
org-agenda.el,10177,function,org-agenda-show-new-time,missing,,Show new date stamp via text properties.
org-agenda.el,10202,command,org-agenda-date-prompt,missing,,"Change the date of this item.  Date is prompted for, with default today."
org-agenda.el,10224,command,org-agenda-schedule,missing,,Schedule the item at point.
org-agenda.el,10247,command,org-agenda-deadline,missing,,Schedule the item at point.
org-agenda.el,10268,command,org-agenda-clock-in,missing,,Start the clock on the currently selected item.
org-agenda.el,10290,command,org-agenda-clock-out,missing,,Stop the currently running clock.
org-agenda.el,10309,command,org-agenda-clock-cancel,missing,,Cancel the currently running clock.
org-agenda.el,10318,command,org-agenda-clock-goto,missing,,Jump to the currently clocked-in task from the agenda.
org-agenda.el,10349,function,org-agenda-diary-entry-in-org-file,missing,,Make a diary entry in the file `org-agenda-diary-file'.
org-agenda.el,10392,option,org-agenda-insert-diary-strategy,missing,,Where in `org-agenda-diary-file' should new entries be added?
org-agenda.el,10405,option,org-agenda-insert-diary-extract-time,missing,,Non-nil means extract any time specification from the diary entry.
org-agenda.el,10411,option,org-agenda-bulk-mark-char,missing,,A single-character string to be used as the bulk mark.
org-agenda.el,10417,function,org-agenda-add-entry-to-org-agenda-diary-file,missing,,Add a diary entry with TYPE to `org-agenda-diary-file'.
org-agenda.el,10497,function,org-agenda-insert-diary-as-top-level,missing,,Make new entry as a top-level entry at the end of the file.
org-agenda.el,10510,function,org-agenda-insert-diary-make-new-entry,missing,,Make a new entry with TEXT as a child of the current subtree.
org-agenda.el,10534,command,org-agenda-diary-entry,missing,,"Make a diary entry, like the `i' command from the calendar."
org-agenda.el,10580,function,org-agenda-execute-calendar-command,missing,,Execute a calendar command from the agenda with date from cursor.
org-agenda.el,10603,command,org-agenda-phases-of-moon,missing,,Display the phases of the moon for the 3 months around the cursor date.
org-agenda.el,10608,command,org-agenda-holidays,missing,,Display the holidays for the 3 months around the cursor date.
org-agenda.el,10617,command,org-agenda-sunrise-sunset,missing,,Display sunrise and sunset for the cursor date.
org-agenda.el,10630,command,org-agenda-goto-calendar,missing,,Open the Emacs calendar with the date at the cursor.
org-agenda.el,10644,command,org-calendar-goto-agenda,missing,,Compute the Org agenda for the calendar date displayed at the cursor.
org-agenda.el,10656,command,org-agenda-convert-date,missing,,
org-agenda.el,10686,function,org-agenda-bulk-marked-p,missing,,Non-nil when current entry is marked for bulk action.
org-agenda.el,10691,command,org-agenda-bulk-mark,missing,,Mark entries for future bulk action.
org-agenda.el,10735,command,org-agenda-bulk-mark-all,missing,,Mark all entries for future agenda bulk action.
org-agenda.el,10740,command,org-agenda-bulk-mark-regexp,missing,,Mark entries matching REGEXP for future agenda bulk action.
org-agenda.el,10758,command,org-agenda-bulk-unmark,missing,,Unmark the entry at point for future bulk action.
org-agenda.el,10779,command,org-agenda-bulk-toggle-all,missing,,Toggle all marks for bulk action.
org-agenda.el,10788,command,org-agenda-bulk-toggle,missing,,Toggle the mark at point for bulk action.
org-agenda.el,10795,command,org-agenda-bulk-remove-overlays,missing,,Remove the mark overlays between BEG and END in the agenda buffer.
org-agenda.el,10807,command,org-agenda-bulk-unmark-all,missing,,Remove all marks in the agenda buffer.
org-agenda.el,10816,option,org-agenda-persistent-marks,missing,,Non-nil means marked items will stay marked after a bulk action.
org-agenda.el,10851,command,org-agenda-bulk-action,missing,,Execute an remote-editing action on all marked entries.
org-agenda.el,11049,command,org-agenda-capture,missing,,Call `org-capture' with the date at point.
org-agenda.el,11062,function,org-agenda-reapply-filters,missing,,Re-apply all agenda filters.
org-agenda.el,11075,command,org-agenda-drag-line-forward,missing,,Drag an agenda line forward by ARG lines.
org-agenda.el,11097,command,org-agenda-drag-line-backward,missing,,Drag an agenda line backward by ARG lines.
org-agenda.el,11104,command,org-agenda-show-the-flagging-note,missing,,Display the flagging note in the other window.
org-agenda.el,11137,function,org-agenda-remove-flag,missing,,Remove the FLAGGED tag and any flagging note in the entry.
org-agenda.el,11147,function,org-agenda-get-any-marker,missing,,
org-agenda.el,11156,command,org-agenda-to-appt,missing,,Activate appointments found in `org-agenda-files'.
org-agenda.el,11255,function,org-agenda-today-p,missing,,Non-nil when DATE means today.
org-agenda.el,11264,command,org-agenda-todo-yesterday,missing,,Like `org-agenda-todo' but the time of change will be 23:59 of yesterday.
org-agenda.el,11272,command,org-agenda-ctrl-c-ctrl-c,missing,,Set tags in agenda buffer.
org-agenda.el,,option,org-agenda-align-tags-to-column,missing,,Shift tags in agenda items to this column.
org-agenda.el,,option,org-agenda-search-view-search-words-only,missing,,Non-nil means the search string is interpreted as individual parts.
org-agenda.el,,option,org-agenda-remove-tags-when-in-prefix,missing,,Non-nil means remove the tags from the headline copy in the agenda.
org-archive.el,43,option,org-archive-default-command,missing,,The default archiving command.
org-archive.el,51,option,org-archive-reversed-order,missing,,"Non-nil means make the tree first child under the archive heading, not last."
org-archive.el,57,option,org-archive-sibling-heading,missing,,Name of the local archive sibling that is used to archive entries locally.
org-archive.el,64,option,org-archive-mark-done,missing,,Non-nil means mark entries as DONE when they are moved to the archive file.
org-archive.el,74,option,org-archive-stamp-time,missing,,Non-nil means add a time stamp to entries moved to an archive file.
org-archive.el,81,option,org-archive-file-header-format,missing,,The header format string for newly created archive files.
org-archive.el,90,option,org-archive-subtree-add-inherited-tags,missing,,Non-nil means append inherited tags when archiving a subtree.
org-archive.el,99,option,org-archive-subtree-save-file-p,missing,,Conditionally save the archive file after archiving a subtree.
org-archive.el,118,option,org-archive-save-context-info,missing,,Parts of context info that should be stored as properties when archiving.
org-archive.el,151,option,org-archive-hook,missing,,Hook run after successfully archiving a subtree.
org-archive.el,160,option,org-archive-finalize-hook,missing,,Hook run after successfully archiving a subtree in final location.
org-archive.el,173,function,org-add-archive-files,missing,,Splice the archive FILES into the list of files.
org-archive.el,190,function,org-all-archive-files,missing,,List of all archive files used in the current buffer.
org-archive.el,203,function,org-archive--compute-location,missing,,Extract and expand the location from archive LOCATION.
org-archive.el,223,command,org-archive-subtree,missing,,Move the current subtree to the archive.
org-archive.el,450,command,org-archive-to-archive-sibling,missing,,Archive the current heading by moving it under the archive sibling.
org-archive.el,527,function,org-archive-all-done,missing,,Archive sublevels of the current tree without open TODO items.
org-archive.el,539,function,org-archive-all-old,missing,,Archive sublevels of the current tree with timestamps prior to today.
org-archive.el,558,function,org-archive-all-matches,missing,,Archive sublevels of the current tree that match PREDICATE.
org-archive.el,613,command,org-toggle-archive-tag,missing,,Toggle the archive tag for the current headline.
org-archive.el,637,command,org-archive-set-tag,missing,,Set the ARCHIVE tag.
org-archive.el,651,command,org-archive-subtree-default,missing,,Archive the current subtree with the default command.
org-archive.el,658,command,org-archive-subtree-default-with-confirmation,missing,,Archive the current subtree with the default command.
org-attach-git.el,38,option,org-attach-git-annex-cutoff,missing,,"If non-nil, files larger than this will be annexed instead of stored."
org-attach-git.el,47,option,org-attach-git-annex-auto-get,missing,,Confirmation preference for automatically getting annex files.
org-attach-git.el,59,option,org-attach-git-dir,missing,,Attachment directory with the Git repository to use.
org-attach-git.el,71,function,org-attach-git-use-annex,missing,,Return non-nil if git annex can be used.
org-attach-git.el,82,function,org-attach-git-annex-get-maybe,missing,,Call git annex get PATH (via shell) if using git annex.
org-attach-git.el,107,function,org-attach-git-commit,missing,,Commit changes to git if `org-attach-id-dir' is properly initialized.
org-attach.el,61,option,org-attach-id-dir,missing,,The directory where attachments are stored.
org-attach.el,69,option,org-attach-dir-relative,missing,,Non-nil means directories in DIR property are added as relative links.
org-attach.el,77,option,org-attach-auto-tag,missing,,Tag that will be triggered automatically when an entry has an attachment.
org-attach.el,84,option,org-attach-preferred-new-method,missing,,Preferred way to attach to nodes without existing ID and DIR property.
org-attach.el,106,option,org-attach-method,missing,,The preferred method to attach a file.
org-attach.el,123,option,org-attach-expert,missing,,Non-nil means do not show the splash buffer with the attach dispatcher.
org-attach.el,128,option,org-attach-use-inheritance,missing,,Attachment inheritance for the outline.
org-attach.el,145,option,org-attach-store-link-p,missing,,Non-nil means store a link to a file when attaching it.
org-attach.el,158,option,org-attach-archive-delete,missing,,Non-nil means attachments are deleted upon archiving a subtree.
org-attach.el,169,function,org-attach-id-uuid-folder-format,missing,,Translate an UUID ID into a folder-path.
org-attach.el,178,function,org-attach-id-ts-folder-format,missing,,Translate an ID based on a timestamp to a folder-path.
org-attach.el,188,function,org-attach-id-fallback-folder-format,missing,,"Return ""__/X/ID"" folder path as a dumb fallback."
org-attach.el,203,option,org-attach-id-to-path-function-list,missing,,List of functions used to derive attachment path from an ID string.
org-attach.el,235,option,org-attach-commands,missing,,The list of commands for the attachment dispatcher.
org-attach.el,288,option,org-attach-sync-delete-empty-dir,missing,,Determine what to do with an empty attachment directory on sync.
org-attach.el,300,command,org-attach,missing,,The dispatcher for attachment commands.
org-attach.el,371,function,org-attach-dir,missing,,Return the directory associated with the current outline node.
org-attach.el,406,command,org-attach-dir-get-create,missing,,Return existing or new directory associated with the current outline node.
org-attach.el,436,function,org-attach-dir-from-id,missing,,Return a folder path based on `org-attach-id-dir' and ID.
org-attach.el,484,function,org-attach-check-absolute-path,missing,,Check if we have enough information to root the attachment directory.
org-attach.el,495,command,org-attach-set-directory,missing,,Set the DIR node property and ask to move files there.
org-attach.el,523,command,org-attach-unset-directory,missing,,Remove DIR node property.
org-attach.el,548,function,org-attach-tag,missing,,Turn the autotag on or (if OFF is set) off.
org-attach.el,559,function,org-attach-untag,missing,,Turn the autotag off.
org-attach.el,563,command,org-attach-url,missing,,Attach URL.
org-attach.el,571,command,org-attach-buffer,missing,,Attach BUFFER-NAME's contents to current outline node.
org-attach.el,585,command,org-attach-attach,missing,,Move/copy/link FILE into the attachment directory of the current outline node.
org-attach.el,655,command,org-attach-attach-cp,missing,,Attach a file by copying it.
org-attach.el,659,command,org-attach-attach-mv,missing,,Attach a file by moving (renaming) it.
org-attach.el,663,command,org-attach-attach-ln,missing,,Attach a file by creating a hard link to it.
org-attach.el,669,command,org-attach-attach-lns,missing,,Attach a file by creating a symbolic link to it.
org-attach.el,677,command,org-attach-new,missing,,Create a new attachment FILE for the current outline node.
org-attach.el,686,command,org-attach-delete-one,missing,,Delete a single ATTACHMENT.
org-attach.el,703,command,org-attach-delete-all,missing,,Delete all attachments from the current outline node.
org-attach.el,722,command,org-attach-sync,missing,,Synchronize the current outline node with its attachments.
org-attach.el,741,function,org-attach-file-list,missing,,Return a list of files in the attachment DIRECTORY.
org-attach.el,748,command,org-attach-reveal,missing,,Show the attachment directory of the current outline node.
org-attach.el,756,command,org-attach-reveal-in-emacs,missing,,Show the attachment directory of the current outline node in `dired'.
org-attach.el,763,command,org-attach-open,missing,,Open an attachment of the current outline node.
org-attach.el,781,command,org-attach-open-in-emacs,missing,,"Open attachment, force opening in Emacs."
org-attach.el,787,function,org-attach-expand,missing,,Return the full path to the current entry's attachment file FILE.
org-attach.el,792,function,org-attach-expand-links,missing,,Expand links in current buffer.
org-attach.el,814,function,org-attach-follow,missing,,Open FILE attachment.
org-attach.el,819,function,org-attach-preview-file,missing,,Preview attachment with PATH in overlay OV.
org-attach.el,832,function,org-attach-complete-link,missing,,Advise the user with the available files in the attachment directory.
org-attach.el,850,function,org-attach-archive-delete-maybe,missing,,Maybe delete subtree attachments when archiving.
org-attach.el,869,command,org-attach-dired-to-subtree,missing,,Attach FILES marked or current file in `dired' to subtree in other window.
org-capture.el,114,function,org-capture-upgrade-templates,missing,,Update the template list to the new format.
org-capture.el,144,option,org-capture-templates,missing,,Templates for the creation of new entries.
org-capture.el,559,option,org-capture-before-finalize-hook,missing,,Hook that is run right before a capture process is finalized.
org-capture.el,567,option,org-capture-after-finalize-hook,missing,,Hook that is run right after a capture process is finalized.
org-capture.el,574,option,org-capture-prepare-finalize-hook,missing,,Hook that is run before the finalization starts.
org-capture.el,598,function,org-capture-put,missing,,Add ELEMENTS to the capture property list `org-capture-plist'.
org-capture.el,603,function,org-capture-get,missing,,Get PROPERTY from the capture property list `org-capture-plist'.
org-capture.el,622,option,org-capture-mode-hook,missing,,Hook for the `org-capture-mode' minor mode.
org-capture.el,625,command,org-capture-mode,missing,,Minor mode for special key bindings in a capture buffer.
org-capture.el,643,command,org-capture-string,missing,,Capture STRING with the template selected by KEYS.
org-capture.el,650,option,org-capture-templates-contexts,missing,,Alist of capture templates and valid contexts.
org-capture.el,711,option,org-capture-use-agenda-date,missing,,Non-nil means use the date at point when capturing from agendas.
org-capture.el,720,command,org-capture,missing,,Capture something.
org-capture.el,828,function,org-capture-get-template,missing,,Get the template from a file or a function if necessary.
org-capture.el,844,function,org-capture--run-template-functions,missing,,Run functions associated with KEYWORD on template's plist.
org-capture.el,855,command,org-capture-finalize,missing,,Finalize the capture process.
org-capture.el,1009,command,org-capture-refile,missing,,Finalize the current capture and then refile the entry.
org-capture.el,1043,command,org-capture-kill,missing,,Abort the current capture process.
org-capture.el,1052,command,org-capture-goto-last-stored,missing,,Go to the location where the last capture note was stored.
org-capture.el,1062,function,org-capture-put-target-region-and-position,missing,,Store the initial region with `org-capture-put'.
org-capture.el,1073,function,org-capture-set-target-location,missing,,Find TARGET buffer and position.
org-capture.el,1259,function,org-capture-expand-headline,missing,,"Expand functions, symbols and headline names for HEADLINE."
org-capture.el,1276,function,org-capture-expand-olp,missing,,"Expand functions, symbols and outline paths in FILE for OLP."
org-capture.el,1298,function,org-capture-expand-file,missing,,"Expand functions, symbols and file names for FILE."
org-capture.el,1314,function,org-capture-target-buffer,missing,,Get a buffer for FILE.
org-capture.el,1323,function,org-capture-place-template,missing,,"Insert the template at the target location, and display the buffer."
org-capture.el,1346,function,org-capture-place-entry,missing,,Place the template as a new Org entry.
org-capture.el,1401,function,org-capture-place-item,missing,,Place the template as a new plain list item.
org-capture.el,1515,function,org-capture-place-table-line,missing,,Place the template as a table line.
org-capture.el,1598,function,org-capture-place-plain-text,missing,,Place the template plainly.
org-capture.el,1635,function,org-capture-mark-kill-region,missing,,Mark region between BEG and END to be killed on aborted capture.
org-capture.el,1642,function,org-capture-position-for-last-stored,missing,,Put POSITION on `org-capture-plist' for future use as `last capture`.
org-capture.el,1656,function,org-capture-store-last-position,missing,,Store the last-captured position.
org-capture.el,1682,function,org-capture-narrow,missing,,Possibly narrow to region between BEG and END.
org-capture.el,1688,function,org-capture--position-cursor,missing,,"Move point to first ""%?"" location or at start of template."
org-capture.el,1696,function,org-capture-empty-lines-before,missing,,Insert N empty lines before the insertion point.
org-capture.el,1707,function,org-capture-empty-lines-after,missing,,Set the correct number of empty lines after the inserted string.
org-capture.el,1721,function,org-capture-set-plist,missing,,Initialize the property list for ENTRY from the template definition.
org-capture.el,1737,command,org-capture-goto-target,missing,,Go to the target location of a capture template.
org-capture.el,1748,function,org-capture-get-indirect-buffer,missing,,Make an indirect BUFFER for a capture process.
org-capture.el,1763,function,org-capture-verify-tree,missing,,Throw error if TREE is not a valid tree.
org-capture.el,1769,function,org-capture-select-template,missing,,Select a capture template.
org-capture.el,1790,function,org-capture-fill-template,missing,,Fill a TEMPLATE and return the filled template as a string.
org-capture.el,2109,function,org-capture-escaped-%,missing,,Non-nil if % was escaped.
org-capture.el,2119,function,org-capture-expand-embedded-elisp,missing,,Evaluate embedded elisp %(sexp) and replace with the result.
org-capture.el,2152,function,org-capture--expand-keyword-in-embedded-elisp,missing,,Recursively replace capture link keywords in ATTR sexp.
org-capture.el,2166,function,org-capture-inside-embedded-elisp-p,missing,,Non-nil if point is inside of embedded elisp %(sexp).
org-capture.el,2173,command,org-capture-import-remember-templates,missing,,Set `org-capture-templates' to be similar to `org-remember-templates'.
org-clock.el,73,option,org-clock-into-drawer,missing,,Non-nil when clocking info should be wrapped into a drawer.
org-clock.el,73,function,org-clock-into-drawer,missing,,"Value of `org-clock-into-drawer', but let properties overrule."
org-clock.el,118,option,org-clock-out-when-done,missing,,"When non-nil, clock will be stopped when the clocked entry is marked DONE."
org-clock.el,133,option,org-clock-rounding-minutes,missing,,Rounding minutes when clocking in or out.
org-clock.el,151,option,org-clock-out-remove-zero-time-clocks,missing,,Non-nil means remove the clock line when the resulting time is zero.
org-clock.el,156,option,org-clock-in-switch-to-state,missing,,Set task to a special todo state while clocking it.
org-clock.el,169,option,org-clock-out-switch-to-state,missing,,Set task to a special todo state after clocking out.
org-clock.el,182,option,org-clock-history-length,missing,,Number of clock tasks to remember in history.
org-clock.el,190,option,org-clock-goto-may-find-recent-task,missing,,Non-nil means `org-clock-goto' can go to recent task if no active clock.
org-clock.el,195,option,org-clock-heading-function,missing,,"When non-nil, should be a function to create `org-clock-heading'."
org-clock.el,202,option,org-clock-string-limit,missing,,Maximum length of clock strings in the mode line.  0 means no limit.
org-clock.el,207,option,org-clock-in-resume,missing,,"If non-nil, resume clock when clocking into task with open clock."
org-clock.el,214,option,org-clock-persist,missing,,"When non-nil, save the running clock when Emacs is closed."
org-clock.el,235,option,org-clock-persist-file,missing,,File to save clock data to.
org-clock.el,240,option,org-clock-persist-query-save,missing,,"When non-nil, ask before saving the current clock on exit."
org-clock.el,245,option,org-clock-persist-query-resume,missing,,"When non-nil, ask before resuming any stored clock during load."
org-clock.el,250,option,org-clock-sound,missing,,Sound to use for notifications.
org-clock.el,263,option,org-clock-mode-line-total,missing,,Default setting for the time included for the mode line clock.
org-clock.el,282,option,org-clock-task-overrun-text,missing,,Extra mode line text to indicate that the clock is overrun.
org-clock.el,294,option,org-show-notification-timeout,missing,,Number of seconds to wait before closing Org notifications.
org-clock.el,303,option,org-show-notification-handler,missing,,Function or program to send notification with.
org-clock.el,318,option,org-clocktable-defaults,missing,,Default properties for clock tables.
org-clock.el,349,option,org-clock-clocktable-formatter,missing,,Function to turn clocking data into a table.
org-clock.el,356,option,org-clock-clocktable-language-setup,missing,,"Terms used in clocktable, translated to different languages."
org-clock.el,371,option,org-clock-clocktable-default-properties,missing,,Default properties for new clocktables.
org-clock.el,379,option,org-clock-idle-time,missing,,"When non-nil, resolve open clocks if the user is idle more than X minutes."
org-clock.el,386,option,org-clock-auto-clock-resolution,missing,,When to automatically resolve open clocks found in Org buffers.
org-clock.el,394,option,org-clock-report-include-clocking-task,missing,,"When non-nil, include the current clocking task time in clock reports."
org-clock.el,400,option,org-clock-resolve-expert,missing,,Non-nil means do not show the splash buffer with the clock resolver.
org-clock.el,406,option,org-clock-continuously,missing,,"Non-nil means to start clocking from the last clock-out time, if any."
org-clock.el,412,option,org-clock-total-time-cell-format,missing,,Format string for the total time cells.
org-clock.el,418,option,org-clock-file-time-cell-format,missing,,Format string for the file time cells.
org-clock.el,424,option,org-clock-clocked-in-display,missing,,Where to display clocked in task and accumulated time when clocked in.
org-clock.el,440,option,org-clock-frame-title-format,missing,,The value for `frame-title-format' when clocking in.
org-clock.el,452,option,org-clock-x11idle-program-name,missing,,Name of the program which prints X11 idle time in milliseconds.
org-clock.el,466,option,org-clock-goto-before-context,missing,,Number of lines of context to display before currently clocked-in entry.
org-clock.el,472,option,org-clock-display-default-range,missing,,Default range when displaying clocks with `org-clock-display'.
org-clock.el,489,option,org-clock-auto-clockout-timer,missing,,Timer for auto clocking out when Emacs is idle.
org-clock.el,502,option,org-clock-ask-before-exiting,missing,,"If non-nil, ask if the user wants to clock out before exiting Emacs."
org-clock.el,574,function,org-clock--translate,missing,,Translate string S into using string LANGUAGE.
org-clock.el,588,function,org-clock--mode-line-heading,missing,,"Return currently clocked heading, formatted for mode line."
org-clock.el,596,command,org-clock-menu,missing,,Pop up org-clock menu.
org-clock.el,606,function,org-clock-history-push,missing,,Push point marker to the clock history.
org-clock.el,631,function,org-clock-save-markers-for-cut-and-paste,missing,,Save relative positions of markers in region BEG..END.
org-clock.el,643,function,org-clock-drawer-name,missing,,"Return clock drawer's name for current entry, or nil."
org-clock.el,652,function,org-clocking-p,missing,,Return t when clocking a task.
org-clock.el,659,function,org-clock-select-task,missing,,Select a task that was recently associated with clocking.
org-clock.el,713,function,org-clock-insert-selection-line,missing,,Insert a line for the clock selection menu.
org-clock.el,746,function,org-clock-get-clock-string,missing,,"Form a clock-string, that will be shown in the mode line."
org-clock.el,821,function,org-clock-get-last-clock-out-time,missing,,Get the last clock-out time for the current subtree.
org-clock.el,830,function,org-clock-update-mode-line,missing,,Update mode line with clock information.
org-clock.el,853,function,org-clock-get-clocked-time,missing,,Get the clocked time for the current item in minutes.
org-clock.el,864,command,org-clock-modify-effort-estimate,missing,,Add to or set the effort estimate of the item currently being clocked.
org-clock.el,906,function,org-clock-notify-once-if-expired,missing,,Show notification if we spent more time than we estimated before.
org-clock.el,924,function,org-notify,missing,,Send a NOTIFICATION and maybe PLAY-SOUND.
org-clock.el,930,function,org-show-notification,missing,,Show notification.
org-clock.el,980,function,org-clock-play-sound,missing,,Play sound as configured by `org-clock-sound'.
org-clock.el,1001,function,org-find-open-clocks,missing,,Search through the given file and find all open clocks.
org-clock.el,1018,function,org-is-active-clock,missing,,Return t if CLOCK is the currently active clock.
org-clock.el,1023,macro,org-with-clock-position,missing,,Evaluate FORMS with CLOCK as the current active clock.
org-clock.el,1032,macro,org-with-clock,missing,,Evaluate FORMS with CLOCK as the current active clock.
org-clock.el,1047,function,org-clock-clock-in,missing,,Clock in to the clock located by CLOCK.
org-clock.el,1054,function,org-clock-clock-out,missing,,Clock out of the clock located by CLOCK.
org-clock.el,1064,function,org-clock-clock-cancel,missing,,Cancel the clock located by CLOCK.
org-clock.el,1078,function,org-clock-resolve-clock,missing,,"Resolve CLOCK given the time RESOLVE-TO, and the present."
org-clock.el,1117,function,org-clock-jump-to-current-clock,missing,,"When an Org clock is running, jump to it."
org-clock.el,1140,function,org-clock-resolve,missing,,Resolve an open Org clock.
org-clock.el,1260,command,org-resolve-clocks,missing,,Resolve all currently open Org clocks.
org-clock.el,1285,function,org-emacs-idle-seconds,missing,,"Return the current Emacs idle time in seconds, or nil if not idle."
org-clock.el,1292,function,org-mac-idle-seconds,missing,,Return the current Mac idle time in seconds.
org-clock.el,1304,function,org-x11-idle-seconds,missing,,Return the current X11 idle time in seconds.
org-clock.el,1320,function,org-logind-user-idle-seconds,missing,,Return the number of idle seconds for the user according to logind.
org-clock.el,1329,function,org-user-idle-seconds,missing,,Return the number of seconds the user has been idle for.
org-clock.el,1351,function,org-resolve-clocks-if-idle,missing,,Resolve all currently open Org clocks.
org-clock.el,1383,command,org-clock-in,missing,,Start the clock on the current item.
org-clock.el,1574,function,org-clock--auto-clockout-maybe,missing,,Clock out the currently clocked in task when idle.
org-clock.el,1599,function,org-clock-auto-clockout,missing,,Clock out the currently clocked in task if Emacs is idle.
org-clock.el,1613,command,org-clock-toggle-auto-clockout,missing,,
org-clock.el,1622,command,org-clock-in-last,missing,,Clock in the last closed clocked item.
org-clock.el,1656,command,org-clock-mark-default-task,missing,,Mark current task as default task.
org-clock.el,1663,function,org-clock-get-sum-start,missing,,Return the time from which clock times should be counted.
org-clock.el,1699,function,org-clock-find-position,missing,,Find the location where the next clock line should be inserted.
org-clock.el,1797,function,org-clock-restore-frame-title-format,missing,,Restore `frame-title-format' from `org-frame-title-format-backup'.
org-clock.el,1811,command,org-clock-out,missing,,Stop the currently running clock.
org-clock.el,1908,function,org-clock-remove-empty-clock-drawer,missing,,Remove empty clock drawers in current subtree.
org-clock.el,1922,command,org-clock-timestamps-up,missing,,Increase CLOCK timestamps at cursor.
org-clock.el,1928,command,org-clock-timestamps-down,missing,,Decrease CLOCK timestamps at cursor.
org-clock.el,1934,function,org-clock-timestamps-change,missing,,Change CLOCK timestamps synchronously at cursor.
org-clock.el,1965,command,org-clock-cancel,missing,,Cancel the running clock by removing the start timestamp.
org-clock.el,1996,command,org-clock-goto,missing,,"Go to the currently clocked-in entry, or to the most recently clocked one."
org-clock.el,2027,function,org-clock-sum-today,missing,,Sum the times for each subtree for today.
org-clock.el,2033,function,org-clock-sum-custom,missing,,Sum the times for each subtree for today.
org-clock.el,2047,function,org-clock-sum,missing,,Sum the times for each subtree.
org-clock.el,2154,function,org-clock-sum-current-item,missing,,"Return time, clocked on current item in total."
org-clock.el,2168,command,org-clock-display,missing,,Show subtree times in the entire buffer.
org-clock.el,2229,function,org-clock-put-overlay,missing,,"Put an overlay on the headline at point, displaying TIME."
org-clock.el,2254,command,org-clock-remove-overlays,missing,,Remove the occur highlights from the buffer.
org-clock.el,2267,function,org-clock-out-if-current,missing,,Clock out if the current entry contains the running clock.
org-clock.el,2291,function,org-clock-get-clocktable,missing,,Get a formatted clocktable with parameters according to PROPS.
org-clock.el,2312,command,org-clock-report,missing,,Update or create a table containing a report about clocked time.
org-clock.el,2348,function,org-day-of-week,missing,,Return the day of the week as an integer.
org-clock.el,2355,function,org-quarter-to-date,missing,,Get the date (week day year) of the first day of a given quarter.
org-clock.el,2404,function,org-clock-special-range,missing,,Return two times bordering a special time range.
org-clock.el,2567,function,org-count-quarter,missing,,
org-clock.el,2575,function,org-clocktable-shift,missing,,Try to shift the :block date of the clocktable at point.
org-clock.el,2666,function,org-dblock-write:clocktable,missing,,Write the standard clocktable.
org-clock.el,2759,function,org-clocktable-write-default,missing,,Write out a clock table at position IPOS in the current buffer.
org-clock.el,3010,function,org-clocktable-indent-string,missing,,Return indentation string according to LEVEL.
org-clock.el,3016,function,org-clocktable-steps,missing,,"Create one or more clock tables, according to PARAMS."
org-clock.el,3109,function,org-clock-get-table-data,missing,,"Get the clocktable data for file FILE, with parameters PARAMS."
org-clock.el,3222,command,org-clock-update-time-maybe,partial,time::clock_update_time_maybe on CLOCK ranges; running-clock mode line is the clock module's,"If this is a CLOCK line, update it and return t."
org-clock.el,3280,function,org-clock-save,missing,,Persist various clock-related data to disk.
org-clock.el,3322,function,org-clock-load,missing,,"Load clock-related data from disk, maybe resuming a stored clock."
org-clock.el,3350,function,org-clock-kill-emacs-query,missing,,Query user when killing Emacs.
org-clock.el,,option,org-task-overrun-text,missing,,Extra mode line text to indicate that the clock is overrun.
org-colview.el,66,option,org-columns-checkbox-allowed-values,missing,,Allowed values for columns with SUMMARY-TYPE that uses checkbox.
org-colview.el,79,option,org-columns-modify-value-for-display-function,missing,,Function that modifies values for display in column view.
org-colview.el,92,option,org-columns-summary-types,missing,,Alist between operators and summarize functions.
org-colview.el,129,option,org-columns-dblock-formatter,missing,,Function to format data in column view dynamic blocks.
org-colview.el,204,function,org-columns--spec-at-point,missing,,Return the column specification for the column at point.
org-colview.el,212,command,org-columns-content,missing,,Switch to content view while in column view.
org-colview.el,316,command,org-columns-help-quick-toggle,missing,,Toggle quick help for column view.
org-colview.el,333,function,org-columns--help-quick-close,missing,,"Close column view quick-help, if it is visible."
org-colview.el,340,function,org-columns--displayed-value,missing,,Return displayed value for specification SPEC in current entry.
org-colview.el,369,function,org-columns--agenda-effort-fallback,missing,,Return appointment duration as fallback value for Effort column.
org-colview.el,385,function,org-columns--collect-values,missing,,Collect values for columns on the current line.
org-colview.el,412,function,org-columns--collect-rows,missing,,Collect column view rows in the current scope.
org-colview.el,420,function,org-columns--compute-clock-summaries,missing,,Compute clock summaries needed by the current column format.
org-colview.el,429,function,org-columns--update-column-width,missing,,Update WIDTHS according to SPEC and CELL.
org-colview.el,439,function,org-columns--set-widths,missing,,Compute the maximum column widths from the format and ROWS.
org-colview.el,480,function,org-columns--new-overlay,missing,,Create a new column overlay and add it to the list.
org-colview.el,488,function,org-columns--cell-format-string,missing,,Return `format' template for a column overlay cell of WIDTH characters.
org-colview.el,497,function,org-columns--propertize-tags,missing,,Apply Org tag faces to TAG-TEXT.
org-colview.el,506,function,org-columns--overlay-text,missing,,Return decorated DISPLAYED-VALUE string for column overlay display.
org-colview.el,525,function,org-columns--pad-line-for-overlays,missing,,"Pad current line with spaces, one per column if needed."
org-colview.el,542,function,org-columns--line-face,missing,,Return the column overlay face for the current line.
org-colview.el,558,function,org-columns--mark-line-read-only,missing,,Mark the column view rendered line as read-only.
org-colview.el,574,function,org-columns--make-row,missing,,Create and install the overlay for each column on the next character.
org-colview.el,590,function,org-columns--make-cell-overlay,missing,,Place an overlay rendering one column on the next character at point.
org-colview.el,611,function,org-columns--hide-rest-of-line,missing,,Make the rest of the line disappear using overlays.
org-colview.el,623,function,org-columns--display-line,missing,,Overlay the current line with column display.
org-colview.el,639,function,org-columns--truncate-below-width,missing,,Return a substring of STRING no wider than WIDTH.
org-colview.el,653,function,org-columns-add-ellipses,missing,,"Truncate STRING with WIDTH characters, with ellipses."
org-colview.el,681,function,org-columns--suspend-conflicting-modes,missing,,Suspend minor modes that conflict with column view.
org-colview.el,690,function,org-columns--resume-conflicting-modes,missing,,Resume minor modes that were suspended by column view.
org-colview.el,697,function,org-columns--suspend-line-wrapping,missing,,Suspend line wrapping for column view by forcing `truncate-lines'.
org-colview.el,705,function,org-columns--resume-line-wrapping,missing,,Resume line wrapping suspended by `org-columns--suspend-line-wrapping'.
org-colview.el,710,function,org-columns--suspend-display-environment,missing,,Suspend display state that conflicts with column view.
org-colview.el,715,function,org-columns--resume-display-environment,missing,,Resume display state suspended by column view.
org-colview.el,732,function,org-columns--remap-header-line,missing,,Remap the header line to default face if not already done.
org-colview.el,738,function,org-columns--display-header-line,missing,,Prepare the table heading with column titles for the window's header line.
org-colview.el,760,function,org-columns-hscroll-title,missing,,Set the `header-line-format' so that it scrolls along with the table.
org-colview.el,775,function,org-columns--clear-markers,missing,,Clear column view markers.
org-colview.el,785,command,org-columns-remove-overlays,missing,,Remove all currently active column overlays.
org-colview.el,804,command,org-columns-quit,missing,,Remove the column overlays and in this way exit column editing.
org-colview.el,817,command,org-columns-show-value,missing,,Show the full value of the property.
org-colview.el,823,command,org-columns-todo,missing,,Change the TODO state during column view.
org-colview.el,828,command,org-columns-toggle-or-columns-quit,missing,,"Toggle checkbox at point, or quit column view."
org-colview.el,834,function,org-columns--toggle,missing,,"Toggle checkbox at point.  Return non-nil if toggle happened, else nil."
org-colview.el,842,command,org-columns-open-link,missing,,
org-colview.el,849,function,org-columns-check-computed,missing,,Throw an error if current column value is computed.
org-colview.el,857,function,org-columns--update-agenda-single-file,missing,,Update `org-agenda-columns' for the file containing POM.
org-colview.el,867,function,org-columns--execute-and-update,missing,,Execute ACTION and update column view.
org-colview.el,891,command,org-columns-edit-value,missing,,Edit the value of the property at point in column view.
org-colview.el,944,command,org-columns-edit-allowed,missing,,Edit the list of allowed values for the current property.
org-colview.el,965,function,org-columns--call,missing,,Call function FUN while preserving heading visibility.
org-colview.el,975,command,org-columns-previous-allowed-value,missing,,Switch to the previous allowed value for this column.
org-colview.el,980,command,org-columns-next-allowed-value,missing,,Switch to the next allowed value for this column.
org-colview.el,1019,function,org-colview-construct-allowed-dates,missing,,Construct a list of three dates around the date in S.
org-colview.el,1054,function,org-columns-get-format-and-top-level,missing,,
org-colview.el,1058,function,org-columns--get-columns-keyword,missing,,Return the first COLUMNS keyword value in the current buffer.
org-colview.el,1062,command,org-columns-get-format,missing,,Return column format specifications.
org-colview.el,1082,function,org-columns-goto-top-level,missing,,Move to the beginning of the column view area.
org-colview.el,1093,function,org-columns--set-scope,missing,,Set column view scope markers and move point to the scope beginning.
org-colview.el,1119,function,org-columns--display-rows,missing,,Display the header line and ROWS as column view overlays.
org-colview.el,1129,function,org-columns--prepare-rows,missing,,Set up column view and return rows for the recorded scope.
org-colview.el,1145,command,org-columns,missing,,Turn on column view on an Org mode file.
org-colview.el,1167,function,org-columns--summary-types-completion-function,missing,,Complete column summary type operators.
org-colview.el,1188,command,org-columns-new,missing,,"Insert a new column, to the left of the current column."
org-colview.el,1235,command,org-columns-delete,missing,,Delete the column at point from column view.
org-colview.el,1251,command,org-columns-edit-attributes,missing,,Edit the attributes of the current column.
org-colview.el,1256,command,org-columns-widen,missing,,Make the column wider by ARG characters.
org-colview.el,1267,command,org-columns-narrow,missing,,Make the column narrower by ARG characters.
org-colview.el,1274,function,org-columns--move-cursor,missing,,Move cursor up or down one row.
org-colview.el,1285,command,org-columns-move-up,missing,,Move cursor up one row.
org-colview.el,1291,command,org-columns-move-down,missing,,Move cursor down one row.
org-colview.el,1297,command,org-columns-move-right,missing,,Swap this column with the one to the right.
org-colview.el,1321,command,org-columns-move-left,missing,,Swap this column with the one to the left.
org-colview.el,1331,function,org-columns--move-row,missing,,Move the current table row down.
org-colview.el,1342,command,org-columns-move-row-down,missing,,Move the current table row down.
org-colview.el,1347,command,org-columns-move-row-up,missing,,Move the current table row up.
org-colview.el,1354,function,org-columns-update,missing,,"Recompute PROPERTY, and update its display in column view."
org-colview.el,1381,command,org-columns-redo,missing,,Construct the column display again.
org-colview.el,1398,function,org-columns--replace-columns-keyword,missing,,Replace the first COLUMNS keyword value with COLUMNS-FORMAT.
org-colview.el,1411,function,org-columns--insert-columns-keyword,missing,,Insert COLUMNS-FORMAT as a COLUMNS keyword before the first heading.
org-colview.el,1421,function,org-columns-store-format,missing,,Store the text version of the current column format.
org-colview.el,1440,function,org-columns-uncompile-format,missing,,Turn the compiled column format back into a string representation.
org-colview.el,1458,function,org-columns-compile-format,missing,,Compile COLUMNS-FORMAT into a list of specifications.
org-colview.el,1506,function,org-columns--age-to-minutes,missing,,Turn age string S into a number of minutes.
org-colview.el,1519,function,org-columns--format-age,missing,,Format MINUTES float as an age string.
org-colview.el,1525,function,org-columns--summary-apply-times,missing,,Apply FUN to time values TIMES.
org-colview.el,1532,function,org-columns--summary-type,missing,,Return summary type definition for OPERATOR.
org-colview.el,1538,function,org-columns--summarize-function,missing,,Return summary function associated with OPERATOR.
org-colview.el,1546,function,org-columns--collect-function,missing,,Return collect function associated with OPERATOR.
org-colview.el,1556,function,org-columns--put-summary,missing,,Set SUMMARY for SPEC in `org-summaries' at POS.
org-colview.el,1566,function,org-columns--update-summary-property,missing,,"Update PROPERTY at point when it exists, even if empty."
org-colview.el,1579,function,org-columns--summarizable-operator,missing,,Return SPEC operator when its property can be summarized.
org-colview.el,1587,function,org-columns--compute-spec,missing,,Update tree according to SPEC.
org-colview.el,1625,function,org-columns-compute,missing,,Summarize the values of PROPERTY hierarchically.
org-colview.el,1642,function,org-columns-compute-all,missing,,Compute all columns that have operators defined.
org-colview.el,1656,function,org-columns--summary-sum,missing,,Compute the sum of VALUES.
org-colview.el,1661,function,org-columns--summary-currencies,missing,,"Compute the sum of VALUES, with two decimals."
org-colview.el,1665,function,org-columns--summary-checkbox,missing,,Summarize CHECKBOXES with a checkbox.
org-colview.el,1673,function,org-columns--summary-checkbox-count,missing,,Summarize CHECKBOXES with a checkbox cookie.
org-colview.el,1684,function,org-columns--summary-checkbox-percent,missing,,Summarize CHECKBOXES with a checkbox percent.
org-colview.el,1690,function,org-columns--summary-min,missing,,Compute the minimum of VALUES.
org-colview.el,1696,function,org-columns--summary-max,missing,,Compute the maximum of VALUES.
org-colview.el,1702,function,org-columns--summary-mean,missing,,Compute the mean of VALUES.
org-colview.el,1709,function,org-columns--summary-sum-times,missing,,Sum TIMES.
org-colview.el,1713,function,org-columns--summary-min-time,missing,,Compute the minimum time among TIMES.
org-colview.el,1717,function,org-columns--summary-max-time,missing,,Compute the maximum time among TIMES.
org-colview.el,1721,function,org-columns--summary-mean-time,missing,,Compute the mean time among TIMES.
org-colview.el,1727,function,org-columns--summary-min-age,missing,,Compute the minimum age among AGES.
org-colview.el,1732,function,org-columns--summary-max-age,missing,,Compute the maximum age among AGES.
org-colview.el,1737,function,org-columns--summary-mean-age,missing,,Compute the mean age among AGES.
org-colview.el,1743,function,org-columns--summary-estimate,missing,,"Combine a list of estimates, using mean and variance."
org-colview.el,1767,function,org-columns--capture-view,missing,,Get the column view of the current buffer.
org-colview.el,1828,function,org-columns--clean-item,missing,,Remove sensitive contents from string ITEM.
org-colview.el,1845,function,org-columns--dblock-capture,missing,,Capture a column view table for dynamic block parameters PARAMS.
org-colview.el,1877,function,org-dblock-write:columnview,missing,,Write the column view table.
org-colview.el,1943,function,org-columns-dblock-write-default,missing,,Write out a column view table at position IPOS in the current buffer.
org-colview.el,2029,command,org-columns-insert-dblock,missing,,Create a dynamic block capturing a column view table.
org-colview.el,2053,command,org-agenda-columns,missing,,Turn on or update column view in the agenda.
org-colview.el,2113,function,org-agenda-colview-summarize,missing,,Summarize the summarizable columns in column view in the agenda.
org-colview.el,2179,function,org-agenda-colview-compute,missing,,Compute the relevant columns in the contributing source buffers.
org-colview.el,,function,org-columns--spec-property--inliner,missing,,
org-colview.el,,function,org-columns--spec-title--inliner,missing,,
org-colview.el,,function,make-org-columns--spec--cmacro,missing,,compiler-macro for `make-org-columns--spec'.
org-colview.el,,function,org-columns--spec-width,missing,,"Access slot ""width"" of `org-columns--spec' struct X."
org-colview.el,,function,org-columns--spec-format-string,missing,,"Access slot ""format-string"" of `org-columns--spec' struct X."
org-colview.el,,function,org-columns--make-spec--cmacro,missing,,compiler-macro for `org-columns--make-spec'.
org-colview.el,,function,org-columns--spec-width--inliner,missing,,
org-colview.el,,function,org-columns--spec-operator,missing,,"Access slot ""operator"" of `org-columns--spec' struct X."
org-colview.el,,function,org-columns--spec-operator--inliner,missing,,
org-colview.el,,command,org-columns-menu,missing,,Org Column Menu.
org-colview.el,,function,org-columns--spec-format-string--inliner,missing,,
org-colview.el,,function,copy-org-columns--spec,missing,,"Return a copy of a list, vector, string, char-table or record."
org-colview.el,,function,make-org-columns--spec,missing,,Constructor for objects of type `org-columns--spec'.
org-colview.el,,function,org-columns--make-spec,missing,,Constructor for objects of type `org-columns--spec'.
org-colview.el,,function,org-columns--spec-property,missing,,"Access slot ""property"" of `org-columns--spec' struct X."
org-colview.el,,function,org-columns--spec-title,missing,,"Access slot ""title"" of `org-columns--spec' struct X."
org-compat.el,184,function,org-buffer-text-pixel-width,missing,,Return pixel width of text in current buffer.
org-compat.el,395,function,org--set-faces-extend,missing,,Set the :extend attribute of FACES to EXTEND-P.
org-compat.el,426,function,org-babel-edit-distance,missing,,Return Levenshtein distance between STRING1 and STRING2.
org-compat.el,485,function,org-activate-mark,missing,,Activate the mark.
org-compat.el,486,function,org-add-hook,missing,,Add to the value of HOOK the function FUNCTION.
org-compat.el,487,macro,org-bound-and-true-p,missing,,"Return the value of symbol VAR if it is bound, else nil."
org-compat.el,488,command,org-decompose-region,missing,,Decompose text in the current region.
org-compat.el,489,function,org-defvaralias,missing,,Make NEW-ALIAS a variable alias for symbol BASE-VARIABLE.
org-compat.el,490,function,org-detach-overlay,missing,,Delete the overlay OVERLAY from its buffer.
org-compat.el,491,function,org-file-equal-p,missing,,Return non-nil if files FILE1 and FILE2 name the same file.
org-compat.el,492,function,org-float-time,missing,,"Return the current time, as a float number of seconds since the epoch."
org-compat.el,493,function,org-indent-line-to,missing,,Indent current line to COLUMN.
org-compat.el,494,command,org-indent-to-column,missing,,Indent from point with tabs and spaces until COLUMN is reached.
org-compat.el,495,function,org-looking-at-p,missing,,Same as `looking-at' except this function does not change the match data.
org-compat.el,496,function,org-looking-back,missing,,Return non-nil if text before point matches regular expression REGEXP.
org-compat.el,497,function,org-match-string-no-properties,missing,,"Return string of text matched by last search, without text properties."
org-compat.el,498,function,org-propertize,missing,,Return a copy of STRING with text properties added.
org-compat.el,499,function,org-select-frame-set-input-focus,missing,,"Select FRAME, raise it, and set input focus, if possible."
org-compat.el,500,function,org-file-remote-p,missing,,Test whether FILE specifies a location on a remote system.
org-compat.el,502,function,org-show-context,missing,,Make sure point and context are visible.
org-compat.el,503,command,org-show-entry,missing,,Show the body directly following its heading.
org-compat.el,504,command,org-show-children,missing,,Show all direct subheadings of this heading.
org-compat.el,507,macro,org-re,missing,,Replace posix classes in regular expression S.
org-compat.el,514,function,org-count,missing,,Count the number of occurrences of ITEM in SEQ.
org-compat.el,515,function,org-every,missing,,Return true if PREDICATE is true of every element of SEQ or SEQs.
org-compat.el,516,function,org-find-if,missing,,Find the first item satisfying PREDICATE in SEQ.
org-compat.el,517,function,org-reduce,missing,,Reduce two-argument FUNCTION across SEQ.
org-compat.el,518,function,org-remove-if,missing,,Remove all items satisfying PREDICATE in SEQ.
org-compat.el,519,function,org-remove-if-not,missing,,Remove all items not satisfying PREDICATE in SEQ.
org-compat.el,520,function,org-some,missing,,Say whether PREDICATE is true for any element in the SEQ sequences.
org-compat.el,521,function,org-floor*,missing,,Return a list of the floor of X and the fractional part of X.
org-compat.el,523,function,org-sublist,missing,,"Return a section of LIST, from START to END."
org-compat.el,532,function,org-string-collate-lessp,missing,,Return t if first arg string is less than second in collation order.
org-compat.el,533,function,org-decode-time,missing,,Decode a timestamp into (SEC MINUTE HOUR DAY MONTH YEAR DOW DST UTCOFF).
org-compat.el,534,function,org-format-time-string,missing,,Use FORMAT-STRING to format the time value TIME.
org-compat.el,535,function,org-time-add,missing,,"Return the sum of two time values A and B, as a time value."
org-compat.el,536,function,org-time-subtract,missing,,"Return the difference between two time values A and B, as a time value."
org-compat.el,537,function,org-time-since,missing,,Return the time elapsed since TIME.
org-compat.el,538,function,org-time-less-p,missing,,Return non-nil if time value A is less than time value B.
org-compat.el,541,function,org-buffer-narrowed-p,missing,,Return non-nil if the current buffer is narrowed.
org-compat.el,542,function,org-called-interactively-p,missing,,Return t if the containing function was called by `call-interactively'.
org-compat.el,543,function,org-char-to-string,missing,,Convert arg CHAR to a string containing that character.
org-compat.el,544,command,org-delete-directory,missing,,Delete the directory named DIRECTORY.  Does not follow symlinks.
org-compat.el,545,function,org-format-seconds,missing,,Use format control STRING to format the time value SECONDS.
org-compat.el,546,function,org-link-escape-browser,missing,,Return a properly URI-encoded version of URL.
org-compat.el,547,function,org-no-warnings,missing,,"Like `progn', but prevents compiler warnings in the body."
org-compat.el,548,function,org-number-sequence,missing,,Return a sequence of numbers from FROM to TO (both inclusive) as a list.
org-compat.el,549,function,org-pop-to-buffer-same-window,missing,,"Select buffer BUFFER in some window, preferably the same one."
org-compat.el,550,function,org-string-match-p,missing,,Same as `string-match' except this function does not change the match data.
org-compat.el,561,function,org-habit-get-priority,missing,,Determine the relative urgency of a habit.
org-compat.el,563,function,org-timestamp-format,missing,,Format a TIMESTAMP object into a string.
org-compat.el,569,function,org-element-remove-indentation,missing,,Remove maximum common indentation in string CODE and return it.
org-compat.el,577,function,org-table-p,missing,,Non-nil if the cursor is inside an Org table.
org-compat.el,578,function,org-on-heading-p,missing,,Return t if point is on a (possibly invisible) heading line.
org-compat.el,579,function,org-at-regexp-p,missing,,Check if point is inside a match of REGEXP.
org-compat.el,580,function,org-image-file-name-regexp,missing,,Return a regular expression matching image-file filenames.
org-compat.el,582,function,org-completing-read-no-i,missing,,"Read a string in the minibuffer, with completion."
org-compat.el,584,function,org-icompleting-read,missing,,"Read a string in the minibuffer, with completion."
org-compat.el,586,function,org-iread-file-name,missing,,"Read a file name, prompting with PROMPT and completing in directory DIR."
org-compat.el,587,function,org-days-to-time,missing,,Difference between TIMESTAMP-STRING and now in days.
org-compat.el,591,command,org-preview-latex-fragment,missing,,Toggle preview of the LaTeX fragment at point.
org-compat.el,593,function,org-export-get-genealogy,missing,,List all ancestors of a given element or object.
org-compat.el,600,function,org-list-parse-list,missing,,Parse the list at point and maybe DELETE it.
org-compat.el,601,function,org-agenda-todayp,missing,,Non-nil when DATE means today.
org-compat.el,603,command,org-babel-examplize-region,missing,,Comment out region BEG..END using the inline `==' or `: ' org example quote.
org-compat.el,608,function,org-babel-trim,missing,,Remove whitespace at the beginning and the end of string S.
org-compat.el,610,command,org-insert-columns-dblock,missing,,Create a dynamic block capturing a column view table.
org-compat.el,614,function,org-activate-bracket-links,missing,,Add link properties to links.
org-compat.el,616,command,org-activate-plain-links,missing,,"Ignore ARGUMENTS, do nothing, and return nil."
org-compat.el,617,command,org-activate-angle-links,missing,,"Ignore ARGUMENTS, do nothing, and return nil."
org-compat.el,618,function,org-remove-double-quotes,missing,,"Strip double quotes from around STRING, if applicable."
org-compat.el,619,function,org-get-indentation,missing,,Return the indentation of the current line.
org-compat.el,621,function,org-capture-member,missing,,Get PROPERTY from the capture property list `org-capture-plist'.
org-compat.el,622,function,org-remove-from-invisibility-spec,missing,,Remove ELEMENT from `buffer-invisibility-spec'.
org-compat.el,628,command,org-toggle-latex-fragment,missing,,Toggle preview of the LaTeX fragment at point.
org-compat.el,631,function,org-remove-latex-fragment-image-overlays,missing,,Remove all overlays with LaTeX fragment images in current buffer.
org-compat.el,634,function,org-hide-archived-subtrees,missing,,Re-hide all archived subtrees after a visibility state change.
org-compat.el,637,function,org-flag-region,missing,,"Hide or show lines from FROM to TO, according to FLAG."
org-compat.el,640,function,org-flag-subtree,missing,,Hide (when FLAG) or reveal subtree at point.
org-compat.el,643,command,org-hide-entry,missing,,Hide the body directly following this heading.
org-compat.el,646,command,org-show-subtree,missing,,Show everything after this heading at deeper levels.
org-compat.el,649,function,org--hide-wrapper-toggle,missing,,Toggle visibility for ELEMENT.
org-compat.el,652,command,org-hide-block-toggle,missing,,Toggle the visibility of the current block.
org-compat.el,655,command,org-hide-drawer-toggle,missing,,Toggle the visibility of the current drawer.
org-compat.el,658,function,org--hide-drawers,missing,,Hide all drawers between BEGIN and END.
org-compat.el,661,command,org-hide-block-all,missing,,Fold all blocks in the current buffer.
org-compat.el,664,command,org-hide-drawer-all,missing,,Fold all drawers in the current buffer or active region BEGIN..END.
org-compat.el,667,command,org-show-all,missing,,Show all contents in the visible part of the buffer.
org-compat.el,670,function,org-set-startup-visibility,missing,,Set the visibility required by startup options and properties.
org-compat.el,673,function,org-show-set-visibility,missing,,Set visibility around point according to DETAIL.
org-compat.el,676,function,org-check-before-invisible-edit,missing,,Check if editing KIND is dangerous with invisible text around.
org-compat.el,679,function,org-flag-above-first-heading,missing,,Hide from bob up to the first heading.
org-compat.el,682,function,org-show-branches-buffer,missing,,Show all branches in the buffer.
org-compat.el,685,function,org-show-siblings,missing,,Show all siblings of the current headline.
org-compat.el,688,command,org-show-hidden-entry,missing,,Show the body directly following its heading.
org-compat.el,691,function,org-flag-heading,missing,,Fold/unfold the current heading.  FLAG non-nil means make invisible.
org-compat.el,697,command,org-set-visibility-according-to-property,missing,,Switch subtree visibility according to VISIBILITY property.
org-compat.el,702,function,org-optimize-window-after-visibility-change,missing,,Adjust the window after a change in outline visibility.
org-compat.el,713,function,org-file-url-p,missing,,Non-nil if string S is a URL.
org-compat.el,731,function,org-cached-entry-get,missing,,
org-compat.el,767,function,org-in-fixed-width-region-p,missing,,Non-nil if point in a fixed-width region.
org-compat.el,775,function,org--math-always-on,missing,,Return t inside math fragments or running `cdlatex-math-symbol'.
org-compat.el,778,macro,org-no-popups,missing,,Suppress popup windows and evaluate BODY.
org-compat.el,784,function,org-switch-to-buffer-other-window,missing,,Switch to buffer in a second window on the current frame.
org-compat.el,795,function,org-compatible-face,missing,,Make a compatible face specification.
org-compat.el,806,function,org-add-link-type,missing,,Add a new TYPE link.
org-compat.el,838,function,org-table-recognize-table.el,missing,,"If there is a table.el table nearby, recognize it and move into it."
org-compat.el,861,macro,org-preserve-lc,missing,,
org-compat.el,873,function,org-version-check,missing,,Non-nil if VERSION is lower (older) than `emacs-version'.
org-compat.el,879,function,org-remove-angle-brackets,missing,,
org-compat.el,883,option,org-capture-bookmark,missing,,"When non-nil, add bookmark pointing at the last stored position when capturing."
org-compat.el,893,option,org-publish-sitemap-file-entry-format,missing,,Format string for site-map file entry.
org-compat.el,908,function,org-agenda-skip-entry-when-regexp-matches,missing,,Check if the current entry contains match for `org-agenda-skip-regexp'.
org-compat.el,921,function,org-agenda-skip-subtree-when-regexp-matches,missing,,Check if the current subtree contains match for `org-agenda-skip-regexp'.
org-compat.el,933,function,org-agenda-skip-entry-when-regexp-matches-in-subtree,missing,,Check if the current subtree contains match for `org-agenda-skip-regexp'.
org-compat.el,948,function,org-minutes-to-clocksum-string,missing,,Return duration string for a given number of MINUTES.
org-compat.el,951,function,org-hh:mm-string-to-minutes,missing,,Return number of minutes of DURATION string.
org-compat.el,954,function,org-duration-string-to-minutes,missing,,Return number of minutes of DURATION string.
org-compat.el,969,function,org-babel-number-p,missing,,If STRING represents a number return its value.
org-compat.el,1017,function,org-file-complete-link,missing,,Create a file link using completion.
org-compat.el,1020,function,org-email-link-description,missing,,Return the description part of an email link.
org-compat.el,1023,function,org-make-link-string,missing,,"Make a bracket link, consisting of LINK and DESCRIPTION."
org-compat.el,1026,function,org-store-link-props,missing,,Store link properties PLIST.
org-compat.el,1029,function,org-add-link-props,missing,,Add these properties to the link property list PLIST.
org-compat.el,1032,function,org-make-org-heading-search-string,missing,,Make search string for the current headline or STRING.
org-compat.el,1035,function,org-make-link-regexps,missing,,Update the link regular expressions.
org-compat.el,1038,function,org-property-global-value,missing,,
org-compat.el,1058,command,org-open-link-from-string,missing,,"Open a link in the string S, as if it was in Org mode."
org-compat.el,1061,function,org-add-angle-brackets,missing,,Wrap string S within angle brackets.
org-compat.el,1075,function,org-display-inline-remove-overlay,missing,,Remove link-preview overlay OV if a corresponding region is modified.
org-compat.el,1077,function,org--inline-image-overlays,missing,,Return link preview overlays between BEG and END.
org-compat.el,1079,command,org-remove-inline-images,missing,,Clear link previews in region BEG to END.
org-compat.el,1081,command,org-redisplay-inline-images,missing,,Assure display of link previews in buffer and refresh them.
org-compat.el,1094,command,org-display-inline-images,missing,,Display inline images.
org-compat.el,1231,command,org-toggle-inline-images,missing,,Toggle the display of inline images.
org-compat.el,1255,command,org-show-block-all,missing,,Unfold all blocks in the current buffer.
org-compat.el,1264,function,org-get-tags-at,missing,,Get the list of tags specified in the headline at EPOM.
org-compat.el,1266,function,org-get-local-tags,missing,,Get a list of tags defined in the current headline.
org-compat.el,1271,function,org-get-local-tags-at,missing,,Get a list of tags defined in the current headline.
org-compat.el,1276,function,org-get-tags-string,missing,,Get the TAGS string in the current headline.
org-compat.el,1281,function,org-set-tags-to,missing,,"Set the tags of the current entry to TAGS, replacing current tags."
org-compat.el,1283,function,org-align-all-tags,missing,,Align the tags in all headings.
org-compat.el,1288,function,org-at-property-block-p,missing,,Non-nil when point is at the first line of a property drawer.
org-compat.el,1291,function,org-flag-drawer,missing,,"When FLAG is non-nil, hide the drawer we are at."
org-compat.el,1321,command,org-hide-block-toggle-maybe,missing,,Toggle visibility of block at point.
org-compat.el,1329,function,org-hide-block-toggle-all,missing,,Toggle the visibility of all blocks in the current buffer.
org-compat.el,1345,command,org-return-indent,missing,,Goto next table row or insert a newline and indent.
org-compat.el,1354,macro,org-with-silent-modifications,missing,,
org-compat.el,1359,function,org-babel-strip-quotes,missing,,"Strip double quotes from around STRING, if applicable."
org-compat.el,1379,command,org-copy,missing,,"Like `org-refile', but preserve the refiled subtree."
org-compat.el,1381,function,org-get-last-sibling,missing,,"Move to previous heading of the same level, and return point."
org-compat.el,1383,function,org-publish-cache-ctime-of-src,missing,,Get the mtime of FILE as an integer.
org-compat.el,1386,function,org-truely-invisible-p,missing,,Compatibility alias for legacy misspelling of `org-truly-invisible-p'.
org-compat.el,1544,function,ob-clojure-eval-with-babashka,missing,,"Evaluate EXPANDED code block using CMD (babashka, clojure or nbb)."
org-compat.el,1547,function,org-export-get-parent,missing,,Return `:parent' property of NODE.
org-compat.el,1549,function,org-export-get-parent-element,missing,,Return first element containing OBJECT or nil.
org-compat.el,1552,function,org-print-speed-command,missing,,Internal function.  Subject of unannounced changes.
org-compat.el,1569,function,org-get-x-clipboard,missing,,Get the value of the X or Windows clipboard.
org-compat.el,1588,function,org-region-active-p,missing,,Non-nil when the region active.
org-compat.el,1594,function,org-cursor-to-region-beginning,missing,,
org-compat.el,1602,function,org-in-invisibility-spec-p,missing,,Is ARG a member of `buffer-invisibility-spec'?
org-compat.el,1607,function,org-move-to-column,missing,,Move to column COLUMN.
org-compat.el,1616,macro,org-find-library-dir,missing,,
org-compat.el,1619,function,org-count-lines,missing,,How many lines in string S?
org-compat.el,1628,function,org-kill-new,missing,,
org-compat.el,1634,function,org-babel-local-file-name,missing,,Return the local name component of FILE.
org-compat.el,1642,macro,org-check-version,missing,,Try very hard to provide sensible version strings.
org-compat.el,1659,function,org-define-error,missing,,Define NAME as a new error signal.
org-compat.el,1660,function,org-without-partial-completion,missing,,Eval BODY forms sequentially and return value of last one.
org-compat.el,1670,option,org-imenu-depth,missing,,The maximum level for Imenu access to Org headlines.
org-compat.el,1680,function,org-imenu-get-tree,missing,,Produce the index for Imenu.
org-compat.el,1727,command,org-speedbar-set-agenda-restriction,missing,,Restrict future agenda commands to the location at point in speedbar.
org-compat.el,1781,function,org-add-log-current-headline,missing,,Return current headline or nil.
org-compat.el,1789,function,org--flyspell-object-check-p,missing,,Non-nil when Flyspell can check object at point.
org-compat.el,1813,function,org-mode-flyspell-verify,missing,,Function used for `flyspell-generic-check-word-predicate'.
org-compat.el,1865,function,org-remove-flyspell-overlays-in,missing,,Remove flyspell overlays in region.
org-compat.el,1877,function,org-bookmark-jump-unhide,missing,,"Unhide the current position, to show the bookmark location."
org-compat.el,1890,option,org-calendar-to-agenda-key,missing,,Key to be installed in `calendar-mode-map' for switching to the agenda.
org-compat.el,1908,option,org-calendar-insert-diary-entry-key,missing,,The key to be installed in `calendar-mode-map' for adding diary entries.
org-compat.el,1919,function,org--setup-calendar-bindings,missing,,Bind Org functions in Calendar keymap.
org-compat.el,1945,function,org--ecb-show-context,missing,,Make hierarchy visible when jumping into location from ECB tree buffer.
org-compat.el,1952,function,org-mark-jump-unhide,missing,,Make the point visible with `org-fold-show-context' after jumping to the mark.
org-compat.el,,option,org-make-link-description-function,missing,,Function to use for generating link descriptions from links.
org-compat.el,,function,outline-toggle-children@fix-for-org-fold,missing,,Run `org-fold-hide-sublevels' when in org-mode.
org-compat.el,,function,org-time-convert-to-list,missing,,
org-compat.el,,option,org-from-is-user-regexp,missing,,"Regexp matched against the ""From:"" header of an email or Usenet message."
org-compat.el,,macro,org-combine-change-calls,missing,,"Evaluate BODY, running the change hooks just once."
org-compat.el,,option,org-display-internal-link-with-indirect-buffer,missing,,Non-nil means use indirect buffer to display infile links.
org-compat.el,,option,org-effort-durations,missing,,Conversion factor to minutes for a duration.
org-compat.el,,function,outline-hide-sublevels@fix-for-org-fold,missing,,Run `org-fold-hide-sublevels' when in org-mode.
org-compat.el,,function,org-time-convert-to-integer,missing,,
org-compat.el,,option,org-doi-server-url,missing,,The URL of the DOI server.
org-compat.el,,option,org-checkbox-hierarchical-statistics,missing,,Non-nil means checkbox statistics counts only the state of direct children.
org-compat.el,,option,org-confirm-shell-link-not-regexp,missing,,Regexp to skip confirmation for shell links.
org-compat.el,,option,org-export-babel-evaluate,missing,,Switch controlling code evaluation and header processing during export.
org-compat.el,,option,org-plantuml-executable-args,missing,,The arguments passed to plantuml when executing PlantUML.
org-compat.el,,function,org-format-prompt,missing,,Format PROMPT with DEFAULT according to `minibuffer-default-prompt-format'.
org-compat.el,,function,org-buffer-hash,missing,,Return a hash of the contents of BUFFER-OR-NAME.
org-compat.el,,option,org-export-htmlized-org-css-url,missing,,URL pointing to the CSS defining colors for htmlized Emacs buffers.
org-compat.el,,option,org-html-style,missing,,Org-wide head definitions for exported HTML files.
org-compat.el,,option,org-confirm-elisp-link-function,missing,,Non-nil means ask for confirmation before executing Emacs Lisp links.
org-compat.el,,option,org-email-link-description-format,missing,,Format of the description part of a link to an email or Usenet message.
org-compat.el,,option,org-babel-capitalize-example-region-markers,missing,,"When non-nil, begin/end example markers will be inserted in upper case."
org-compat.el,,option,org-catch-invisible-edits,missing,,Check if in invisible region before inserting or deleting a character.
org-compat.el,,option,org-latex-listings,missing,,Backend used to generate source code listings.
org-compat.el,,option,org-hierarchical-todo-statistics,missing,,Non-nil means TODO statistics covers just direct children.
org-compat.el,,option,org-latex-preview-ltxpng-directory,missing,,Path to store latex preview images.
org-compat.el,,option,org-texinfo-def-table-markup,missing,,Default markup for first column in two-column tables.
org-compat.el,,option,org-show-context-detail,missing,,Alist between context and visibility span when revealing a location.
org-compat.el,,option,org-confirm-shell-link-function,missing,,Non-nil means ask for confirmation before executing shell links.
org-compat.el,,option,org-descriptive-links,missing,,Non-nil means Org displays descriptive links.
org-compat.el,,function,org-string-clean-whitespace,missing,,Clean up whitespace in STRING.
org-compat.el,,function,outline-next-visible-heading@fix-for-org-fold,missing,,Run `org-next-visible-heading' when in org-mode.
org-compat.el,,function,org-string-equal-ignore-case,missing,,Compare STRING1 and STRING2 case-insensitively.
org-compat.el,,function,org-get-buffer-create,missing,,"Return the buffer specified by BUFFER-OR-NAME, creating a new one if needed."
org-compat.el,,option,org-sort-agenda-noeffort-is-high,missing,,Non-nil means items without effort estimate are sorted as high effort.
org-compat.el,,option,org-edit-src-content-indentation,missing,,Indentation for the content of a source code block.
org-compat.el,,option,org-latex-with-hyperref,missing,,Template for hyperref package options.
org-compat.el,,command,org-newline-and-indent,missing,,"Insert a newline, then indent according to major mode."
org-compat.el,,macro,org-with-undo-amalgamate,missing,,Like `progn' but perform BODY with amalgamated undo barriers.
org-compat.el,,option,org-agenda-ignore-drawer-properties,missing,,Avoid updating text properties when building the agenda.
org-compat.el,,function,org-decoded-time-add,missing,,"Add DELTA to TIME, both of which are `decoded-time' structures."
org-compat.el,,option,org-usenet-links-prefer-google,missing,,"If non-nil, `org-store-link' creates web links to Google groups."
org-compat.el,,function,org-assoc-delete-all,missing,,Delete from ALIST all elements whose car is KEY.
org-compat.el,,option,org-sort-agenda-notime-is-late,missing,,Non-nil means items without time are considered late.
org-compat.el,,function,org--flatten-tree,missing,,"Return a ""flattened"" copy of TREE."
org-compat.el,,function,org-xor,missing,,Return the boolean exclusive-or of COND1 and COND2.
org-compat.el,,function,org-replace-buffer-contents,missing,,
org-compat.el,,option,org-attach-directory,missing,,The directory where attachments are stored.
org-compat.el,,option,org-latex-create-formula-image-program,missing,,The default process to convert LaTeX fragments to image files.
org-compat.el,,option,org-keep-stored-link-after-insertion,missing,,Non-nil means keep link in list for entire session.
org-compat.el,,function,outline-back-to-heading@fix-for-org-fold,missing,,Run `org-back-to-heading' when in org-mode.
org-compat.el,,option,org-context-in-file-links,missing,,Non-nil means file links from `org-store-link' contain context.
org-compat.el,,function,org-string-distance,missing,,Return Levenshtein distance between STRING1 and STRING2.
org-compat.el,,function,org-line-number-display-width,missing,,Return the width used for displaying line numbers in the selected window.
org-compat.el,,function,org-completion-table-with-metadata,missing,,Return new completion TABLE with METADATA.
org-compat.el,,function,outline-flag-region@fix-for-org-fold,missing,,Run `org-fold-region' when in org-mode.
org-compat.el,,function,outline-on-heading-p@fix-for-org-fold,missing,,Run `org-at-heading-p' when in org-mode.
org-compat.el,,function,org-directory-empty-p,missing,,Return t if DIR names an existing directory containing no other files.
org-compat.el,,option,org-confirm-elisp-link-not-regexp,missing,,A regexp to skip confirmation for Elisp links.
org-compat.el,,function,org-list-of-strings-p,missing,,Return t if OBJECT is nil or a list of strings.
org-compat.el,,function,org-display-buffer-full-frame,missing,,"Display BUFFER in the current frame, taking the entire frame."
org-compat.el,,function,org-file-has-changed-p,missing,,Return non-nil if FILE has changed.
org-compat.el,,function,org-file-name-concat,missing,,Append COMPONENTS to DIRECTORY and return the resulting string.
org-crypt.el,91,option,org-crypt-tag-matcher,missing,,The tag matcher used to find headings whose contents should be encrypted.
org-crypt.el,98,option,org-crypt-key,missing,,The default key to use when encrypting the contents of a heading.
org-crypt.el,114,option,org-crypt-disable-auto-save,missing,,What org-decrypt should do if `auto-save-mode' is enabled.
org-crypt.el,138,function,org-crypt--encrypted-text,missing,,Return encrypted text in between BEG and END.
org-crypt.el,145,function,org-at-encrypted-entry-p,missing,,Is the current entry encrypted?
org-crypt.el,168,function,org-crypt-check-auto-save,missing,,Check whether `auto-save-mode' is enabled for the current buffer.
org-crypt.el,198,function,org-crypt-key-for-heading,missing,,Return the encryption key(s) for the current heading.
org-crypt.el,212,command,org-encrypt-entry,missing,,Encrypt the content of the current headline.
org-crypt.el,256,command,org-decrypt-entry,missing,,Decrypt the content of the current headline.
org-crypt.el,317,command,org-encrypt-entries,missing,,Encrypt all top-level entries in the current buffer.
org-crypt.el,327,command,org-decrypt-entries,missing,,Decrypt all entries in the current buffer.
org-crypt.el,337,function,org-crypt-use-before-save-magic,missing,,Add a hook to automatically encrypt entries before a file is saved to disk.
org-ctags.el,164,option,org-ctags-path-to-ctags,missing,,Name of the ctags executable file.
org-ctags.el,188,option,org-ctags-open-link-functions,missing,,List of functions to be prepended to ORG-OPEN-LINK-FUNCTIONS by ORG-CTAGS.
org-ctags.el,202,option,org-ctags-new-topic-template,missing,,Text to insert when creating a new org file via opening a hyperlink.
org-ctags.el,211,function,org-ctags--visit-tags-table,missing,,Load tags for current file.
org-ctags.el,226,function,org--ctags-load-tag-list,missing,,
org-ctags.el,232,function,org-ctags-enable,missing,,
org-ctags.el,244,function,org-ctags-unload-function,missing,,Disable `org-ctags' library.
org-ctags.el,258,command,org-ctags-get-filename-for-tag,missing,,TAG is a string.  Search the active TAGS file for a matching tag.
org-ctags.el,285,command,org-ctags-all-tags-in-current-tags-table,missing,,"Read all tags defined in the active TAGS file, into a list of strings."
org-ctags.el,302,function,org-ctags-string-search-and-replace,missing,,Replace all instances of SEARCH with REPLACE in STRING.
org-ctags.el,310,command,org-ctags-open-file,missing,,"Visit or create a file called `NAME.org', and insert a new topic."
org-ctags.el,330,function,org--ctags-set-org-mark-before-finding-tag,missing,,"Before trying to find a tag, save our current position on org mark ring."
org-ctags.el,338,function,org-ctags-find-tag-at-point,missing,,"Determine default tag to search for, based on text at point."
org-ctags.el,377,command,org-ctags-find-tag,missing,,This function is intended to be used in ORG-OPEN-LINK-FUNCTIONS.
org-ctags.el,396,command,org-ctags-visit-buffer-or-file,missing,,This function is intended to be used in ORG-OPEN-LINK-FUNCTIONS.
org-ctags.el,428,function,org-ctags-ask-visit-buffer-or-file,missing,,This function is intended to be used in ORG-OPEN-LINK-FUNCTIONS.
org-ctags.el,435,command,org-ctags-append-topic,missing,,This function is intended to be used in ORG-OPEN-LINK-FUNCTIONS.
org-ctags.el,456,function,org-ctags-ask-append-topic,missing,,This function is intended to be used in ORG-OPEN-LINK-FUNCTIONS.
org-ctags.el,466,function,org-ctags-rebuild-tags-file-then-find-tag,missing,,This function is intended to be used in ORG-OPEN-LINK-FUNCTIONS.
org-ctags.el,477,function,org-ctags-ask-rebuild-tags-file-then-find-tag,missing,,This function is intended to be used in ORG-OPEN-LINK-FUNCTIONS.
org-ctags.el,490,function,org-ctags-fail-silently,missing,,This function is intended to be used in ORG-OPEN-LINK-FUNCTIONS.
org-ctags.el,500,command,org-ctags-create-tags,missing,,(Re)create tags file in the directory of the active buffer.
org-ctags.el,541,command,org-ctags-find-tag-interactive,missing,,"Prompt for the name of a tag, with autocompletion, then visit the named tag."
org-cycle.el,98,option,org-cycle-skip-children-state-if-no-children,missing,,Non-nil means skip CHILDREN state in entries that don't have any.
org-cycle.el,103,option,org-cycle-max-level,missing,,Maximum level which should still be subject to visibility cycling.
org-cycle.el,119,option,org-cycle-hide-block-startup,missing,,Non-nil means entering Org mode will fold all blocks.
org-cycle.el,130,option,org-cycle-hide-drawer-startup,missing,,Non-nil means entering Org mode will fold all drawers.
org-cycle.el,140,option,org-cycle-global-at-bob,missing,,Cycle globally if cursor is at beginning of buffer and not at a headline.
org-cycle.el,156,option,org-cycle-level-after-item/entry-creation,missing,,Non-nil means cycle entry level or item indentation in new empty entries.
org-cycle.el,171,option,org-cycle-emulate-tab,missing,,Where should `org-cycle' emulate TAB.
org-cycle.el,187,option,org-cycle-separator-lines,missing,,Number of empty lines needed to keep an empty line between collapsed trees.
org-cycle.el,206,option,org-cycle-pre-hook,missing,,Hook that is run before visibility cycling is happening.
org-cycle.el,216,option,org-cycle-hook,missing,,Hook that is run after `org-cycle' has changed the buffer visibility.
org-cycle.el,230,option,org-cycle-open-archived-trees,missing,,Non-nil means `org-cycle' will open archived trees.
org-cycle.el,243,option,org-cycle-link-previews-display,missing,,Non-nil means auto display link previews under subtree when cycling.
org-cycle.el,264,function,org-cycle-hide-drawers,missing,,Re-hide all drawers after a visibility state change.
org-cycle.el,288,command,org-cycle,missing,,TAB-action and visibility cycling for Org mode.
org-cycle.el,448,command,org-cycle-force-archived,missing,,Cycle subtree even if it is archived.
org-cycle.el,455,function,org-cycle-internal-global,missing,,Do the global cycling action.
org-cycle.el,488,function,org-cycle-internal-local,missing,,Do the local cycling action.
org-cycle.el,606,command,org-cycle-global,missing,,Cycle the global visibility.  For details see `org-cycle'.
org-cycle.el,621,function,org-cycle-set-startup-visibility,missing,,Set the visibility required by startup options and properties.
org-cycle.el,650,command,org-cycle-set-visibility-according-to-property,missing,,Switch subtree visibility according to VISIBILITY property.
org-cycle.el,680,command,org-cycle-overview,missing,,"Switch to overview mode, showing only top-level headlines."
org-cycle.el,701,command,org-cycle-content,missing,,"Show all headlines in the buffer, like a table of contents."
org-cycle.el,723,function,org-cycle-optimize-window-after-visibility-change,missing,,Adjust the window after a change in outline visibility.
org-cycle.el,747,function,org-cycle-show-empty-lines,missing,,Show empty lines above all visible headlines.
org-cycle.el,790,function,org-cycle-hide-archived-subtrees,missing,,Re-hide all archived subtrees after a visibility state change.
org-cycle.el,810,option,org-cycle-inline-images-display,missing,,Non-nil means auto display inline images under subtree when cycling.
org-cycle.el,810,function,org-cycle-inline-images-display,missing,,Auto display inline images under subtree when cycling.
org-cycle.el,813,function,org-cycle-display-link-previews,missing,,Auto display inline images under subtree when cycling.
org-cycle.el,,option,org-pre-cycle-hook,missing,,Hook that is run before visibility cycling is happening.
org-cycle.el,,option,org-hide-block-startup,missing,,Non-nil means entering Org mode will fold all blocks.
org-cycle.el,,option,org-hide-drawer-startup,missing,,Non-nil means entering Org mode will fold all drawers.
org-datetree.el,42,option,org-datetree-add-timestamp,missing,,"When non-nil, add a time stamp matching date of entry."
org-datetree.el,53,function,org-datetree-find-date-create,missing,,Find or create a day entry for date D.
org-datetree.el,62,function,org-datetree-find-month-create,missing,,Find or create a month entry for date D.
org-datetree.el,73,function,org-datetree-find-iso-week-create,missing,,Find or create an ISO week entry for date D.
org-datetree.el,84,function,org-datetree-find-create-entry,missing,,Find or create an entry for date D.
org-datetree.el,179,function,org-datetree-comparefun-from-regex,missing,,Construct comparison function based on regular expression.
org-datetree.el,199,function,org-datetree-find-create-hierarchy,missing,,Find or create entry in datetree using the full date hierarchy.
org-datetree.el,261,function,org-datetree--find-create-subheading,missing,,"Find datetree subheading, or create it if it doesn't exist."
org-datetree.el,318,function,org-datetree-file-entry-under,missing,,Insert a node TXT into the date tree under date D.
org-datetree.el,326,command,org-datetree-cleanup,missing,,Make sure all entries in the current tree are under the correct date.
org-duration.el,70,option,org-duration-units,done,time::duration::units; option read on each use,Conversion factor to minutes for a duration.
org-duration.el,115,option,org-duration-format,done,"time::duration::Format::option (h:mm, h:mm:ss, unit lists, special, compact)",Format definition for a duration.
org-duration.el,238,function,org-duration--modifier,internal,time::duration::modifier,Return modifier associated to string UNIT.
org-duration.el,251,command,org-duration-set-regexps,done,time::duration::set_regexps; regexps also rebuilt when org-duration-units changes,Set duration related regexps.
org-duration.el,271,function,org-duration-p,done,time::duration::is_duration,Non-nil when string S is a time duration.
org-duration.el,279,function,org-duration-to-minutes,done,"time::duration::to_minutes(d, canonical)",Return number of minutes of DURATION string.
org-duration.el,317,function,org-duration-from-minutes,done,"time::duration::from_minutes(m, fmt, canonical)",Return duration string for a given number of MINUTES.
org-duration.el,433,function,org-duration-h:mm-only-p,done,time::duration::hmm_only,"Non-nil when every duration in TIMES has ""H:MM"" or ""H:MM:SS"" format."
org-element-ast.el,216,function,org-element-type,missing,,Return type of NODE.
org-element-ast.el,244,function,org-element-secondary-p,missing,,Non-nil when NODE directly belongs to a secondary node.
org-element-ast.el,287,function,org-element--deferred-resolve-once,missing,,Resolve DEFERRED-VALUE for NODE.
org-element-ast.el,295,function,org-element--deferred-resolve,missing,,Resolve VALUE for NODE recursively.
org-element-ast.el,311,function,org-element--deferred-resolve-force,missing,,"Resolve VALUE for NODE recursively, ignoring `auto-undefer-p'."
org-element-ast.el,319,function,org-element--deferred-resolve-list,missing,,Unconditionally resolve all the deferred values in LIST for NODE.
org-element-ast.el,483,function,org-element--property,missing,,Extract the value from the PROPERTY of a NODE.
org-element-ast.el,538,function,org-element-parent,missing,,Return `:parent' property of NODE.
org-element-ast.el,551,function,org-element--properties-mapc,missing,,Apply FUN for each property of NODE.
org-element-ast.el,625,function,org-element--deferred-resolve-force-rec,missing,,Resolve deferred PROPERTY VAL in NODE recursively.  Force undefer.
org-element-ast.el,633,function,org-element--deferred-resolve-rec,missing,,Resolve deferred PROPERTY VAL in NODE recursively.
org-element-ast.el,642,function,org-element-properties-resolve,missing,,"Resolve all the deferred properties in NODE, modifying the NODE."
org-element-ast.el,655,function,org-element-properties-mapc,missing,,Apply FUN for each property of NODE for side effect.
org-element-ast.el,678,function,org-element-properties-map,missing,,Apply FUN for each property of NODE and return a list of the results.
org-element-ast.el,695,function,org-element-contents,missing,,Extract contents from NODE.
org-element-ast.el,703,function,org-element-set-contents,missing,,Set NODE's contents to CONTENTS.
org-element-ast.el,719,function,org-element-resolve-deferred,missing,,"Resolve all the deferred properties in NODE, modifying the NODE."
org-element-ast.el,723,function,org-element-create,missing,,Create a new syntax node of TYPE.
org-element-ast.el,781,function,org-element-copy,missing,,Return a copy of DATUM.
org-element-ast.el,842,function,org-element-ast-map,missing,,Map a function on selected syntax nodes.
org-element-ast.el,951,function,org-element-lineage,missing,,List all ancestors of a given element or object.
org-element-ast.el,977,function,org-element-lineage-map,missing,,"Map FUN across ancestors of DATUM, from closest to furthest."
org-element-ast.el,1011,function,org-element-property-inherited,missing,,Extract non-nil value from the PROPERTY of a NODE and/or its parents.
org-element-ast.el,1053,function,org-element-adopt-elements,missing,,Append CHILDREN to the contents of PARENT.
org-element-ast.el,1054,function,org-element-adopt,missing,,Append CHILDREN to the contents of PARENT.
org-element-ast.el,1079,function,org-element-extract-element,missing,,Extract NODE from parse tree.
org-element-ast.el,1080,function,org-element-extract,missing,,Extract NODE from parse tree.
org-element-ast.el,1096,function,org-element-insert-before,missing,,Insert NODE before LOCATION in parse tree.
org-element-ast.el,1127,function,org-element-set-element,missing,,Replace element or object OLD with element or object NEW.
org-element-ast.el,1128,function,org-element-set,missing,,Replace element or object OLD with element or object NEW.
org-element-ast.el,,function,org-element-type-p,missing,,Return non-nil when NODE type is one of TYPES.
org-element-ast.el,,function,org-element-deferred-args--inliner,missing,,
org-element-ast.el,,function,org-element-type-p--inliner,missing,,
org-element-ast.el,,function,org-element-put-property,missing,,"In NODE, set PROPERTY to VALUE."
org-element-ast.el,,function,org-element-deferred-function--inliner,missing,,
org-element-ast.el,,function,org-element--parray,missing,,Return standard property array for NODE.
org-element-ast.el,,function,org-element--put-parray--inliner,missing,,
org-element-ast.el,,function,org-element-deferred-create-list,missing,,Constructor for objects of type `org-element-deferred'.
org-element-ast.el,,function,org-element-deferred-p,missing,,
org-element-ast.el,,function,org-element-property-raw--inliner,missing,,
org-element-ast.el,,function,org-element--property-idx,missing,,Return standard property index or nil.
org-element-ast.el,,function,org-element-property-2--inliner,missing,,
org-element-ast.el,,function,org-element-deferred-p--inliner,missing,,
org-element-ast.el,,function,org-element-property--inliner,missing,,
org-element-ast.el,,function,org-element-put-property--inliner,missing,,
org-element-ast.el,,function,org-element-deferred-create,missing,,Constructor for objects of type `org-element-deferred'.
org-element-ast.el,,function,org-element--plist-property,missing,,Extract the value for PROPERTY from NODE's property list.
org-element-ast.el,,function,org-element-property,missing,,Extract the value from the PROPERTY of a NODE.
org-element-ast.el,,function,org-element-deferred-function,missing,,"Access slot ""function"" of `org-element-deferred' struct X."
org-element-ast.el,,function,org-element-property-raw,missing,,Extract the value for PROPERTY of an NODE.
org-element-ast.el,,function,copy-org-element-deferred,missing,,"Return a copy of a list, vector, string, char-table or record."
org-element-ast.el,,function,org-element-deferred-auto-undefer-p--inliner,missing,,
org-element-ast.el,,function,org-element-deferred-create-alias,missing,,Constructor for objects of type `org-element-deferred'.
org-element-ast.el,,function,org-element--plist-property--inliner,missing,,
org-element-ast.el,,function,org-element-deferred-args,missing,,"Access slot ""args"" of `org-element-deferred' struct X."
org-element-ast.el,,function,org-element-put-property-2,missing,,"Like `org-element-put-property', but NODE is the last argument."
org-element-ast.el,,function,org-element-property-2,missing,,"Like `org-element-property', but reverse the order of NODE and PROPERTY."
org-element-ast.el,,function,org-element-put-property-2--inliner,missing,,
org-element-ast.el,,function,org-element--property-idx--inliner,missing,,
org-element-ast.el,,function,org-element--parray--inliner,missing,,
org-element-ast.el,,function,org-element-deferred-auto-undefer-p,missing,,"Access slot ""auto-undefer-p"" of `org-element-deferred' struct X."
org-element-ast.el,,function,org-element--put-parray,missing,,Initialize standard property array in NODE.
org-element.el,228,function,org-element--set-regexps,missing,,Build variable syntax regexps.
org-element.el,310,command,org-element-update-syntax,missing,,Update parser internals.
org-element.el,509,function,org-element--parse-paired-brackets,missing,,Parse paired brackets at point.
org-element.el,551,function,org-element--generate-copy-script,missing,,Generate a function duplicating BUFFER.
org-element.el,655,function,org-element-copy-buffer,missing,,Return a copy of the current buffer.
org-element.el,691,macro,org-element-with-buffer-copy,missing,,Apply BODY in a copy of the current buffer.
org-element.el,754,function,org-element-restriction,missing,,Return restriction associated to ELEMENT.
org-element.el,761,function,org-element-class,missing,,"Return class for ELEMENT, as a symbol."
org-element.el,788,function,org-element-parent-element,missing,,Return first element containing OBJECT or nil.
org-element.el,793,function,org-element-begin,missing,,Get `:begin' property of NODE.
org-element.el,800,function,org-element-end,missing,,Get `:end' property of NODE.
org-element.el,807,function,org-element-contents-begin,missing,,Get `:contents-begin' property of NODE.
org-element.el,814,function,org-element-contents-end,missing,,Get `:contents-end' property of NODE.
org-element.el,821,function,org-element-post-affiliated,missing,,Get `:post-affiliated' property of NODE.
org-element.el,828,function,org-element-post-blank,missing,,Get `:post-blank' property of NODE.
org-element.el,846,function,org-element--get-cached-string,missing,,Return cached object equal to STRING.
org-element.el,853,function,org-element--substring,missing,,Get substring inside ELEMENT according to BEG-OFFSET and END-OFFSET.
org-element.el,861,function,org-element--unescape-substring,missing,,Call `org-element--substring' and unescape the result.
org-element.el,887,macro,org-element--cache-warn,missing,,Raise warning for org-element-cache.
org-element.el,966,function,org-element-center-block-parser,missing,,Parse a center block.
org-element.el,1011,function,org-element-center-block-interpreter,missing,,Interpret a center-block element as Org syntax.
org-element.el,1019,function,org-element-drawer-parser,missing,,Parse a drawer.
org-element.el,1084,function,org-element-drawer-interpreter,missing,,Interpret DRAWER element as Org syntax.
org-element.el,1095,function,org-element-dynamic-block-parser,missing,,Parse a dynamic block.
org-element.el,1146,function,org-element-dynamic-block-interpreter,missing,,Interpret DYNAMIC-BLOCK element as Org syntax.
org-element.el,1164,function,org-element-footnote-definition-parser,missing,,Parse a footnote definition.
org-element.el,1228,function,org-element-footnote-definition-interpreter,missing,,Interpret FOOTNOTE-DEFINITION element as Org syntax.
org-element.el,1246,function,org-element--get-node-properties,missing,,Return node properties for headline or property drawer at point.
org-element.el,1298,function,org-element--get-time-properties,missing,,Return time properties associated to headline at point.
org-element.el,1316,function,org-element--headline-deferred,missing,,Parse and set extra properties for ELEMENT headline in BUFFER.
org-element.el,1363,function,org-element--headline-raw-value,missing,,Retrieve :raw-value in HEADLINE according to BEG-OFFSET and END-OFFSET.
org-element.el,1367,function,org-element--headline-archivedp,missing,,Return t when HEADLINE is archived and nil otherwise.
org-element.el,1373,function,org-element--headline-footnote-section-p,missing,,Return t when HEADLINE is a footnote section and nil otherwise.
org-element.el,1397,function,org-element--headline-parse-title,missing,,Resolve title properties of HEADLINE for side effect.
org-element.el,1483,function,org-element-headline-parser,missing,,Parse a headline.
org-element.el,1562,function,org-element-headline-interpreter,missing,,Interpret HEADLINE element as Org syntax.
org-element.el,1607,function,org-element--get-category,missing,,Return category in current buffer.
org-element.el,1630,function,org-element--get-global-node-properties,missing,,Set node properties associated with the whole Org buffer.
org-element.el,1661,function,org-element-org-data-parser,missing,,Parse org-data.
org-element.el,1707,function,org-element-org-data-interpreter,missing,,Interpret ORG-DATA element as Org syntax.
org-element.el,1716,function,org-element-inlinetask-parser,missing,,Parse an inline task.
org-element.el,1786,function,org-element-inlinetask-interpreter,missing,,Interpret INLINETASK element as Org syntax.
org-element.el,1826,function,org-element-item-parser,missing,,Parse an item up to LIMIT.
org-element.el,1921,function,org-element-item-interpreter,missing,,Interpret ITEM element as Org syntax.
org-element.el,1965,function,org-element--list-struct,missing,,Return structure of list at point.
org-element.el,2051,function,org-element-plain-list-parser,missing,,Parse a plain list.
org-element.el,2113,function,org-element-plain-list-interpreter,missing,,Interpret plain-list element as Org syntax.
org-element.el,2134,function,org-element-property-drawer-parser,missing,,Parse a property drawer.
org-element.el,2167,function,org-element-property-drawer-interpreter,missing,,Interpret property-drawer element as Org syntax.
org-element.el,2175,function,org-element-quote-block-parser,missing,,Parse a quote block.
org-element.el,2220,function,org-element-quote-block-interpreter,missing,,Interpret quote-block element as Org syntax.
org-element.el,2228,function,org-element-section-parser,missing,,Parse a section.
org-element.el,2258,function,org-element-section-interpreter,missing,,Interpret section element as Org syntax.
org-element.el,2266,function,org-element-special-block-parser,missing,,Parse a special block.
org-element.el,2320,function,org-element-special-block-interpreter,missing,,Interpret SPECIAL-BLOCK element as Org syntax.
org-element.el,2344,function,org-element-babel-call-parser,missing,,Parse a babel call.
org-element.el,2393,function,org-element-babel-call-interpreter,missing,,Interpret BABEL-CALL element as Org syntax.
org-element.el,2406,function,org-element-clock-parser,missing,,Parse a clock.
org-element.el,2440,function,org-element-clock-interpreter,missing,,Interpret CLOCK element as Org syntax.
org-element.el,2455,function,org-element-comment-parser,missing,,Parse a comment.
org-element.el,2494,function,org-element-comment-interpreter,missing,,Interpret COMMENT element as Org syntax.
org-element.el,2502,function,org-element-comment-block-parser,missing,,Parse an export block.
org-element.el,2544,function,org-element-comment-block-interpreter,missing,,Interpret COMMENT-BLOCK element as Org syntax.
org-element.el,2554,function,org-element-diary-sexp-parser,missing,,Parse a diary sexp.
org-element.el,2582,function,org-element-diary-sexp-interpreter,missing,,Interpret DIARY-SEXP as Org syntax.
org-element.el,2589,function,org-element-example-block-parser,missing,,Parse an example block.
org-element.el,2673,function,org-element-example-block-interpreter,missing,,Interpret EXAMPLE-BLOCK element as Org syntax.
org-element.el,2694,function,org-element-export-block-parser,missing,,Parse an export block.
org-element.el,2743,function,org-element-export-block-interpreter,missing,,Interpret EXPORT-BLOCK element as Org syntax.
org-element.el,2752,function,org-element-fixed-width-parser,missing,,Parse a fixed-width section.
org-element.el,2790,function,org-element-fixed-width-interpreter,missing,,Interpret FIXED-WIDTH element as Org syntax.
org-element.el,2800,function,org-element-horizontal-rule-parser,missing,,Parse an horizontal rule.
org-element.el,2825,function,org-element-horizontal-rule-interpreter,missing,,Interpret HORIZONTAL-RULE element as Org syntax.
org-element.el,2832,function,org-element-keyword-parser,missing,,Parse a keyword at point.
org-element.el,2868,function,org-element-keyword-interpreter,missing,,Interpret KEYWORD element as Org syntax.
org-element.el,2893,function,org-element-latex-environment-parser,missing,,Parse a LaTeX environment.
org-element.el,2934,function,org-element-latex-environment-interpreter,missing,,Interpret LATEX-ENVIRONMENT element as Org syntax.
org-element.el,2941,function,org-element-node-property-parser,missing,,Parse a node-property at point.
org-element.el,2962,function,org-element-node-property-interpreter,missing,,Interpret NODE-PROPERTY element as Org syntax.
org-element.el,2971,function,org-element-paragraph-parser,missing,,Parse a paragraph.
org-element.el,3040,function,org-element-paragraph-interpreter,missing,,Interpret paragraph element as Org syntax.
org-element.el,3048,function,org-element-planning-parser,missing,,Parse a planning.
org-element.el,3085,function,org-element-planning-interpreter,missing,,Interpret PLANNING element as Org syntax.
org-element.el,3107,function,org-element-src-block-parser,missing,,Parse a source block.
org-element.el,3207,function,org-element-src-block-interpreter,missing,,Interpret SRC-BLOCK element as Org syntax.
org-element.el,3232,function,org-element-table-parser,missing,,Parse a table at point.
org-element.el,3285,function,org-element-table-interpreter,missing,,Interpret TABLE element as Org syntax.
org-element.el,3300,function,org-element-table-row-parser,missing,,Parse table row at point.
org-element.el,3328,function,org-element-table-row-interpreter,missing,,Interpret TABLE-ROW element as Org syntax.
org-element.el,3337,function,org-element-verse-block-parser,missing,,Parse a verse block.
org-element.el,3376,function,org-element-verse-block-interpreter,missing,,Interpret verse-block element as Org syntax.
org-element.el,3400,function,org-element--parse-generic-emphasis,missing,,"Parse emphasis object at point, if any."
org-element.el,3447,function,org-element-bold-parser,missing,,"Parse bold object at point, if any."
org-element.el,3457,function,org-element-bold-interpreter,missing,,Interpret bold object as Org syntax.
org-element.el,3465,function,org-element-citation-parser,missing,,"Parse citation object at point, if any."
org-element.el,3528,function,org-element-citation-interpreter,missing,,Interpret CITATION object as Org syntax.
org-element.el,3547,function,org-element-citation-reference-parser,missing,,"Parse citation reference object at point, if any."
org-element.el,3586,function,org-element-citation-reference-interpreter,missing,,Interpret CITATION-REFERENCE object as Org syntax.
org-element.el,3598,function,org-element-code-parser,missing,,"Parse code object at point, if any."
org-element.el,3608,function,org-element-code-interpreter,missing,,Interpret CODE object as Org syntax.
org-element.el,3615,function,org-element-entity-parser,missing,,"Parse entity at point, if any."
org-element.el,3661,function,org-element-entity-interpreter,missing,,Interpret ENTITY object as Org syntax.
org-element.el,3670,function,org-element-export-snippet-parser,missing,,Parse export snippet at point.
org-element.el,3705,function,org-element-export-snippet-interpreter,missing,,Interpret EXPORT-SNIPPET object as Org syntax.
org-element.el,3714,function,org-element-footnote-reference-parser,missing,,"Parse footnote reference at point, if any."
org-element.el,3745,function,org-element-footnote-reference-interpreter,missing,,Interpret FOOTNOTE-REFERENCE object as Org syntax.
org-element.el,3755,function,org-element-inline-babel-call-parser,missing,,"Parse inline babel call at point, if any."
org-element.el,3801,function,org-element-inline-babel-call-interpreter,missing,,Interpret INLINE-BABEL-CALL object as Org syntax.
org-element.el,3817,function,org-element-inline-src-block-parser,missing,,"Parse inline source block at point, if any."
org-element.el,3850,function,org-element-inline-src-block-interpreter,missing,,Interpret INLINE-SRC-BLOCK object as Org syntax.
org-element.el,3862,function,org-element-italic-parser,missing,,"Parse italic object at point, if any."
org-element.el,3872,function,org-element-italic-interpreter,missing,,Interpret italic object as Org syntax.
org-element.el,3880,function,org-element-latex-fragment-parser,missing,,"Parse LaTeX fragment at point, if any."
org-element.el,3929,function,org-element-latex-fragment-interpreter,missing,,Interpret LATEX-FRAGMENT object as Org syntax.
org-element.el,3935,function,org-element-line-break-parser,missing,,"Parse line break at point, if any."
org-element.el,3951,function,org-element-line-break-interpreter,missing,,Interpret LINE-BREAK object as Org syntax.
org-element.el,3958,function,org-element-link-parser,missing,,"Parse link at point, if any."
org-element.el,4095,function,org-element-link-interpreter,missing,,Interpret LINK object as Org syntax.
org-element.el,4140,function,org-element-macro-parser,missing,,"Parse macro at point, if any."
org-element.el,4171,function,org-element-macro-interpreter,missing,,Interpret MACRO object as Org syntax.
org-element.el,4182,function,org-element-radio-target-parser,missing,,"Parse radio target at point, if any."
org-element.el,4208,function,org-element-radio-target-interpreter,missing,,Interpret target object as Org syntax.
org-element.el,4216,function,org-element-statistics-cookie-parser,missing,,"Parse statistics cookie at point, if any."
org-element.el,4239,function,org-element-statistics-cookie-interpreter,missing,,Interpret STATISTICS-COOKIE object as Org syntax.
org-element.el,4246,function,org-element-strike-through-parser,missing,,"Parse strike-through object at point, if any."
org-element.el,4257,function,org-element-strike-through-interpreter,missing,,Interpret strike-through object as Org syntax.
org-element.el,4265,function,org-element-subscript-parser,missing,,"Parse subscript at point, if any."
org-element.el,4295,function,org-element-subscript-interpreter,missing,,Interpret SUBSCRIPT object as Org syntax.
org-element.el,4305,function,org-element-superscript-parser,missing,,"Parse superscript at point, if any."
org-element.el,4334,function,org-element-superscript-interpreter,missing,,Interpret SUPERSCRIPT object as Org syntax.
org-element.el,4344,function,org-element-table-cell-parser,missing,,Parse table cell at point.
org-element.el,4362,function,org-element-table-cell-interpreter,missing,,Interpret table-cell element as Org syntax.
org-element.el,4370,function,org-element-target-parser,missing,,"Parse target at point, if any."
org-element.el,4392,function,org-element-target-interpreter,missing,,Interpret TARGET object as Org syntax.
org-element.el,4411,function,org-element-timestamp-parser,internal,time::stamp::Timestamp::parse,"Parse time stamp at point, if any."
org-element.el,4558,function,org-element-timestamp-interpreter,internal,time::stamp::Timestamp::interpret,Interpret TIMESTAMP object as Org syntax.
org-element.el,4694,function,org-element-underline-parser,missing,,"Parse underline object at point, if any."
org-element.el,4704,function,org-element-underline-interpreter,missing,,Interpret underline object as Org syntax.
org-element.el,4712,function,org-element-verbatim-parser,missing,,"Parse verbatim object at point, if any."
org-element.el,4722,function,org-element-verbatim-interpreter,missing,,Interpret VERBATIM object as Org syntax.
org-element.el,4755,function,org-element--current-element,missing,,Parse the element starting at point.
org-element.el,4954,function,org-element--collect-affiliated-keywords,missing,,Collect affiliated keywords from point down to LIMIT.
org-element.el,5050,function,org-element-parse-buffer,missing,,Recursively parse the current Org mode buffer and return structure.
org-element.el,5115,function,org-element-parse-secondary-string,missing,,Recursively parse objects in STRING and return structure.
org-element.el,5149,function,org-element-map,missing,,Map a function on selected elements or objects.
org-element.el,5274,function,org-element--next-mode,missing,,Return next mode according to current one.
org-element.el,5304,function,org-element--parse-elements,missing,,Parse elements between BEG and END positions.
org-element.el,5373,function,org-element--object-lex,missing,,Return next object in current buffer or nil.
org-element.el,5500,function,org-element--parse-objects,missing,,Parse objects between BEG and END and return recursive structure.
org-element.el,5563,function,org-element-interpret-data,missing,,Interpret DATA as Org syntax.
org-element.el,5633,function,org-element--interpret-affiliated-keyword,missing,,Interpret affiliated keyword with KEY and VALUE.
org-element.el,5647,function,org-element--interpret-affiliated-keywords,missing,,Return ELEMENT's affiliated keywords as Org syntax.
org-element.el,5690,function,org-element-normalize-string,missing,,Ensure string S ends with a single newline character.
org-element.el,5707,function,org-element-normalize-contents,missing,,Normalize plain text in ELEMENT's contents.
org-element.el,6025,macro,org-element--request-key,missing,,Get NEXT part of a `org-element--cache-sync-requests' REQUEST.
org-element.el,6029,macro,org-element--request-beg,missing,,Get BEG part of a `org-element--cache-sync-requests' REQUEST.
org-element.el,6033,macro,org-element--request-end,missing,,Get END part of a `org-element--cache-sync-requests' REQUEST.
org-element.el,6037,macro,org-element--request-offset,missing,,Get OFFSET part of a `org-element--cache-sync-requests' REQUEST.
org-element.el,6041,macro,org-element--request-parent,missing,,Get PARENT part of a `org-element--cache-sync-requests' REQUEST.
org-element.el,6045,macro,org-element--request-phase,missing,,Get PHASE part of a `org-element--cache-sync-requests' REQUEST.
org-element.el,6049,macro,org-element--format-element,missing,,Format ELEMENT for printing in diagnostics.
org-element.el,6055,macro,org-element--cache-log-message,missing,,Add a new log message for org-element-cache.
org-element.el,6070,function,org-element--cache-key,missing,,Return a unique key for ELEMENT in cache tree.
org-element.el,6115,function,org-element--cache-generate-key,missing,,Generate a key between LOWER and UPPER.
org-element.el,6185,function,org-element--cache-key-less-p,missing,,Non-nil if key A is less than key B.
org-element.el,6208,function,org-element--cache-compare,missing,,Non-nil when element A is located before element B.
org-element.el,6212,function,org-element--cache-root,missing,,Return root value in `org-element--cache' .
org-element.el,6217,function,org-element--headline-cache-root,missing,,Return root value in `org-element--headline-cache' .
org-element.el,6226,function,org-element--cache-active-p,missing,,Non-nil when cache is active in current buffer.
org-element.el,6258,function,org-element--cache-find,missing,,Find element in cache starting at POS or before.
org-element.el,6352,function,org-element--cache-put,missing,,"Store ELEMENT in current buffer's cache, if allowed."
org-element.el,6383,function,org-element--cache-remove,missing,,Remove ELEMENT from cache.
org-element.el,6427,function,org-element--cache-set-timer,missing,,Set idle timer for cache synchronization in BUFFER.
org-element.el,6440,function,org-element--cache-interrupt-p,missing,,Non-nil when synchronization process should be interrupted.
org-element.el,6447,function,org-element--cache-shift-positions,missing,,Shift ELEMENT properties relative to buffer positions by OFFSET.
org-element.el,6515,function,org-element--cache-sync,missing,,Synchronize cache with recent modification in BUFFER.
org-element.el,6619,function,org-element--cache-process-request,missing,,Process synchronization REQUEST for all entries before NEXT.
org-element.el,7000,function,org-element--headline-parent-deferred,missing,,Parse parent for HEADLINE.
org-element.el,7021,function,org-element--parse-to,missing,,"Parse elements in current section, down to POS."
org-element.el,7253,function,org-element--cache-before-change,missing,,Detect modifications in sensitive parts of Org buffer.
org-element.el,7322,function,org-element--cache-after-change,missing,,Update buffer modifications for current buffer.
org-element.el,7347,function,org-element--cache-setup-change-functions,missing,,Setup `before-change-functions' and `after-change-functions'.
org-element.el,7380,function,org-element--cache-for-removal,missing,,Return first element to remove from cache.
org-element.el,7543,function,org-element--cache-submit-request,missing,,Submit a new cache synchronization request for current buffer.
org-element.el,7709,function,org-element--cache-verify-element,missing,,Verify correctness of ELEMENT when `org-element--cache-self-verify' is non-nil.
org-element.el,7786,function,org-element--cache-persist-before-write,missing,,Sync element cache for CONTAINER and ASSOCIATED item before saving.
org-element.el,7822,function,org-element--cache-persist-before-read,missing,,Avoid reading cache for CONTAINER and ASSOCIATED before Org mode is loaded.
org-element.el,7844,function,org-element--cache-persist-after-read,missing,,Setup restored cache for CONTAINER and ASSOCIATED.
org-element.el,7889,command,org-element-cache-reset,missing,,Reset cache in current buffer.
org-element.el,7955,function,org-element-cache-store-key,missing,,"Store KEY with VALUE associated with EPOM - point, marker, or element."
org-element.el,7972,function,org-element-cache-get-key,missing,,"Get KEY associated with EPOM - point, marker, or element."
org-element.el,7994,function,org-element-cache-refresh,missing,,Refresh cache at position POS.
org-element.el,8001,macro,org-element-with-enabled-cache,missing,,Run BODY with org-element cache enabled (maybe temporarily).
org-element.el,8035,function,org-element-cache-map,missing,,Map all elements in current buffer with FUNC according to GRANULARITY.
org-element.el,8536,function,org-element-at-point,missing,,Determine closest element around point or EPOM.
org-element.el,8629,function,org-element-at-point-no-context,missing,,Quickly find element at point or POM.
org-element.el,8639,function,org-element-context,missing,,Return smallest element or object around point.
org-element.el,8769,function,org-element-nested-p,missing,,Non-nil when elements ELEM-A and ELEM-B are nested.
org-element.el,8778,function,org-element-swap-A-B,missing,,Swap elements ELEM-A and ELEM-B.
org-entities.el,44,function,org-entities--user-safe-p,missing,,Non-nil if V is a safe value for `org-entities-user'.
org-entities.el,60,option,org-entities-user,missing,,User-defined entities used in Org to produce special characters.
org-entities.el,544,function,org-entity-get,missing,,Get the proper association for NAME from the entity lists.
org-entities.el,552,command,org-entities-create-table,missing,,Create an Org mode table with all entities.
org-entities.el,575,command,org-entities-help,missing,,Create a Help buffer with all available entities.
org-faces.el,290,option,org-faces-easy-properties,missing,,The property changes by easy faces.
org-faces.el,304,option,org-todo-keyword-faces,missing,,Faces for specific TODO keywords.
org-faces.el,326,option,org-priority-faces,missing,,Faces for specific Priorities.
org-faces.el,347,function,org-set-tag-faces,missing,,
org-faces.el,366,option,org-tag-faces,missing,,Faces for specific tags.
org-faces.el,488,option,org-fontify-quote-and-verse-blocks,missing,,"Non-nil means, add a special face to #+begin_quote and #+begin_verse block."
org-faces.el,605,option,org-agenda-deadline-faces,missing,,Faces for showing deadlines in the agenda.
org-faces.el,687,option,org-n-level-faces,missing,,The number of different faces to be used for headlines.
org-faces.el,694,option,org-cycle-level-faces,missing,,Non-nil means level styles cycle after level `org-n-level-faces'.
org-feed.el,113,option,org-feed-alist,missing,,Alist specifying RSS feeds that should create inputs for Org.
org-feed.el,218,option,org-feed-drawer,missing,,The name of the drawer for feed status information.
org-feed.el,225,option,org-feed-default-template,missing,,Template for the Org node created from RSS feed items.
org-feed.el,243,option,org-feed-save-after-adding,missing,,Non-nil means save buffer after adding new feed items.
org-feed.el,248,option,org-feed-retrieve-method,missing,,The method to be used to retrieve a feed URL.
org-feed.el,260,option,org-feed-before-adding-hook,missing,,Hook that is run before adding new feed items to a file.
org-feed.el,267,option,org-feed-after-adding-hook,missing,,Hook that is run after new items have been added to a file.
org-feed.el,278,command,org-feed-update-all,missing,,Get inbox items from all feeds in `org-feed-alist'.
org-feed.el,298,command,org-feed-update,missing,,Get inbox items from FEED.
org-feed.el,430,command,org-feed-goto-inbox,missing,,Go to the inbox that captures the feed named FEED.
org-feed.el,442,command,org-feed-show-raw-feed,missing,,Show the raw feed buffer of a feed.
org-feed.el,455,function,org-feed-goto-inbox-internal,missing,,Find or create HEADING in FILE.
org-feed.el,470,function,org-feed-read-previous-status,missing,,Get the alist of old GUIDs from the entry at POS.
org-feed.el,482,function,org-feed-write-status,missing,,Write the feed STATUS to DRAWER in entry at POS.
org-feed.el,500,function,org-feed-add-items,missing,,Add the formatted items to the headline as POS.
org-feed.el,516,function,org-feed-format-entry,missing,,Format ENTRY so that it can be inserted into an Org file.
org-feed.el,586,function,org-feed-make-indented-block,missing,,Add indentation of N spaces to a multiline string S.
org-feed.el,594,function,org-feed-skip-http-headers,missing,,"Remove HTTP headers from BUFFER, and return it."
org-feed.el,604,function,org-feed-get-feed,missing,,Get the RSS feed file at URL and return the buffer.
org-feed.el,620,function,org-feed-parse-rss-feed,missing,,Parse BUFFER for RSS feed entries.
org-feed.el,643,function,org-feed-parse-rss-entry,missing,,Parse the `:item-full-text' field for xml tags and create new properties.
org-feed.el,659,function,org-feed-parse-atom-feed,missing,,Parse BUFFER for Atom feed entries.
org-feed.el,677,function,org-feed-parse-atom-entry,missing,,Parse the `:item-full-text' as a sexp and create new properties.
org-fold-core.el,287,option,org-fold-core-style,missing,,Internal implementation detail used to hide folded text.
org-fold-core.el,422,function,org-fold-core-folding-spec-list,missing,,Return list of all the folding spec symbols in BUFFER.
org-fold-core.el,428,function,org-fold-core-get-folding-spec-from-alias,missing,,Return the folding spec symbol for SPEC-OR-ALIAS.
org-fold-core.el,439,function,org-fold-core-folding-spec-p,missing,,Check if SPEC-OR-ALIAS is a registered folding spec.
org-fold-core.el,443,function,org-fold-core--check-spec,missing,,Throw an error if SPEC-OR-ALIAS is not in `org-fold-core-folding-spec-list'.
org-fold-core.el,448,function,org-fold-core-get-folding-spec-property,missing,,Get PROPERTY of a folding SPEC-OR-ALIAS.
org-fold-core.el,463,function,org-fold-core-get-folding-property-symbol,missing,,Get folding text property using to store SPEC in current buffer or BUFFER.
org-fold-core.el,479,function,org-fold-core-get-folding-spec-from-folding-prop,missing,,Return folding spec symbol used for folding property with name FOLDING-PROP.
org-fold-core.el,500,macro,org-fold-core-cycle-over-indirect-buffers,missing,,Execute BODY in current buffer and all its indirect buffers.
org-fold-core.el,556,function,org-fold-core--property-symbol-get-create,missing,,Return a unique symbol suitable as folding text property.
org-fold-core.el,638,function,org-fold-core--update-buffer-folds,missing,,Copy folding state in a new buffer with text copied from old buffer.
org-fold-core.el,642,function,org-fold-core-decouple-indirect-buffer-folds,missing,,Copy and decouple folding state in a newly created indirect buffer.
org-fold-core.el,665,function,org-fold-core-set-folding-spec-property,missing,,Set PROPERTY of a folding SPEC to VALUE.
org-fold-core.el,691,function,org-fold-core-add-folding-spec,missing,,Add a new folding SPEC with PROPERTIES in BUFFER.
org-fold-core.el,720,function,org-fold-core-remove-folding-spec,missing,,Remove a folding SPEC in BUFFER.
org-fold-core.el,742,function,org-fold-core-initialize,missing,,Setup folding in current buffer using SPECS as value of `org-fold-core--specs'.
org-fold-core.el,765,function,org-fold-core-folded-p,missing,,Non-nil if the character after POS is folded.
org-fold-core.el,777,function,org-fold-core-region-folded-p,missing,,Non-nil if the region between BEG and END is folded.
org-fold-core.el,787,function,org-fold-core-get-folding-spec,missing,,Get folding state at `point' or POM.
org-fold-core.el,816,function,org-fold-core-get-folding-specs-in-region,missing,,Get all folding specs in region from BEG to END.
org-fold-core.el,826,function,org-fold-core-get-region-at-point,missing,,Return region folded using SPEC-OR-ALIAS at POM.
org-fold-core.el,847,function,org-fold-core-next-visibility-change,missing,,Return next point from POS up to LIMIT where text becomes visible/invisible.
org-fold-core.el,882,function,org-fold-core-previous-visibility-change,missing,,Call `org-fold-core-next-visibility-change' searching backwards.
org-fold-core.el,886,function,org-fold-core-next-folding-state-change,missing,,Return point after POS where folding state changes up to LIMIT.
org-fold-core.el,940,function,org-fold-core-previous-folding-state-change,missing,,Call `org-fold-core-next-folding-state-change' searching backwards.
org-fold-core.el,944,function,org-fold-core-search-forward,missing,,Search next region folded via folding SPEC-OR-ALIAS up to LIMIT.
org-fold-core.el,961,function,org-fold-core-get-regions,missing,,Find all the folded regions in current buffer.
org-fold-core.el,1019,macro,org-fold-core--keep-overlays,missing,,Run BODY with `org-fold-core--keep-overlays' set to t.
org-fold-core.el,1031,macro,org-fold-core--with-isearch-active,missing,,Run BODY with `org-fold-core--isearch-active' set to t.
org-fold-core.el,1041,function,org-fold-core-region,missing,,"Hide or show lines from FROM to TO, according to FLAG."
org-fold-core.el,1135,macro,org-fold-core-regions,missing,,Fold every region in REGIONS list in current buffer.
org-fold-core.el,1161,macro,org-fold-core-save-visibility,missing,,Save and restore folding state around BODY.
org-fold-core.el,1185,function,org-fold-core--isearch-setup,missing,,Initialize isearch in org buffer.
org-fold-core.el,1206,function,org-fold-core--isearch-reveal,missing,,Default function used to reveal hidden text at POS for isearch.
org-fold-core.el,1211,function,org-fold-core--isearch-filter-predicate-text-properties,missing,,Make sure that folded text is searchable when user want so.
org-fold-core.el,1239,function,org-fold-core--clear-isearch-state,missing,,Clear `org-fold-core--isearch-local-regions'.
org-fold-core.el,1243,function,org-fold-core--isearch-show,missing,,Reveal text at OVERLAY-OR-REGION found by isearch.
org-fold-core.el,1258,function,org-fold-core--isearch-show-temporary,missing,,Temporarily reveal text in REGION.
org-fold-core.el,1280,function,org-fold-core--create-isearch-overlays,missing,,Replace text property invisibility spec by overlays between BEG and END.
org-fold-core.el,1308,function,org-fold-core--clear-isearch-overlay,missing,,Convert OV region back into using text properties.
org-fold-core.el,1321,function,org-fold-core--clear-isearch-overlays,missing,,Convert overlays from `org-fold-core--isearch-overlays' back to text properties.
org-fold-core.el,1336,macro,org-fold-core-ignore-modifications,missing,,Run BODY ignoring buffer modifications in `org-fold-core--fix-folded-region'.
org-fold-core.el,1343,macro,org-fold-core-suppress-folding-fix,missing,,Run BODY skipping re-folding checks in `org-fold-core--fix-folded-region'.
org-fold-core.el,1349,macro,org-fold-core-ignore-fragility-checks,missing,,Run BODY skipping :fragility checks in `org-fold-core--fix-folded-region'.
org-fold-core.el,1358,function,org-fold-core--region-delayed,missing,,Call `org-fold-core-region' after current command.
org-fold-core.el,1369,function,org-fold-core--process-delayed,missing,,Perform folding for `org-fold-core--region-delayed-list'.
org-fold-core.el,1387,function,org-fold-core--fix-folded-region,missing,,Process modifications in folded elements within FROM . TO region.
org-fold-core.el,1544,function,org-fold-core--buffer-substring-filter,missing,,Clear folding state in killed text.
org-fold-core.el,1611,function,org-fold-core-update-optimization,missing,,Update huge buffer optimization between BEG and END.
org-fold-core.el,1623,function,org-fold-core-update-optimisation,missing,,Update huge buffer optimization between BEG and END.
org-fold-core.el,1627,function,org-fold-core-remove-optimization,missing,,Remove huge buffer optimization between BEG and END.
org-fold-core.el,1639,function,org-fold-core-remove-optimisation,missing,,Remove huge buffer optimization between BEG and END.
org-fold.el,93,option,org-fold-show-context-detail,missing,,Alist between context and visibility span when revealing a location.
org-fold.el,175,option,org-fold-catch-invisible-edits,missing,,Check if in invisible region before inserting or deleting a character.
org-fold.el,201,option,org-fold-catch-invisible-edits-commands,missing,,Alist of commands where Org checks for invisible edits.
org-fold.el,234,function,org-fold-folding-spec-p,missing,,Check if SPEC-OR-ALIAS is a registered folding spec.
org-fold.el,235,function,org-fold-add-folding-spec,missing,,Add a new folding SPEC with PROPERTIES in BUFFER.
org-fold.el,236,function,org-fold-remove-folding-spec,missing,,Remove a folding SPEC in BUFFER.
org-fold.el,238,function,org-fold-initialize,missing,,Setup folding in current Org buffer.
org-fold.el,282,function,org-fold-folded-p,missing,,Non-nil if the character after POS is folded.
org-fold.el,283,function,org-fold-get-folding-spec,missing,,Get folding state at `point' or POM.
org-fold.el,284,function,org-fold-get-folding-specs-in-region,missing,,Get all folding specs in region from BEG to END.
org-fold.el,285,function,org-fold-get-region-at-point,missing,,Return region folded using SPEC-OR-ALIAS at POM.
org-fold.el,286,function,org-fold-get-regions,missing,,Find all the folded regions in current buffer.
org-fold.el,287,function,org-fold-next-visibility-change,missing,,Return next point from POS up to LIMIT where text becomes visible/invisible.
org-fold.el,288,function,org-fold-previous-visibility-change,missing,,Call `org-fold-core-next-visibility-change' searching backwards.
org-fold.el,289,function,org-fold-next-folding-state-change,missing,,Return point after POS where folding state changes up to LIMIT.
org-fold.el,290,function,org-fold-previous-folding-state-change,missing,,Call `org-fold-core-next-folding-state-change' searching backwards.
org-fold.el,291,function,org-fold-search-forward,missing,,Search next region folded via folding SPEC-OR-ALIAS up to LIMIT.
org-fold.el,295,macro,org-fold-save-outline-visibility,missing,,Save and restore folding state around BODY.
org-fold.el,301,function,org-fold-region,missing,,"Hide or show lines from FROM to TO, according to FLAG."
org-fold.el,302,macro,org-fold-regions,missing,,Fold every region in REGIONS list in current buffer.
org-fold.el,304,command,org-fold-show-all,missing,,Show all contents in the visible part of the buffer.
org-fold.el,318,function,org-fold-flag-above-first-heading,missing,,Hide from bob up to the first heading.
org-fold.el,329,function,org-fold-heading,missing,,Fold/unfold the current heading.  FLAG non-nil means make invisible.
org-fold.el,344,command,org-fold-hide-entry,missing,,Hide the body directly following this heading.
org-fold.el,361,function,org-fold-subtree,missing,,Hide (when FLAG) or reveal subtree at point.
org-fold.el,372,command,org-fold-hide-subtree,missing,,Hide everything after this heading at deeper levels.
org-fold.el,378,command,org-fold-hide-sublevels,missing,,"Hide everything but the top LEVELS levels of headers, in whole buffer."
org-fold.el,420,command,org-fold-show-entry,missing,,Show the body directly following its heading.
org-fold.el,437,command,org-fold-show-hidden-entry,missing,,Show an entry where even the heading is hidden.
org-fold.el,440,function,org-fold-show-siblings,missing,,Show all siblings of the current headline.
org-fold.el,448,command,org-fold-show-children,missing,,Show all direct subheadings of this heading.
org-fold.el,488,command,org-fold-show-subtree,missing,,Show everything after this heading at deeper levels.
org-fold.el,494,command,org-fold-show-branches,missing,,"Show all subheadings of this heading, but not their bodies."
org-fold.el,499,function,org-fold-show-branches-buffer,missing,,Show all branches in the buffer.
org-fold.el,511,function,org-fold--hide-wrapper-toggle,missing,,Toggle visibility for ELEMENT.
org-fold.el,562,command,org-fold-hide-block-toggle,missing,,Toggle the visibility of the current block.
org-fold.el,575,command,org-fold-hide-drawer-toggle,missing,,Toggle the visibility of the current drawer.
org-fold.el,588,command,org-fold-hide-block-all,missing,,Fold all blocks in the current buffer.
org-fold.el,593,command,org-fold-hide-drawer-all,missing,,Fold all drawers in the current buffer or active region BEGIN..END.
org-fold.el,602,function,org-fold--hide-drawers,missing,,Hide all drawers between BEGIN and END.
org-fold.el,620,function,org-fold-hide-archived-subtrees,missing,,Re-hide all archived subtrees after a visibility state change.
org-fold.el,635,function,org-fold-show-context,missing,,Make sure point and context are visible.
org-fold.el,648,function,org-fold-show-set-visibility,missing,,Set visibility around point according to DETAIL.
org-fold.el,703,command,org-fold-reveal,missing,,"Show current entry, hierarchy above it, and the following headline."
org-fold.el,727,function,org-fold--isearch-reveal,missing,,Reveal text at POS found by isearch.
org-fold.el,734,function,org-fold--extend-changed-region,missing,,Consider folded regions in the next/previous line when fixing region visibility.
org-fold.el,747,function,org-fold--reveal-headline-at-point-delayed,missing,,Reveal header line and empty contents inside.
org-fold.el,774,function,org-fold--reveal-outline-maybe,missing,,Reveal folded outline in REGION when needed.
org-fold.el,811,function,org-fold--reveal-drawer-or-block-maybe,missing,,Reveal folded drawer/block (according to SPEC) in REGION when needed.
org-fold.el,882,function,org-fold-check-before-invisible-edit,missing,,Check if editing KIND is dangerous with invisible text around.
org-fold.el,934,function,org-fold-check-before-invisible-edit-maybe,missing,,Check before invisible command by `this-command'.
org-fold.el,941,function,org-fold--advice-edit-commands,missing,,Advice editing commands according to `org-fold-catch-invisible-edits-commands'.
org-footnote.el,95,option,org-footnote-section,missing,,Outline heading containing footnote definitions.
org-footnote.el,125,option,org-footnote-define-inline,missing,,"Non-nil means define footnotes inline, at reference location."
org-footnote.el,134,option,org-footnote-auto-label,missing,,Non-nil means define automatically new labels for footnotes.
org-footnote.el,155,option,org-footnote-auto-adjust,missing,,Non-nil means automatically adjust footnotes after insert/delete.
org-footnote.el,174,option,org-footnote-fill-after-inline-note-extraction,missing,,Non-nil means fill paragraphs after extracting footnotes.
org-footnote.el,186,function,org-footnote-in-valid-context-p,missing,,Is point in a context where footnotes are allowed?
org-footnote.el,199,function,org-footnote-at-reference-p,missing,,Non-nil if point is at a footnote reference.
org-footnote.el,219,function,org-footnote-at-definition-p,missing,,Non-nil if point is within a footnote definition.
org-footnote.el,251,function,org-footnote--allow-reference-p,missing,,Non-nil when a footnote reference can be inserted at point.
org-footnote.el,313,function,org-footnote--clear-footnote-section,missing,,Remove all footnote sections in buffer and create a new one.
org-footnote.el,337,function,org-footnote--set-label,missing,,Set label of footnote at point to string LABEL.
org-footnote.el,346,function,org-footnote--collect-references,missing,,Collect all labeled footnote references in current buffer.
org-footnote.el,412,function,org-footnote--collect-definitions,missing,,Collect all footnote definitions in current buffer.
org-footnote.el,447,function,org-footnote--goto-local-insertion-point,missing,,"Find insertion point for footnote, just before next outline heading."
org-footnote.el,458,function,org-footnote-get-next-reference,missing,,Return complete reference of the next footnote.
org-footnote.el,477,function,org-footnote-next-reference-or-definition,missing,,Move point to next footnote reference or definition.
org-footnote.el,548,command,org-footnote-goto-definition,missing,,Move point to the definition of the footnote LABEL.
org-footnote.el,576,command,org-footnote-goto-previous-reference,missing,,Find the first closest (to point) reference of footnote with label LABEL.
org-footnote.el,600,function,org-footnote-normalize-label,missing,,"Return LABEL without ""fn:"" prefix."
org-footnote.el,609,function,org-footnote-get-definition,missing,,"Return label, boundaries and definition of the footnote LABEL."
org-footnote.el,635,function,org-footnote-all-labels,missing,,List all defined footnote labels used throughout the buffer.
org-footnote.el,650,function,org-footnote-unique-label,missing,,Return a new unique footnote label.
org-footnote.el,666,command,org-footnote-new,missing,,Insert a new footnote.
org-footnote.el,718,function,org-footnote-create-definition,missing,,Start the definition of a footnote with label LABEL.
org-footnote.el,741,function,org-footnote-delete-references,missing,,Delete every reference to footnote LABEL.
org-footnote.el,753,function,org-footnote-delete-definitions,missing,,Delete every definition of the footnote LABEL.
org-footnote.el,775,function,org-footnote-delete,missing,,Delete the footnote at point.
org-footnote.el,812,command,org-footnote-renumber-fn:N,missing,,Order numbered footnotes into a sequence in the document.
org-footnote.el,835,function,org-footnote-sort,missing,,Rearrange footnote definitions in the current buffer.
org-footnote.el,876,command,org-footnote-normalize,missing,,Turn every footnote in buffer into a numbered one.
org-footnote.el,961,function,org-footnote-auto-adjust-maybe,missing,,Renumber and/or sort footnotes according to user settings.
org-footnote.el,979,command,org-footnote-action,missing,,Do the right thing for footnotes.
org-goto.el,57,option,org-goto-interface,missing,,The default interface to be used for `org-goto'.
org-goto.el,77,option,org-goto-max-level,missing,,Maximum target level when running `org-goto' with refile interface.
org-goto.el,82,option,org-goto-auto-isearch,missing,,Non-nil means typing characters in `org-goto' starts incremental search.
org-goto.el,99,function,org-goto--set-map,missing,,Set the keymap `org-goto'.
org-goto.el,141,function,org-goto--local-search-headings,missing,,Search and make sure that any matches are in headlines.
org-goto.el,155,command,org-goto-local-auto-isearch,missing,,Start isearch.
org-goto.el,164,command,org-goto-ret,missing,,Finish `org-goto' by going to the new location.
org-goto.el,171,command,org-goto-left,missing,,Finish `org-goto' by going to the new location.
org-goto.el,182,command,org-goto-right,missing,,Finish `org-goto' by going to the new location.
org-goto.el,192,command,org-goto-quit,missing,,Finish `org-goto' without cursor motion.
org-goto.el,204,function,org-goto-location,missing,,Let the user select a location in current buffer.
org-goto.el,245,command,org-goto,missing,,"Look up a different location in the current file, keeping current visibility."
org-habit.el,43,option,org-habit-graph-column,missing,,The absolute column at which to insert habit consistency graphs.
org-habit.el,49,option,org-habit-preceding-days,missing,,Number of days before today to appear in consistency graphs.
org-habit.el,54,option,org-habit-following-days,missing,,Number of days after today to appear in consistency graphs.
org-habit.el,59,option,org-habit-show-habits,missing,,"If non-nil, show habits in agenda buffers."
org-habit.el,64,option,org-habit-show-habits-only-for-today,missing,,"If non-nil, only show habits on today's agenda, and not for future days."
org-habit.el,71,option,org-habit-show-all-today,missing,,"If non-nil, show the consistency graph of all habits on"
org-habit.el,77,option,org-habit-today-glyph,missing,,Glyph character used to identify today.
org-habit.el,83,option,org-habit-completed-glyph,missing,,Glyph character used to show completed days on which a task was done.
org-habit.el,89,option,org-habit-show-done-always-green,missing,,Non-nil means DONE days will always be green in the consistency graph.
org-habit.el,95,option,org-habit-scheduled-past-days,missing,,"Value to use instead of `org-scheduled-past-days', for habits only."
org-habit.el,162,function,org-habit-repeater-to-days,missing,,
org-habit.el,172,function,org-habit-duration-to-days,missing,,
org-habit.el,181,function,org-is-habit-p,missing,,Is the task at EPOM or point a habit?
org-habit.el,186,function,org-habit-parse-todo,missing,,Parse the TODO EPOM for its habit-related data.
org-habit.el,271,function,org-habit-scheduled,missing,,
org-habit.el,273,function,org-habit-scheduled-repeat,missing,,
org-habit.el,275,function,org-habit-deadline,missing,,
org-habit.el,282,function,org-habit-deadline-repeat,missing,,
org-habit.el,285,function,org-habit-done-dates,missing,,
org-habit.el,287,function,org-habit-repeat-type,missing,,
org-habit.el,290,function,org-habit-get-urgency,missing,,Determine the relative urgency of a habit.
org-habit.el,312,function,org-habit-get-faces,missing,,Return faces for HABIT relative to NOW-DAYS and SCHEDULED-DAYS.
org-habit.el,347,function,org-habit-build-graph,missing,,"Build a graph for the given HABIT, from STARTING to ENDING."
org-habit.el,453,function,org-habit-insert-consistency-graphs,missing,,Insert consistency graph for any habitual tasks.
org-habit.el,489,command,org-habit-toggle-habits,missing,,Toggle display of habits in an agenda buffer.
org-habit.el,499,command,org-habit-toggle-display-in-agenda,missing,,Toggle display of habits in agenda.
org-id.el,91,option,org-id-link-to-org-use-id,missing,,Non-nil means storing a link to an Org file will use entry IDs.
org-id.el,130,option,org-id-link-consider-parent-id,missing,,Non-nil means storing a link to an Org entry considers inherited IDs.
org-id.el,159,option,org-id-link-use-context,missing,,Non-nil means enables search string context in org-id links.
org-id.el,170,option,org-id-uuid-program,missing,,"Program used to generate the UUID, or nil to use Emacs's own generator."
org-id.el,181,option,org-id-ts-format,missing,,Timestamp format for IDs generated using `ts' `org-id-method'.
org-id.el,190,option,org-id-method,missing,,The method that should be used to create new IDs.
org-id.el,214,option,org-id-prefix,missing,,The prefix for IDs.
org-id.el,225,option,org-id-include-domain,missing,,Non-nil means add the domain name to new IDs.
org-id.el,237,option,org-id-track-globally,missing,,"Non-nil means track IDs through files, so that links work globally."
org-id.el,250,option,org-id-locations-file,missing,,The file for remembering in which file an ID was defined.
org-id.el,256,option,org-id-locations-file-relative,missing,,Determine if `org-id-locations' should be stored as relative links.
org-id.el,280,option,org-id-extra-files,missing,,"Files to be searched for IDs, besides the agenda files."
org-id.el,295,option,org-id-search-archives,missing,,Non-nil means search also the archive files of agenda files for entries.
org-id.el,303,option,org-id-completion-targets,missing,,"Candidate headings for completing ""id:"" links in `\[org-insert-link]'."
org-id.el,316,command,org-id-get-create,missing,,Create an ID for the current entry and return it.
org-id.el,326,command,org-id-copy,missing,,Copy the ID of the entry at point to the kill ring.
org-id.el,338,function,org-id-get,missing,,Get the ID of the entry at EPOM.
org-id.el,366,function,org-id-get-with-outline-path-completion,missing,,Use `outline-path-completion' to retrieve the ID of an entry.
org-id.el,383,function,org-id-get-with-outline-drilling,missing,,Use an outline-cycling interface to retrieve the ID of an entry.
org-id.el,393,command,org-id-goto,missing,,Switch to the buffer containing the entry with id ID.
org-id.el,406,function,org-id-find,missing,,Return the location of the entry with the id ID.
org-id.el,430,function,org-id-new,missing,,Create a new globally unique ID.
org-id.el,470,function,org-id-int-to-b36-one-digit,missing,,"Convert INTEGER between 0 and 61 into a single character 0..9, A..Z, a..z."
org-id.el,477,function,org-id-b36-to-int-one-digit,missing,,"Convert character 0..9, A..Z, a..z into a number 0..61."
org-id.el,486,function,org-id-int-to-b36,missing,,Convert an INTEGER to a base-36 number represented as a string.
org-id.el,500,function,org-id-b36-to-int,missing,,Convert a base-36 STRING into the corresponding integer.
org-id.el,507,function,org-id-time-to-b36,missing,,Encode TIME as a 12-digit string.
org-id.el,519,function,org-id-decode,missing,,Split ID into the prefix and the time value that was used to create it.
org-id.el,537,command,org-id-update-id-locations,missing,,Scan relevant files for IDs.
org-id.el,621,function,org-id-locations-save,missing,,Save `org-id-locations' in `org-id-locations-file'.
org-id.el,642,function,org-id-locations-load,missing,,Read the data from `org-id-locations-file'.
org-id.el,665,function,org-id-add-location,missing,,Add the ID with location FILE to the database of ID locations.
org-id.el,680,function,org-id-hash-to-alist,missing,,Turn an org-id HASH into an alist.
org-id.el,692,function,org-id-alist-to-hash,missing,,Turn an org-id location LIST into a hash table.
org-id.el,705,function,org-id-paste-tracker,missing,,Update any ids in TXT and assign BUFFER-OR-FILE to them.
org-id.el,724,function,org-id-find-id-file,missing,,Query the id database for the file in which ID is located.
org-id.el,735,function,org-id-find-id-in-file,missing,,Return the position of the entry ID in FILE.
org-id.el,773,function,org-id--get-id-to-store-link,missing,,Get or create the relevant ID for storing a link.
org-id.el,794,command,org-id-store-link,missing,,"Store a link to the current entry, using its ID."
org-id.el,844,function,org-id-store-link-maybe,missing,,Store a link to the current entry using its ID if enabled.
org-id.el,865,function,org-id-open,missing,,Go to the entry indicated by id link LINK.
org-id.el,911,function,org-id-complete,missing,,Complete IDs for `org-insert-link'.
org-id.el,928,function,org-id-description,missing,,"Return a description for an ID link, derived from the linked headline."
org-indent.el,80,option,org-indent-boundary-char,missing,,"The end of the virtual indentation strings, a single-character string."
org-indent.el,88,option,org-indent-mode-turns-off-org-adapt-indentation,missing,,Non-nil means setting `org-indent-mode' will turn off indentation adaptation.
org-indent.el,94,option,org-indent-mode-turns-on-hiding-stars,missing,,Non-nil means setting `org-indent-mode' will turn on `org-hide-leading-stars'.
org-indent.el,99,option,org-indent-indentation-per-level,missing,,Indentation per level in number of characters.
org-indent.el,104,option,org-indent-post-buffer-init-functions,missing,,Hook run after org-indent finishes initializing a buffer.
org-indent.el,130,function,org-indent--compute-prefixes,missing,,Compute prefix strings for regular text and headlines.
org-indent.el,165,function,org-indent-remove-properties,missing,,Remove indentations between BEG and END.
org-indent.el,171,command,org-indent-mode,missing,,"When active, indent text according to outline structure."
org-indent.el,228,command,org-indent-indent-buffer,missing,,Add indentation properties to the accessible part of the buffer.
org-indent.el,238,function,org-indent-remove-properties-from-string,missing,,Remove indentation properties from STRING.
org-indent.el,244,function,org-indent-initialize-agent,missing,,Start or resume current buffer initialization.
org-indent.el,265,function,org-indent-initialize-buffer,missing,,"Set virtual indentation for the buffer BUFFER, asynchronously."
org-indent.el,290,function,org-indent-set-line-properties,missing,,Set prefix properties on current line an move to next one.
org-indent.el,315,function,org-indent-add-properties,missing,,Add indentation properties between BEG and END.
org-indent.el,376,function,org-indent-notify-modified-headline,missing,,Set `org-indent-modified-headline-flag' depending on context.
org-indent.el,394,function,org-indent-refresh-maybe,missing,,Refresh indentation properties in an adequate portion of buffer.
org-indent.el,,option,org-indent-mode-hook,missing,,Hook run after entering or leaving `org-indent-mode'.
org-inlinetask.el,91,option,org-inlinetask-min-level,missing,,Minimum level a headline must have before it is treated as an inline task.
org-inlinetask.el,104,option,org-inlinetask-show-first-star,missing,,Non-nil means display the first star of an inline task as additional marker.
org-inlinetask.el,116,option,org-inlinetask-default-state,missing,,Non-nil means make inline tasks have a TODO keyword initially.
org-inlinetask.el,126,command,org-inlinetask-insert-task,missing,,Insert an inline task.
org-inlinetask.el,156,function,org-inlinetask-outline-regexp,missing,,Return string matching an inline task heading.
org-inlinetask.el,164,function,org-inlinetask-end-p,missing,,Return a non-nil value if point is on inline task's END part.
org-inlinetask.el,169,function,org-inlinetask-at-task-p,missing,,Return non-nil if point is at beginning of an inline task.
org-inlinetask.el,174,function,org-inlinetask-in-task-p,missing,,Return non-nil if point is inside an inline task.
org-inlinetask.el,183,function,org-inlinetask-goto-beginning,missing,,Go to the beginning of the inline task at point.
org-inlinetask.el,192,function,org-inlinetask-goto-end,missing,,Go to the end of the inline task at point.
org-inlinetask.el,216,function,org-inlinetask-get-task-level,missing,,Get the level of the inline task around.
org-inlinetask.el,224,command,org-inlinetask-promote,missing,,Promote the inline task at point.
org-inlinetask.el,253,command,org-inlinetask-demote,missing,,Demote the inline task at point.
org-inlinetask.el,285,function,org-inlinetask-fontify,missing,,Fontify the inline tasks down to LIMIT.
org-inlinetask.el,310,function,org-inlinetask-toggle-visibility,missing,,Toggle visibility of inline task at point.
org-inlinetask.el,330,function,org-inlinetask-hide-tasks,missing,,Hide inline tasks in buffer when STATE is `contents' or `children'.
org-inlinetask.el,349,function,org-inlinetask-remove-END-maybe,missing,,Remove an END line when present.
org-inside.el,76,option,org-inside-appearance,missing,,Special appearance when point is inside text with hidden contents.
org-inside.el,121,option,org-inside-unhide-delay,missing,,Default delay in seconds before auto-unhiding entities.
org-inside.el,141,function,org-inside--setup-hidden-contents-types,missing,,Setup entity types with hidden contents.
org-inside.el,151,function,org-inside--elems-at-point,missing,,Return all org-entity with possible hidden contents at point.
org-inside.el,158,function,org-inside--hidden-element,missing,,Return non-nil if inside an element with hidden contents at point.
org-inside.el,165,function,org-inside--overlay-modification,missing,,Detect modifications of the entity covered by `org-inside' overlay OV.
org-inside.el,193,function,org-inside--restore-cursor,missing,,Restore old cursor in WIN to OLD-TYPE (if any).
org-inside.el,206,function,org-inside--reset-state,missing,,Delete overlays and restore cursor in the window indicated by STATE.
org-inside.el,215,function,org-inside--remove-state,missing,,Reset and remove STATE from the list of states in the current buffer.
org-inside.el,221,command,org-inside-mode,missing,,Change appearance when point is inside an entity wrapped by hidden text.
org-inside.el,222,function,org-inside--trim-states,missing,,Remove and reset states that no longer apply to the current buffer.
org-inside.el,236,function,org-inside--make-overlay,missing,,Return a new front-advancing overlay specific to window WIN.
org-inside.el,253,function,org-inside--state-for-window,missing,,"Return the state for window WIN, creating and caching it if necessary."
org-inside.el,272,function,org-inside--state,missing,,Return an appropriate `org-inside' state for window WIN.
org-inside.el,290,function,org-inside--set-appearance,missing,,Set appearance and hidden state for hidden-contents entities.
org-inside.el,365,function,org-inside--visible-region,missing,,Return the visible region of entity ELEM.
org-inside.el,376,function,org-inside--sensor,missing,,Handle cursor appearance and unhiding inside entities with hidden contents.
org-inside.el,421,function,org-inside--buffer-changed,missing,,Handle `org-inside' buffers appearing or disappearing from window WIN.
org-inside.el,430,function,org-inside--frame-changed,missing,,Handle `org-inside' buffers disappearing for all windows on FRAME.
org-inside.el,443,function,org-inside--add-properties,missing,,Add text properties to invisible text for org-inside functionality.
org-inside.el,474,function,org-inside--setup,missing,,Setup buffer for `org-inside'.
org-inside.el,494,function,org-inside--teardown,missing,,Tear down `org-inside-mode' in buffer.
org-inside.el,505,function,org-inside--reset-all,missing,,Reset `org-inside' in all windows showing org-inside buffers.
org-inside.el,516,command,org-inside-toggle-hidden,missing,,Toggle visibility of hidden text for outermost entity at point (if any).
org-inside.el,,function,org-inside-state-ov--inliner,missing,,
org-inside.el,,function,org-inside-state-ov2--inliner,missing,,
org-inside.el,,function,org-inside-state-p,missing,,
org-inside.el,,function,org-inside-state-ov2,missing,,"Access slot ""ov2"" of `org-inside-state' struct X."
org-inside.el,,function,org-inside-state-saved-cursor-type,missing,,"Access slot ""saved-cursor-type"" of `org-inside-state' struct X."
org-inside.el,,function,org-inside-state-saved-cursor-type--inliner,missing,,
org-inside.el,,function,org-inside-state-p--inliner,missing,,
org-inside.el,,function,org-inside-state-window,missing,,Return the window associated with STATE's primary overlay.
org-inside.el,,function,org-inside-state-create--cmacro,missing,,compiler-macro for `org-inside-state-create'.
org-inside.el,,function,org-inside-state-ov,missing,,"Access slot ""ov"" of `org-inside-state' struct X."
org-inside.el,,option,org-inside-mode-hook,missing,,Hook run after entering or leaving `org-inside-mode'.
org-inside.el,,function,org-inside-state-create,missing,,Constructor for objects of type `org-inside-state'.
org-keys.el,249,option,org-replace-disputed-keys,missing,,Non-nil means use alternative key bindings for some keys.
org-keys.el,266,option,org-use-extra-keys,missing,,Non-nil means use extra key sequence definitions for certain commands.
org-keys.el,275,option,org-disputed-keys,missing,,Keys for which Org mode and other modes compete.
org-keys.el,292,option,org-mouse-1-follows-link,missing,,Non-nil means Mouse-1 on a link will follow the link.
org-keys.el,305,option,org-tab-follows-link,missing,,Non-nil means on links TAB will follow the link.
org-keys.el,313,option,org-follow-link-hook,missing,,Hook that is run after a link has been followed.
org-keys.el,318,option,org-return-follows-link,missing,,"Non-nil means on links RET will open links, timestamps, and citations."
org-keys.el,329,function,org-key,missing,,Select KEY according to `org-replace-disputed-keys' and `org-disputed-keys'.
org-keys.el,339,function,org-defkey,missing,,"Define KEY, possibly translated, as returned by `org-key' in KEYMAP to DEF."
org-keys.el,343,function,org-remap,missing,,"In MAP, remap the functions given in COMMANDS."
org-keys.el,416,command,org-up-heading,missing,,Move to the visible heading line of which the present line is a subheading.
org-keys.el,686,option,org-use-speed-commands,missing,,Non-nil means activate single letter commands at beginning of a headline.
org-keys.el,707,option,org-speed-command-hook,missing,,Hook for activating speed commands at strategic locations.
org-keys.el,726,option,org-speed-commands,missing,,Alist of speed commands.
org-keys.el,803,function,org--print-speed-command,missing,,Print information about SPEED-COMMAND in help buffer.
org-keys.el,820,command,org-speed-command-help,missing,,Show the available speed commands.
org-keys.el,831,function,org-speed-move-safe,missing,,"Execute CMD, but make sure that the cursor always ends up in a headline."
org-keys.el,840,function,org-speed-command-activate,missing,,Hook for activating single-letter speed commands.
org-keys.el,916,function,org-babel-speed-command-activate,missing,,Hook for activating single-letter code block commands.
org-keys.el,925,command,org-babel-describe-bindings,missing,,Describe all keybindings behind `org-babel-key-prefix'.
org-keys.el,,option,org-CUA-compatible,missing,,Non-nil means use alternative key bindings for some keys.
org-lint.el,114,function,org-lint-add-checker,missing,,Add a new checker for linter.
org-lint.el,163,function,org-lint-remove-checker,missing,,Remove checker(s) from linter.
org-lint.el,186,command,org-lint--report-mode,missing,,Major mode used to display reports emitted during linting.
org-lint.el,199,function,org-lint--generate-reports,missing,,Generate linting report for BUFFER.
org-lint.el,251,function,org-lint--refresh-reports,missing,,
org-lint.el,257,function,org-lint--current-line,missing,,"Return current report line, as a number."
org-lint.el,261,function,org-lint--current-marker,missing,,Return current report marker.
org-lint.el,265,function,org-lint--current-checker,missing,,Return current report checker.
org-lint.el,271,function,org-lint--display-reports,missing,,Display linting reports for buffer SOURCE.
org-lint.el,283,command,org-lint--jump-to-source,missing,,Move to source line that generated the report at point.
org-lint.el,293,command,org-lint--show-source,missing,,Show source line that generated the report at point.
org-lint.el,300,command,org-lint--hide-checker,missing,,Hide all reports from checker that generated the report at point.
org-lint.el,309,command,org-lint--ignore-checker,missing,,Ignore all reports from checker that generated the report at point.
org-lint.el,321,command,org-lint,missing,,Check current Org buffer for syntax mistakes.
org-lint.el,370,function,org-lint--collect-duplicates,missing,,Helper function to collect duplicates in parse tree AST.
org-lint.el,400,function,org-lint-misplaced-heading,missing,,Check for accidentally misplaced heading lines.
org-lint.el,422,function,org-lint-duplicate-custom-id,missing,,
org-lint.el,433,function,org-lint-duplicate-name,missing,,
org-lint.el,445,function,org-lint-duplicate-target,missing,,
org-lint.el,454,function,org-lint-duplicate-footnote-definition,missing,,
org-lint.el,462,function,org-lint-orphaned-affiliated-keywords,missing,,
org-lint.el,477,function,org-lint-regular-keyword-before-affiliated,missing,,
org-lint.el,493,function,org-lint-obsolete-affiliated-keywords,missing,,
org-lint.el,515,function,org-lint-deprecated-export-blocks,missing,,
org-lint.el,529,function,org-lint-deprecated-header-syntax,missing,,
org-lint.el,557,function,org-lint-missing-language-in-src-block,missing,,
org-lint.el,564,function,org-lint-suspicious-language-in-src-block,missing,,
org-lint.el,574,function,org-lint-missing-backend-in-export-block,missing,,
org-lint.el,581,function,org-lint-invalid-babel-call-block,missing,,
org-lint.el,594,function,org-lint-deprecated-category-setup,missing,,
org-lint.el,605,function,org-lint-invalid-coderef-link,missing,,
org-lint.el,615,function,org-lint-invalid-custom-id-link,missing,,
org-lint.el,625,function,org-lint-invalid-fuzzy-link,missing,,
org-lint.el,638,function,org-lint-invalid-id-link,missing,,
org-lint.el,657,function,org-lint-confusing-brackets,missing,,
org-lint.el,665,function,org-lint-brackets-inside-description,missing,,
org-lint.el,681,function,org-lint-special-property-in-properties-drawer,missing,,
org-lint.el,691,function,org-lint-obsolete-properties-drawer,missing,,
org-lint.el,706,function,org-lint-invalid-effort-property,missing,,
org-lint.el,716,function,org-lint-invalid-id-property,missing,,
org-lint.el,726,function,org-lint-link-to-local-file,missing,,
org-lint.el,752,function,org-lint-non-existent-setupfile-parameter,missing,,
org-lint.el,765,function,org-lint-wrong-include-link-parameter,missing,,
org-lint.el,805,function,org-lint-obsolete-include-markup,missing,,
org-lint.el,824,function,org-lint-unknown-options-item,missing,,
org-lint.el,854,function,org-lint-export-option-keywords,missing,,Check for options keyword properties without EXPORT in AST.
org-lint.el,889,function,org-lint-invalid-macro-argument-and-template,missing,,Check for invalid macro arguments in AST.
org-lint.el,987,function,org-lint-undefined-footnote-reference,missing,,
org-lint.el,1003,function,org-lint-unreferenced-footnote-definition,missing,,
org-lint.el,1015,function,org-lint-mismatched-planning-repeaters,missing,,
org-lint.el,1043,function,org-lint-misplaced-planning-info,missing,,
org-lint.el,1055,function,org-lint-incomplete-drawer,missing,,
org-lint.el,1083,function,org-lint-indented-diary-sexp,missing,,
org-lint.el,1094,function,org-lint-invalid-block,missing,,
org-lint.el,1118,function,org-lint-invalid-keyword-syntax,missing,,
org-lint.el,1136,function,org-lint-invalid-image-alignment,missing,,
org-lint.el,1166,function,org-lint-extraneous-element-in-footnote-section,missing,,
org-lint.el,1183,function,org-lint-quote-section,missing,,
org-lint.el,1192,function,org-lint-file-application,missing,,
org-lint.el,1200,function,org-lint-percent-encoding-link-escape,missing,,
org-lint.el,1217,function,org-lint-wrong-header-argument,missing,,
org-lint.el,1301,function,org-lint-empty-header-argument,missing,,
org-lint.el,1332,function,org-lint-wrong-header-value,missing,,
org-lint.el,1407,function,org-lint-named-result,missing,,
org-lint.el,1425,function,org-lint-spurious-colons,missing,,
org-lint.el,1432,function,org-lint-non-existent-bibliography,missing,,
org-lint.el,1442,function,org-lint-missing-print-bibliography,missing,,
org-lint.el,1451,function,org-lint-invalid-cite-export-declaration,missing,,
org-lint.el,1474,function,org-lint-incomplete-citation,missing,,
org-lint.el,1485,function,org-lint-item-number,missing,,
org-lint.el,1509,function,org-lint-priority,missing,,"Report out-of-bounds, invalid, and malformed priorities."
org-lint.el,1537,function,org-lint-LaTeX-$,missing,,Report semi-obsolete $...$ LaTeX fragments.
org-lint.el,1546,function,org-lint-LaTeX-$-ambiguous,missing,,Report LaTeX fragment-like text.
org-lint.el,1563,function,org-lint-timestamp-syntax,missing,,Report malformed timestamps.
org-lint.el,1576,function,org-lint-clock-syntax,missing,,Report malformed clocks.
org-lint.el,1592,function,org-lint-inactive-planning,missing,,Report inactive timestamp in SCHEDULED/DEADLINE.
org-lint.el,1607,function,org-lint-beamer-frame,missing,,Check for occurrences of begin or end frame.
org-lint.el,,function,org-lint-checker-trust--inliner,missing,,
org-lint.el,,function,org-lint-checker-p--inliner,missing,,
org-lint.el,,function,org-lint-checker-name,missing,,"Access slot ""name"" of `org-lint-checker' struct X."
org-lint.el,,function,make-org-lint-checker,missing,,Constructor for objects of type `org-lint-checker'.
org-lint.el,,function,org-lint-checker-summary,missing,,"Access slot ""summary"" of `org-lint-checker' struct X."
org-lint.el,,function,make-org-lint-checker--cmacro,missing,,compiler-macro for `make-org-lint-checker'.
org-lint.el,,function,org-lint-checker-categories--inliner,missing,,
org-lint.el,,function,org-lint-checker-p,missing,,
org-lint.el,,function,org-lint-checker-trust,missing,,"Access slot ""trust"" of `org-lint-checker' struct X."
org-lint.el,,function,org-lint-checker-categories,missing,,"Access slot ""categories"" of `org-lint-checker' struct X."
org-lint.el,,function,org-lint-checker-function,missing,,"Access slot ""function"" of `org-lint-checker' struct X."
org-lint.el,,function,org-lint-checker-name--inliner,missing,,
org-lint.el,,function,org-lint-checker-function--inliner,missing,,
org-lint.el,,function,org-lint-checker-summary--inliner,missing,,
org-list.el,172,option,org-cycle-include-plain-lists,partial,TAB cycles items (list::cycle_item); nil disables; `integrate` (items as heading children) not supported,"When t, make TAB cycle visibility on plain list items."
org-list.el,195,option,org-list-demote-modify-bullet,done,read as an alist from [org] (TOML pairs or a Lisp string); applied by struct_indent,Default bullet type installed when demoting an item.
org-list.el,237,option,org-plain-list-ordered-item-terminator,done,"t, 46 (?.) or 41 (?)); item regexps and bullet cycling follow it",The character that makes a line with leading number an ordered list item.
org-list.el,253,option,org-list-allow-alphabetical,done,"alphabetical bullets and counters (use_alpha, fix_bul, cycle_list_bullet)",Non-nil means single character alphabetical bullets are allowed.
org-list.el,271,option,org-list-two-spaces-after-bullet-regexp,done,Emacs regexp translated (emacs_re) in bullet_string/item_body_column,A regular expression matching bullets that should have 2 spaces after them.
org-list.el,283,option,org-list-automatic-rules,done,checkbox and indent rules (structure::rule),Non-nil means apply set of rules when acting on lists.
org-list.el,316,option,org-list-use-circular-motion,done,org-next/previous-item and org-move-item-up/down wrap,Non-nil means commands implying motion in lists should be cyclic.
org-list.el,338,option,org-checkbox-children-only-statistics,done,also read under the obsolete name org-checkbox-hierarchical-statistics; COOKIE_DATA recursive,Non-nil means checkbox statistics counts only the state of direct children.
org-list.el,347,option,org-list-indent-offset,done,fix_ind adds it to sub-item indentation,Additional indentation for sub-items in a list.
org-list.el,378,function,org-item-re,internal,list::structure::item_res (cached per alphabetical/terminator),Return the correct regular expression for plain lists.
org-list.el,403,function,org-item-beginning-re,internal,list::structure::item_res().1,Regexp matching the beginning of a plain list item.
org-list.el,407,function,org-list-at-regexp-after-bullet-p,internal,list::at_regexp_after_bullet,Is point at a list item with REGEXP after bullet?
org-list.el,421,function,org-list-in-valid-context-p,internal,list::structure::valid_context,Is point in a context where lists are allowed?
org-list.el,425,function,org-in-item-p,internal,list::structure::in_item,"Return item beginning position when in a plain list, nil otherwise."
org-list.el,491,function,org-at-item-p,internal,list::structure::at_item (item regexp outside forbidden blocks),Is point in a line starting a hand-formatted item?
org-list.el,503,function,org-at-item-bullet-p,internal,list::at_item_bullet,Is point at the bullet of a plain list item?
org-list.el,509,function,org-at-item-timer-p,internal,list::at_item_timer,Is point at a line starting a plain list item with a timer?
org-list.el,514,function,org-at-item-description-p,internal,list::at_item_description,Is point at a description list item?
org-list.el,518,function,org-at-item-checkbox-p,internal,list::at_item_checkbox,Is point at a line starting a plain-list item with a checklet?
org-list.el,522,function,org-at-item-counter-p,internal,list::at_item_counter,Is point at a line starting a plain-list item with a counter?
org-list.el,532,function,org-list-context,internal,list::structure::context (drawer/block/invalid; inlinetask branch inactive: org-inlinetask not loaded),"Determine context, and its boundaries, around point."
org-list.el,597,function,org-list-struct,internal,"list::structure::list_struct (Struct of Item records, byte positions)",Return structure of list at point.
org-list.el,773,function,org-list-struct-assoc-end,internal,list::structure::assoc_end,Associate proper ending point to items in STRUCT.
org-list.el,796,function,org-list-prevs-alist,internal,list::structure::Struct::prevs,Return alist between item and previous item in STRUCT.
org-list.el,805,function,org-list-parents-alist,internal,list::structure::Struct::parents,Return alist between item and parent in STRUCT.
org-list.el,844,function,org-list--delete-metadata,internal,list::delete_metadata,Delete metadata from the heading at point.
org-list.el,859,function,org-list-get-nth,adapted,Item fields,Return the Nth value of KEY in STRUCT.
org-list.el,863,function,org-list-set-nth,adapted,Item fields,Set the Nth value of KEY in STRUCT to NEW.
org-list.el,868,function,org-list-get-ind,internal,list::structure::Struct::ind,Return indentation of ITEM in STRUCT.
org-list.el,872,function,org-list-set-ind,adapted,Item::ind,Set indentation of ITEM in STRUCT to IND.
org-list.el,877,function,org-list-get-bullet,internal,list::structure::Struct::bullet,Return bullet of ITEM in STRUCT.
org-list.el,881,function,org-list-set-bullet,adapted,Item::bullet,Set bullet of ITEM in STRUCT to BULLET.
org-list.el,886,function,org-list-get-counter,adapted,Item::counter,Return counter of ITEM in STRUCT.
org-list.el,890,function,org-list-get-checkbox,internal,list::structure::Struct::checkbox,Return checkbox of ITEM in STRUCT or nil.
org-list.el,894,function,org-list-set-checkbox,adapted,Item::checkbox,Set checkbox of ITEM in STRUCT to CHECKBOX.
org-list.el,899,function,org-list-get-tag,adapted,Item::tag,Return end position of ITEM in STRUCT.
org-list.el,903,function,org-list-get-item-end,internal,list::structure::Struct::end,Return end position of ITEM in STRUCT.
org-list.el,907,function,org-list-get-item-end-before-blank,internal,list::structure::Struct::end_before_blank,"Return point at end of ITEM in STRUCT, before any blank line."
org-list.el,915,function,org-list-get-parent,internal,list::structure::parent,Return parent of ITEM or nil.
org-list.el,922,function,org-list-has-child-p,internal,list::structure::Struct::has_child,Non-nil if ITEM has a child.
org-list.el,934,function,org-list-get-next-item,internal,list::structure::next_item,"Return next item in same sub-list as ITEM, or nil."
org-list.el,940,function,org-list-get-prev-item,internal,list::structure::prev_item,"Return previous item in same sub-list as ITEM, or nil."
org-list.el,946,function,org-list-get-subtree,internal,list::structure::Struct::subtree,"List all items having ITEM as a common ancestor, or nil."
org-list.el,959,function,org-list-get-all-items,internal,list::structure::all_items,List all items in the same sub-list as ITEM.
org-list.el,972,function,org-list-get-children,internal,list::structure::children,"List all children of ITEM, or nil."
org-list.el,982,function,org-list-get-top-point,internal,list::structure::Struct::top,Return point at beginning of list.
org-list.el,987,function,org-list-get-bottom-point,internal,list::structure::Struct::bottom,Return point at bottom of list.
org-list.el,993,function,org-list-get-list-begin,internal,list::structure::list_begin,Return point at beginning of sub-list ITEM belongs.
org-list.el,1002,function,org-list-get-first-item,internal,list::structure::list_begin,Return point at beginning of sub-list ITEM belongs.
org-list.el,1004,function,org-list-get-last-item,internal,list::structure::last_item,Return point at last item of sub-list ITEM belongs.
org-list.el,1013,function,org-list-get-list-end,internal,list::structure::list_end,Return point at end of sub-list ITEM belongs.
org-list.el,1019,function,org-list-get-list-type,internal,list::structure::Struct::list_type,"Return the type of the list containing ITEM, as a symbol."
org-list.el,1033,function,org-list-get-item-number,internal,list::structure::Struct::item_number,Return ITEM's sequence number.
org-list.el,1071,function,org-list-search-generic,internal,list::search_forward (valid-context loop),Search a string in valid contexts for lists.
org-list.el,1086,function,org-list-search-backward,internal,list::buf::Buf::re_search_backward within the list context; no ported caller needs the generic form,Like `re-search-backward' but stop only where lists are recognized.
org-list.el,1093,function,org-list-search-forward,internal,list::search_forward,Like `re-search-forward' but stop only where lists are recognized.
org-list.el,1104,function,org-list-bullet-string,internal,list::structure::bullet_string,Return BULLET with the correct number of whitespaces.
org-list.el,1118,function,org-list-swap-items,internal,list::structure::swap_items (folds of both items kept),Swap item starting at BEG-A with item starting at BEG-B in STRUCT.
org-list.el,1189,function,org-list-separating-blank-lines-number,internal,list::structure::blank_lines_number,Return number of blank lines that should separate items in list.
org-list.el,1244,function,org-list-insert-item,internal,list::structure::insert_item,Insert a new list item at POS and return the new structure.
org-list.el,1379,function,org-list-delete-item,internal,list::structure::delete_item,Remove ITEM from the list and return the new structure.
org-list.el,1415,function,org-list-send-item,internal,list::structure::send_item (Dest::Pos/Begin/End/Nth/Kill/Delete; Kill returns the text),Send ITEM to destination DEST.
org-list.el,1531,function,org-list-struct-outdent,internal,list::structure::struct_outdent,Outdent items between positions START and END.
org-list.el,1563,function,org-list-struct-indent,internal,list::structure::struct_indent,Indent items between positions START and END.
org-list.el,1625,function,org-list-use-alpha-bul-p,internal,list::structure::use_alpha,Non-nil if list starting at FIRST can have alphabetical bullets.
org-list.el,1649,function,org-list-inc-bullet-maybe,internal,list::structure::inc_bullet,Increment BULLET if applicable.
org-list.el,1666,function,org-list-struct-fix-bul,internal,list::structure::fix_bul,Verify and correct bullets in STRUCT.
org-list.el,1734,function,org-list-struct-fix-ind,internal,list::structure::fix_ind,Verify and correct indentation in STRUCT.
org-list.el,1762,function,org-list-struct-fix-box,internal,list::structure::fix_box,Verify and correct checkboxes in STRUCT.
org-list.el,1824,function,org-list-struct-fix-item-end,internal,list::structure::fix_item_end,Verify and correct each item end position in STRUCT.
org-list.el,1848,function,org-list-struct-apply-struct,internal,list::structure::apply_struct,Apply set difference between STRUCT and OLD-STRUCT to the buffer.
org-list.el,2004,function,org-list-write-struct,internal,list::structure::write_struct,"Correct bullets, checkboxes and indentation in list at point."
org-list.el,2040,function,org-apply-on-list,done,"Rust API list::apply_on_list(buf, init, f); Elisp functions are not evaluated",Call FUNCTION on each item of the list at point.
org-list.el,2065,function,org-list-set-item-visibility,internal,list::set_item_visibility (outline fold spec),Set visibility of ITEM in STRUCT to VIEW.
org-list.el,2089,function,org-list-item-body-column,internal,list::item_body_column,Return column at which body of ITEM should start.
org-list.el,2105,function,org-list-get-item-begin,internal,list::structure::in_item,"Return item beginning position when in a plain list, nil otherwise."
org-list.el,2107,command,org-beginning-of-item,done,list::goto_cmd,Go to the beginning of the current item.
org-list.el,2114,command,org-beginning-of-item-list,done,list::goto_cmd,Go to the beginning item of the current list or sublist.
org-list.el,2126,command,org-end-of-item-list,done,list::goto_cmd,Go to the end of the current list or sublist.
org-list.el,2138,command,org-end-of-item,done,list::goto_cmd,Go to the end of the current item.
org-list.el,2149,command,org-previous-item,done,errors and circular motion as upstream,Move to the beginning of the previous item.
org-list.el,2167,command,org-next-item,done,errors and circular motion as upstream,Move to the beginning of the next item.
org-list.el,2185,command,org-move-item-down,done,swap or circular send; column and item/children/block visibility kept,"Move the item at point down, i.e. swap with following item."
org-list.el,2206,command,org-move-item-up,done,swap or circular send; column and visibility kept,"Move the item at point up, i.e. swap with previous item."
org-list.el,2225,command,org-insert-item,done,"split per org-M-RET-may-split-line, blank lines per org-blank-before-new-entry, C-u checkbox, description term; timer lists call org-timer-item",Insert a new item at the current level.
org-list.el,2267,command,org-list-repair,done,list::repair,"Fix indentation, bullets and checkboxes in the list at point."
org-list.el,2275,command,org-cycle-list-bullet,done,numeric prefix picks the Nth bullet; `previous` is the Fred command org-cycle-list-bullet-previous (for S-left),Cycle through the different itemize/enumerate bullets.
org-list.el,2364,command,org-list-checkbox-radio-mode,done,per-buffer flag (list::State.radio_mode); C-c C-c then toggles radio buttons,"When turned on, use list checkboxes as radio buttons."
org-list.el,2370,command,org-toggle-radio-button,done,list::toggle_radio_button,Toggle off all checkboxes and toggle on the one at point.
org-list.el,2398,function,org-at-radio-list-p,internal,list::at_radio_list (#+attr_org: :radio of the sub-list),Is point at a list item with radio buttons?
org-list.el,2413,command,org-toggle-checkbox,done,"item, heading (after meta data) and Visual-line region; C-u presence, C-u C-u [-]; ORDERED blocking",Toggle the checkbox in the current line.
org-list.el,2517,command,org-reset-checkbox-state-subtree,done,list::reset_checkbox_state_subtree,Reset all checkboxes in an entry subtree.
org-list.el,2534,command,org-update-checkbox-count,done,"section / C-u whole buffer / narrowed scope; containers item, drawer, block; COOKIE_DATA todo left to the TODO statistics; API list::update_checkbox_count_in",Update the checkbox statistics in the current section.
org-list.el,2665,function,org-get-checkbox-statistics-face,adapted,cookie faces are drawn by face.rs,Select the face for checkbox statistics.
org-list.el,2678,function,org-update-checkbox-count-maybe,done,"API list::update_checkbox_count_in(ed, scope, true); org-checkbox-statistics-hook not run (no Elisp hooks)",Update checkbox statistics unless turned off by user.
org-list.el,2689,function,org-list-indent-item-generic,internal,list::indent_item_generic (repeated S-M-left/right reuse the zone),Indent a local list item including its children.
org-list.el,2783,command,org-outdent-item,done,also for a Visual-line region,"Outdent a local list item, but not its children."
org-list.el,2800,command,org-indent-item,done,also for a Visual-line region,"Indent a local list item, but not its children."
org-list.el,2817,command,org-outdent-item-tree,done,"whole list at the top item (indent rule), * bullet becomes - at column 0",Outdent a local list item including its children.
org-list.el,2834,command,org-indent-item-tree,done,whole list at the top item (indent rule),Indent a local list item including its children.
org-list.el,2852,function,org-cycle-item-indentation,done,list::cycle_item_indentation from org-cycle (TAB) on an empty item,Cycle levels of indentation of an empty item.
org-list.el,2930,command,org-sort-list,partial,"a/n/t/x and reversed via a key menu; f/F need a key function: Rust callers pass closures, interactive f reports a missing extractor; strings compare bytewise (C collation)",Sort list items.
org-list.el,3056,command,org-toggle-item,done,"lines, items and headings (TODO to checkbox, meta data removed, footnote definitions moved after the list), C-u single item, region","Convert headings or normal lines to items, items to normal lines."
org-list.el,3264,function,org-list-to-lisp,internal,list::export::to_lisp,Parse the list at point and maybe DELETE it.
org-list.el,3352,command,org-list-make-subtree,done,C-c C-*; heading blank lines per org-blank-before-new-entry,Convert the plain list at point into a subtree.
org-list.el,3364,function,org-list-to-generic,partial,list::export::to_generic with Rust Params (strings or closures); no export engine: backend item contents stay Org text (:raw implied),Convert a LIST parsed through `org-list-to-lisp' to a custom format.
org-list.el,3493,function,org-list--depth,internal,list::export::depth argument of plain_list/item,Return the level of ELEMENT within current plain list.
org-list.el,3499,function,org-list--trailing-newlines,internal,list::export::trailing_newlines,Return the number of trailing newlines in STRING.
org-list.el,3506,function,org-list--generic-eval,internal,list::export::Gen::eval,Evaluate VALUE according to its type.
org-list.el,3515,function,org-list--to-generic-plain-list,internal,list::export::plain_list,Return a transcoder for `plain-list' elements.
org-list.el,3555,function,org-list--to-generic-item,internal,list::export::item,Return a transcoder for `item' elements.
org-list.el,3628,function,org-list-to-latex,partial,list::export::to_latex: itemize/enumerate/description and checkboxes; item contents not transcoded,Convert LIST into a LaTeX list.
org-list.el,3636,function,org-list-to-html,partial,list::export::to_html: ul/ol/dl and checkboxes; item contents not transcoded,Convert LIST into a HTML list.
org-list.el,3644,function,org-list-to-texinfo,partial,list::export::to_texinfo: itemize/enumerate/table; item contents not transcoded,Convert LIST into a Texinfo list.
org-list.el,3652,function,org-list-to-org,done,list::export::to_org,Convert LIST into an Org plain list.
org-list.el,3671,function,org-list-to-subtree,done,list::export::to_subtree,Convert LIST into an Org subtree.
org-list.el,,option,org-list-checkbox-radio-mode-hook,adapted,no Elisp hooks; the mode is a per-buffer flag,Hook run after entering or leaving `org-list-checkbox-radio-mode'.
org-macro.el,93,function,org-macro--makeargs,missing,,Compute the formal arglist to use for TEMPLATE.
org-macro.el,106,function,org-macro--set-templates,missing,,Set template for the macro NAME.
org-macro.el,138,function,org-macro--collect-macros,missing,,Collect macro definitions in current buffer and setup files.
org-macro.el,155,function,org-macro-initialize-templates,missing,,Collect macro templates defined in current buffer.
org-macro.el,198,function,org-macro-expand,missing,,"Return expanded MACRO, as a string."
org-macro.el,222,function,org-macro-replace-all,missing,,Replace all macros in current buffer by their expansion.
org-macro.el,293,function,org-macro-escape-arguments,missing,,Build macro's arguments string from ARGS.
org-macro.el,317,function,org-macro-extract-arguments,missing,,Extract macro arguments from string S.
org-macro.el,337,function,org-macro--get-property,missing,,Find PROPERTY's value at LOCATION.
org-macro.el,350,function,org-macro--find-keyword-value,missing,,Find value for keyword NAME in current buffer.
org-macro.el,369,function,org-macro--find-date,missing,,Find value for DATE in current buffer.
org-macro.el,387,function,org-macro--vc-modified-time,missing,,
org-macro.el,415,function,org-macro--counter-initialize,missing,,Initialize `org-macro--counter-table'.
org-macro.el,419,function,org-macro--counter-increment,missing,,Increment counter NAME.
org-macs.el,55,macro,org-assert-version,missing,,Assert compile time and runtime version match.
org-macs.el,137,macro,org-require-package,missing,,Try to load library SYMBOL and display error otherwise.
org-macs.el,146,macro,org-with-gensyms,missing,,
org-macs.el,155,macro,org-unmodified,missing,,Run BODY while preserving the buffer's `buffer-modified-p' state.
org-macs.el,166,macro,org-with-base-buffer,missing,,Run BODY in base buffer for BUFFER.
org-macs.el,174,macro,org-with-point-at,missing,,Move to buffer and point of EPOM for the duration of BODY.
org-macs.el,194,macro,org-with-remote-undo,missing,,Execute BODY while recording undo information in current buffer and BUFFER.
org-macs.el,220,macro,org-no-read-only,missing,,Inhibit read-only for BODY.
org-macs.el,225,macro,org-save-outline-visibility,missing,,Save and restore folding state around BODY.
org-macs.el,227,macro,org-with-wide-buffer,missing,,Execute BODY while temporarily widening the buffer.
org-macs.el,235,macro,org-with-limited-levels,missing,,Execute BODY with limited number of outline levels.
org-macs.el,249,macro,org-eval-in-environment,missing,,
org-macs.el,254,macro,org-load-noerror-mustsuffix,missing,,Load FILE with optional arguments NOERROR and MUSTSUFFIX.
org-macs.el,258,macro,org-preserve-local-variables,missing,,Execute BODY while preserving local variables.
org-macs.el,294,macro,org-element-with-disabled-cache,missing,,Run BODY without active org-element-cache.
org-macs.el,300,macro,org-with-syntax-table,missing,,Evaluate BODY with syntax table of current buffer set to TABLE.
org-macs.el,313,function,org-base-buffer,missing,,"Return the base buffer of BUFFER, if it has one.  Else return the buffer."
org-macs.el,319,function,org-find-base-buffer-visiting,missing,,Like `find-buffer-visiting' but always return the base buffer.
org-macs.el,329,macro,org-with-file-buffer,missing,,Evaluate BODY with current buffer visiting FILE.
org-macs.el,351,function,org-fit-window-to-buffer,missing,,"Fit WINDOW to the buffer, but only if it is not a side-by-side window."
org-macs.el,366,function,org-buffer-list,missing,,Return a list of Org buffers.
org-macs.el,411,function,org-file-newer-than-p,missing,,Non-nil if FILE modification time is greater than TIME.
org-macs.el,433,macro,org-current-text-indentation,missing,,"Like `current-indentation', but ignore display/invisible properties."
org-macs.el,438,function,org-do-remove-indentation,missing,,Remove the maximum common indentation from the buffer.
org-macs.el,478,function,org-read-function,missing,,Prompt for a function.
org-macs.el,490,function,org-completing-read,missing,,Completing-read with SPACE being a normal character.
org-macs.el,501,function,org--mks-read-key,missing,,Read a key and ensure it is a member of ALLOWED-KEYS.
org-macs.el,521,function,org-mks,missing,,Select a member of an alist with multiple keys.
org-macs.el,619,function,org-get-alist-option,missing,,
org-macs.el,626,function,org-last,missing,,Return the last element of LIST.
org-macs.el,630,function,org-uniquify,missing,,Non-destructively remove duplicate elements from LIST.
org-macs.el,634,function,org-uniquify-alist,missing,,Merge elements of ALIST with the same key.
org-macs.el,654,function,org-delete-all,missing,,Remove all elements in ELTS from LIST.
org-macs.el,662,function,org-plist-delete-all,missing,,Delete all elements in PROPS from PLIST.
org-macs.el,667,function,org-plist-delete,missing,,Delete PROPERTY from PLIST.
org-macs.el,677,function,org-combine-plists,missing,,Create a single property list from all plists in PLISTS.
org-macs.el,721,function,org-get-local-variables,missing,,Return a list of all local variables in an Org mode buffer.
org-macs.el,739,function,org-clone-local-variables,missing,,Clone local variables from FROM-BUFFER.
org-macs.el,752,function,org-move-marker,missing,,Move MARKER to POSITION in the current buffer and return it.
org-macs.el,758,function,org-call-with-arg,missing,,"Call COMMAND interactively, but pretend prefix arg was ARG."
org-macs.el,762,function,org-check-external-command,missing,,"Check if external program CMD for USE exists, error if not."
org-macs.el,774,function,org-display-warning,missing,,Display the given MESSAGE as a warning.
org-macs.el,778,function,org-unlogged-message,missing,,"Display a message, but avoid logging it in the *Messages* buffer."
org-macs.el,783,macro,org-dlet,missing,,Like `let*' but using dynamic scoping.
org-macs.el,794,macro,org-pushnew-to-end,missing,,Like `cl-pushnew' but pushes to the end of the list.
org-macs.el,807,function,org-eval,missing,,Eval FORM and return result.
org-macs.el,817,function,org-headline-re,missing,,Generate headline regexp for TRUE-LEVEL.
org-macs.el,845,function,org-get-limited-outline-regexp,missing,,Return outline-regexp with limited number of levels.
org-macs.el,862,function,org--line-empty-p,missing,,Is the Nth next line empty?
org-macs.el,870,function,org-previous-line-empty-p,missing,,Is the previous line a blank line?
org-macs.el,875,function,org-next-line-empty-p,missing,,Is the previous line a blank line?
org-macs.el,880,function,org-id-uuid,missing,,Return string with random (version 4) UUID.
org-macs.el,909,function,org-goto-line,missing,,
org-macs.el,915,function,org-current-line,missing,,
org-macs.el,925,function,org-overlay-display,missing,,Make overlay OVL display TEXT with face FACE.
org-macs.el,931,function,org-overlay-before-string,missing,,Make overlay OVL display TEXT with face FACE.
org-macs.el,937,function,org-find-overlays,missing,,Find all overlays specifying PROP at POS or point.
org-macs.el,946,function,org-find-text-property-region,missing,,Find a region around POS containing same non-nil value of PROP text property.
org-macs.el,966,function,org-pos-in-match-range,missing,,
org-macs.el,971,function,org-skip-whitespace,missing,,"Skip over space, tabs and newline characters."
org-macs.el,975,function,org-match-line,missing,,Match REGEXP at the beginning of the current line.
org-macs.el,981,function,org-match-any-p,missing,,Non-nil if regexp RE matches an element in LIST.
org-macs.el,985,function,org-in-regexp,missing,,Check if point is inside a match of REGEXP.
org-macs.el,1007,function,org-point-in-group,missing,,Check if POINT is in match-group GROUP.
org-macs.el,1019,function,org-url-p,missing,,Non-nil if string S is a URL.
org-macs.el,1028,function,org-uuidgen-p,missing,,Is S an ID created by UUIDGEN?
org-macs.el,1036,option,org-sort-function,missing,,Function used to compare strings when sorting.
org-macs.el,1060,function,org-sort-function-fallback,missing,,Return non-nil when downcased string A < string B.
org-macs.el,1068,function,org-string<,missing,,Return non-nil when string A < string B.
org-macs.el,1076,function,org-string<=,missing,,Return non-nil when string A <= string B.
org-macs.el,1082,function,org-string>=,missing,,Return non-nil when string A >= string B.
org-macs.el,1088,function,org-string>,missing,,Return non-nil when string A > string B.
org-macs.el,1095,function,org-string<>,missing,,Return non-nil when string A and string B are not equal.
org-macs.el,1099,function,org-trim,missing,,Remove whitespace at the beginning and the end of string S.
org-macs.el,1107,function,org-string-nw-p,missing,,Return S if S is a string containing a non-blank character.
org-macs.el,1114,function,org-get-string-scripts,missing,,Return the list of Emacs scripts in STR.
org-macs.el,1136,function,org-reverse-string,missing,,Return the reverse of STRING.
org-macs.el,1140,function,org-split-string,missing,,Splits STRING into substrings at SEPARATORS.
org-macs.el,1162,function,org--string-from-props,missing,,Return the visible part of string S.
org-macs.el,1221,function,org--string-width-1,missing,,Return width of STRING when displayed in the current buffer.
org-macs.el,1230,function,org-string-width-invisibility-spec,missing,,Return the invisibility spec of this buffer without folds and ellipses.
org-macs.el,1257,function,org-string-width,missing,,Return width of STRING when displayed in the current buffer.
org-macs.el,1303,macro,org-current-text-column,missing,,Like `current-column' but ignore display properties.
org-macs.el,1317,function,org-not-nil,missing,,"If V not nil, and also not the string ""nil"", then return V."
org-macs.el,1322,function,org-unbracket-string,missing,,Remove PRE/POST from the beginning/end of STRING.
org-macs.el,1334,function,org-strip-quotes,missing,,"Strip double quotes from around STRING, if applicable."
org-macs.el,1339,function,org-current-line-string,missing,,"Return current line, as a string."
org-macs.el,1346,function,org-shorten-string,missing,,Shorten string S so that it is no longer than MAXLENGTH characters.
org-macs.el,1364,function,org-remove-tabs,missing,,Replace tabulators in S with spaces.
org-macs.el,1376,function,org-remove-blank-lines,missing,,Remove blank lines in S.
org-macs.el,1380,function,org-wrap,missing,,"Wrap string to either a number of lines, or a width in characters."
org-macs.el,1405,function,org--do-wrap,missing,,Create lines of maximum width WIDTH (in characters) from word list WORDS.
org-macs.el,1415,function,org-remove-indentation,missing,,Remove maximum common indentation in string CODE and return it.
org-macs.el,1423,function,org-fill-template,missing,,Find each %key of ALIST in TEMPLATE and replace it.
org-macs.el,1437,function,org-replace-escapes,missing,,Replace %-escapes in STRING with values in TABLE.
org-macs.el,1472,function,org-buffer-substring-fontified,missing,,Return fontified region between BEG and END.
org-macs.el,1479,function,org-looking-at-fontified,missing,,Call `looking-at' RE and make sure that the match is fontified.
org-macs.el,1491,function,org-no-properties,missing,,Remove all text properties from string S.
org-macs.el,1498,function,org-add-props,missing,,"Add text properties to entire string, from beginning to end."
org-macs.el,1507,function,org-make-parameter-alist,missing,,Return alist based on PLIST.
org-macs.el,1516,function,org-get-at-bol,missing,,Get text property PROPERTY at the beginning of line.
org-macs.el,1520,function,org-get-at-eol,missing,,Get text property PROPERTY at the end of line less N characters.
org-macs.el,1524,function,org-find-text-property-in-string,missing,,Return the first non-nil value of property PROP in string S.
org-macs.el,1531,function,org-invisible-p,missing,,Non-nil if the character after POS is invisible.
org-macs.el,1542,function,org-truly-invisible-p,missing,,Check if point is at a character currently not visible.
org-macs.el,1549,function,org-invisible-p2,missing,,Check if point is at a character currently not visible.
org-macs.el,1558,function,org-region-invisible-p,missing,,Check if region if completely hidden.
org-macs.el,1564,function,org-find-visible,missing,,"Return closest visible buffer position, or `point-max'."
org-macs.el,1570,function,org-find-invisible,missing,,"Return closest invisible buffer position, or `point-max'."
org-macs.el,1579,function,org-2ft,done,time::stamp::to_ft,Convert S to a floating point time.
org-macs.el,1592,function,org-time=,done,"time::stamp::time_cmp(a, b, op)",
org-macs.el,1597,function,org-time<,done,time::stamp::time_cmp,
org-macs.el,1602,function,org-time<=,done,time::stamp::time_cmp,
org-macs.el,1607,function,org-time>,done,time::stamp::time_cmp,
org-macs.el,1612,function,org-time>=,done,time::stamp::time_cmp,
org-macs.el,1617,function,org-time<>,done,time::stamp::time_cmp,
org-macs.el,1622,macro,org-encode-time,internal,"time::civil::Tm::norm / Tm::epoch (libc mktime, DST guessed)",Compatibility and convenience helper for `encode-time'.
org-macs.el,1657,function,org-parse-time-string,done,time::stamp::parse_time_string (Parsed; nodefault via Option hour/min),Parse Org time string S.
org-macs.el,1684,function,org-matcher-time,done,time::stamp::matcher_time,Interpret a time comparison value S as a floating point time.
org-macs.el,1713,function,org-scroll,missing,,Receive KEY and scroll the current window accordingly.
org-macs.el,1742,function,org-knuth-hash,missing,,Calculate Knuth's multiplicative hash for NUMBER.
org-macs.el,1751,function,org-sxhash-safe,missing,,"Like `sxhash' for OBJ, but collision-free for in-memory objects."
org-macs.el,1766,function,org-compile-file,missing,,Compile a SOURCE file using PROCESS.
org-macs.el,1831,function,org-compile-file-commands,missing,,Return list of commands used to compile SOURCE file.
org-macs.el,1879,function,org-display-buffer-split,missing,,Display BUFFER in the current frame split in two parts.
org-macs.el,1899,function,org-display-buffer-in-window,missing,,Display BUFFER in specific window.
org-macs.el,1916,function,org-base-buffer-file-name,missing,,Resolve the base file name for the provided BUFFER.
org-macs.el,1925,function,org-format-percent-cookie,missing,,Format the percent cookie `[N%]' for COMPLETED/TOTAL tasks.
org-mobile.el,49,option,org-mobile-files,missing,,Files to be staged for the mobile application.
org-mobile.el,71,option,org-mobile-files-exclude-regexp,missing,,A regexp to exclude files from `org-mobile-files'.
org-mobile.el,77,option,org-mobile-directory,missing,,The WebDAV directory where the interaction with the mobile takes place.
org-mobile.el,82,option,org-mobile-allpriorities,missing,,Default set of priority cookies for the index file.
org-mobile.el,89,option,org-mobile-use-encryption,missing,,Non-nil means keep only encrypted files on the WebDAV server.
org-mobile.el,103,option,org-mobile-encryption-tempfile,missing,,File that is being used as a temporary file for encryption.
org-mobile.el,111,option,org-mobile-encryption-password,missing,,Password for encrypting files uploaded to the server.
org-mobile.el,111,function,org-mobile-encryption-password,missing,,
org-mobile.el,141,option,org-mobile-inbox-for-pull,missing,,The file where captured notes and flags will be appended to.
org-mobile.el,154,option,org-mobile-index-file,missing,,Index file with links to all Org files.
org-mobile.el,162,option,org-mobile-agendas,missing,,The agendas that should be pushed to the mobile application.
org-mobile.el,180,option,org-mobile-force-id-on-agenda-items,missing,,Non-nil means make all agenda items carry an ID.
org-mobile.el,185,option,org-mobile-force-mobile-change,missing,,Non-nil means force the change made on the mobile device.
org-mobile.el,203,option,org-mobile-checksum-binary,missing,,Executable used for computing checksums of agenda files.
org-mobile.el,261,function,org-mobile-files-alist,missing,,Expand the list in `org-mobile-files' to a list of existing files.
org-mobile.el,275,function,org-mobile-prepare-file-lists,missing,,
org-mobile.el,328,command,org-mobile-push,missing,,Push the current state of Org affairs to the target directory.
org-mobile.el,369,command,org-mobile-pull,missing,,Pull the contents of `org-mobile-capture-file' and integrate them.
org-mobile.el,394,function,org-mobile-check-setup,missing,,Check if `org-mobile-directory' has been set up.
org-mobile.el,431,function,org-mobile-create-index-file,missing,,Write the index file in the WebDAV directory.
org-mobile.el,484,function,org-mobile-copy-agenda-files,missing,,Copy all agenda files to the stage or WebDAV directory.
org-mobile.el,521,function,org-mobile-write-checksums,missing,,Create checksums for all files in `org-mobile-directory'.
org-mobile.el,533,function,org-mobile-sumo-agenda-command,missing,,Return an agenda custom command that comprises all custom commands.
org-mobile.el,611,function,org-mobile-write-agenda-for-mobile,missing,,
org-mobile.el,674,function,org-mobile-get-outline-path-link,missing,,
org-mobile.el,685,function,org-mobile-escape-olp,missing,,
org-mobile.el,688,command,org-mobile-create-sumo-agenda,missing,,Create a file that contains all custom agenda views.
org-mobile.el,709,function,org-mobile-encrypt-and-move,missing,,"Encrypt INFILE locally to INFILE_enc, then move it to OUTFILE."
org-mobile.el,719,function,org-mobile-encrypt-file,missing,,"Encrypt INFILE to OUTFILE, using `org-mobile-encryption-password'."
org-mobile.el,728,function,org-mobile-decrypt-file,missing,,"Decrypt INFILE to OUTFILE, using `org-mobile-encryption-password'."
org-mobile.el,737,function,org-mobile-cleanup-encryption-tempfile,missing,,Remove the encryption tempfile if it exists.
org-mobile.el,743,command,org-mobile-move-capture,missing,,Move the contents of the capture file to the inbox file.
org-mobile.el,784,function,org-mobile-update-checksum-for-capture-file,missing,,Find the checksum line and modify it to match BUFFER-STRING.
org-mobile.el,799,command,org-mobile-apply,missing,,Apply all change requests in the current buffer.
org-mobile.el,922,function,org-mobile-timestamp-buffer,missing,,"Time stamp buffer BUF, just to make sure its checksum will change."
org-mobile.el,939,function,org-mobile-smart-read,missing,,
org-mobile.el,971,function,org-mobile-locate-entry,missing,,
org-mobile.el,996,function,org-mobile-edit,missing,,Edit item WHAT in the current entry by replacing OLD with NEW.
org-mobile.el,1119,function,org-mobile-tags-same-p,missing,,Are the two tag lists the same?
org-mobile.el,1124,function,org-mobile-bodies-same-p,missing,,Compare if A and B are visually equal strings.
org-mouse.el,171,option,org-mouse-punctuation,missing,,Punctuation used when inserting text by drag and drop.
org-mouse.el,175,option,org-mouse-features,missing,,The features of org-mouse that should be activated.
org-mouse.el,187,function,org-mouse-re-search-line,missing,,Search the current line for a given regular expression REGEXP.
org-mouse.el,192,command,org-mouse-end-headline,missing,,Go to the end of current headline (ignoring tags).
org-mouse.el,206,command,org-mouse-show-context-menu,missing,,Invoke the context menu.
org-mouse.el,231,function,org-mouse-line-position,missing,,"Return `:beginning' or `:middle' or `:end', depending on the point position."
org-mouse.el,243,function,org-mouse-empty-line,missing,,Return non-nil if the line contains only white space.
org-mouse.el,247,function,org-mouse-next-heading,missing,,Go to the next heading.
org-mouse.el,256,command,org-mouse-insert-heading,missing,,"Insert a new heading, as `org-insert-heading'."
org-mouse.el,269,command,org-mouse-timestamp-today,missing,,Change the timestamp into SHIFT UNITS in the future.
org-mouse.el,277,function,org-mouse-keyword-menu,missing,,A helper function.
org-mouse.el,312,command,org-mouse-remove-match-and-spaces,missing,,"Remove the match, make just one space around the point."
org-mouse.el,319,function,org-mouse-replace-match-and-surround,missing,,"The same as `replace-match', but surrounds the replacement with spaces."
org-mouse.el,329,function,org-mouse-keyword-replace-menu,missing,,A helper function.
org-mouse.el,361,command,org-mouse-show-headlines,missing,,Change the visibility of the current org buffer to only show headlines.
org-mouse.el,370,command,org-mouse-show-overview,missing,,Change visibility of current org buffer to first-level headlines only.
org-mouse.el,376,function,org-mouse-set-priority,missing,,Set the priority of the current headline to PRIORITY.
org-mouse.el,386,function,org-mouse-get-priority,missing,,Return the priority of the current headline.
org-mouse.el,396,function,org-mouse-delete-timestamp,missing,,Deletes the current timestamp as well as the preceding keyword.
org-mouse.el,405,function,org-mouse-looking-at,missing,,
org-mouse.el,414,function,org-mouse-priority-list,missing,,Priorities from `org-priority-highest' to `org-priority-lowest' as strings.
org-mouse.el,419,function,org-mouse-priority-menu,missing,,Create the priority menu.
org-mouse.el,434,function,org-mouse-todo-menu,missing,,Create the menu with TODO keywords.
org-mouse.el,443,function,org-mouse-tag-menu,missing,,Create the tags menu.
org-mouse.el,463,function,org-mouse-set-tags,missing,,
org-mouse.el,466,command,org-mouse-insert-checkbox,missing,,
org-mouse.el,474,function,org-mouse-agenda-type,missing,,
org-mouse.el,483,function,org-mouse-list-options-menu,missing,,
org-mouse.el,503,function,org-mouse-clip-text,missing,,
org-mouse.el,508,function,org-mouse-popup-global-menu,missing,,
org-mouse.el,569,function,org-mouse-get-context,missing,,
org-mouse.el,576,function,org-mouse-for-each-item,missing,,
org-mouse.el,582,function,org-mouse-bolp,missing,,"Return non-nil if there only spaces, tabs, and `*' before point."
org-mouse.el,588,function,org-mouse-insert-item,missing,,
org-mouse.el,610,function,org--mouse-dnd-insert-text,missing,,
org-mouse.el,616,function,org--mouse-dnd-open-file,missing,,
org-mouse.el,621,function,org-mouse-match-closure,missing,,
org-mouse.el,628,command,org-mouse-yank-link,missing,,
org-mouse.el,637,function,org-mouse-context-menu,missing,,
org-mouse.el,861,function,org-mouse-mark-active,missing,,
org-mouse.el,864,function,org-mouse-in-region-p,missing,,
org-mouse.el,869,command,org-mouse-down-mouse,missing,,
org-mouse.el,923,function,org--mouse-open-at-point,missing,,
org-mouse.el,933,command,org-mouse-move-tree-start,missing,,
org-mouse.el,938,function,org-mouse-make-marker,missing,,
org-mouse.el,942,command,org-mouse-move-tree,missing,,
org-mouse.el,992,command,org-mouse-transform-to-outline,missing,,
org-mouse.el,1009,function,org-mouse-do-remotely,missing,,
org-mouse.el,1045,function,org-mouse-agenda-context-menu,missing,,
org-mouse.el,1098,function,org-mouse-get-gesture,missing,,
org-num.el,83,option,org-num-face,missing,,Face to use for numbering.
org-num.el,94,option,org-num-format-function,missing,,Function used to display numbering.
org-num.el,105,option,org-num-max-level,missing,,Level below which headlines are not numbered.
org-num.el,115,option,org-num-skip-commented,missing,,Non-nil means commented sub-trees are not numbered.
org-num.el,123,option,org-num-skip-footnotes,missing,,Non-nil means footnotes sections are not numbered.
org-num.el,131,option,org-num-skip-tags,missing,,List of tags preventing the numbering of sub-trees.
org-num.el,146,option,org-num-skip-unnumbered,missing,,Non-nil means numbering obeys to UNNUMBERED property.
org-num.el,182,function,org-num--headline-regexp,missing,,Return regexp matching a numbered headline.
org-num.el,189,function,org-num--overlay-p,missing,,Non-nil if overlay O is a numbering overlay.
org-num.el,193,function,org-num--valid-overlay-p,missing,,Non-nil if overlay O is still active in the buffer.
org-num.el,197,function,org-num--invalidate-overlay,missing,,Mark overlay O as invalid.
org-num.el,203,function,org-num--clear,missing,,Remove all numbering overlays in current buffer.
org-num.el,208,function,org-num--make-overlay,missing,,Return overlay for numbering headline at point.
org-num.el,240,function,org-num--refresh-display,missing,,Refresh OVERLAY's display.
org-num.el,250,function,org-num--skip-value,missing,,Return skip value for headline at point.
org-num.el,275,function,org-num--current-numbering,missing,,Return numbering for current headline.
org-num.el,305,function,org-num--number-region,missing,,Add numbering overlays between START and END positions.
org-num.el,326,function,org-num--update,missing,,Update buffer's numbering.
org-num.el,392,function,org-num--verify,missing,,Check numbering integrity; update it if necessary.
org-num.el,454,function,org-num-default-format,missing,,Default numbering display function.
org-num.el,460,command,org-num-mode,missing,,Dynamic numbering of headlines in an Org buffer.
org-num.el,,option,org-num-mode-hook,missing,,Hook run after entering or leaving `org-num-mode'.
org-pcomplete.el,85,function,org-thing-at-point,missing,,Examine the thing at point and let the caller know what it is.
org-pcomplete.el,154,function,org-pcomplete-case-double,missing,,Return list with both upcase and downcase version of all strings in LIST.
org-pcomplete.el,184,function,org-command-at-point,missing,,Return the qualified name of the Org completion entity at point.
org-pcomplete.el,197,function,org-parse-arguments,missing,,Parse whitespace separated arguments in the current region.
org-pcomplete.el,223,function,org-pcomplete-initial,missing,,Call the right completion function for first argument completions.
org-pcomplete.el,233,function,pcomplete/org-mode/file-option,missing,,Complete against all valid file options.
org-pcomplete.el,247,function,pcomplete/org-mode/file-option/author,missing,,Complete arguments for the #+AUTHOR file option.
org-pcomplete.el,251,function,pcomplete/org-mode/file-option/date,missing,,Complete arguments for the #+DATE file option.
org-pcomplete.el,255,function,pcomplete/org-mode/file-option/email,missing,,Complete arguments for the #+EMAIL file option.
org-pcomplete.el,259,function,pcomplete/org-mode/file-option/exclude_tags,missing,,Complete arguments for the #+EXCLUDE_TAGS file option.
org-pcomplete.el,266,function,pcomplete/org-mode/file-option/filetags,missing,,Complete arguments for the #+FILETAGS file option.
org-pcomplete.el,270,function,pcomplete/org-mode/file-option/language,missing,,Complete arguments for the #+LANGUAGE file option.
org-pcomplete.el,277,function,pcomplete/org-mode/file-option/priorities,missing,,Complete arguments for the #+PRIORITIES file option.
org-pcomplete.el,285,function,pcomplete/org-mode/file-option/select_tags,missing,,Complete arguments for the #+SELECT_TAGS file option.
org-pcomplete.el,292,function,pcomplete/org-mode/file-option/startup,missing,,Complete arguments for the #+STARTUP file option.
org-pcomplete.el,305,function,pcomplete/org-mode/file-option/tags,missing,,Complete arguments for the #+TAGS file option.
org-pcomplete.el,310,function,pcomplete/org-mode/file-option/title,missing,,Complete arguments for the #+TITLE file option.
org-pcomplete.el,320,function,pcomplete/org-mode/file-option/options,missing,,Complete arguments for the #+OPTIONS file option.
org-pcomplete.el,340,function,pcomplete/org-mode/file-option/infojs_opt,missing,,Complete arguments for the #+INFOJS_OPT file option.
org-pcomplete.el,347,function,pcomplete/org-mode/file-option/bind,missing,,"Complete arguments for the #+BIND file option, which are variable names."
org-pcomplete.el,354,function,pcomplete/org-mode/link,missing,,Complete against defined #+LINK patterns.
org-pcomplete.el,363,function,pcomplete/org-mode/tex,missing,,Complete against TeX-style HTML entity names.
org-pcomplete.el,371,function,pcomplete/org-mode/todo,missing,,Complete against known TODO keywords.
org-pcomplete.el,375,function,pcomplete/org-mode/searchhead,missing,,Complete against all headings.
org-pcomplete.el,388,function,pcomplete/org-mode/tag,missing,,Complete a tag name.  Omit tags already set.
org-pcomplete.el,405,function,pcomplete/org-mode/drawer,missing,,"Complete a drawer name, including ""PROPERTIES""."
org-pcomplete.el,421,function,pcomplete/org-mode/prop,missing,,Complete a property name.  Omit properties already set.
org-pcomplete.el,434,function,pcomplete/org-mode/block-option/src,missing,,Complete the arguments of a source block.
org-pcomplete.el,457,function,pcomplete/org-mode/block-option/clocktable,missing,,Complete keywords in a clocktable line.
org-persist.el,278,option,org-persist-directory,missing,,Directory where the data is stored.
org-persist.el,295,option,org-persist-remote-files,missing,,Whether to keep persistent data for remote files.
org-persist.el,312,option,org-persist-default-expiry,missing,,Default expiry condition for persistent data.
org-persist.el,402,function,org-persist--display-time,missing,,Report DURATION according to FORMAT + ARGS message.
org-persist.el,414,function,org-persist--read-elisp-file,missing,,Read elisp data from BUFFER-OR-FILE or current buffer.
org-persist.el,451,function,org-persist--write-elisp-file,missing,,Write to index and then write elisp DATA to FILE.
org-persist.el,500,macro,org-persist-gc:generic,missing,,Garbage collect CONTAINER data from COLLECTION.
org-persist.el,509,macro,org-persist--gc-expired-p,missing,,Check if expiry condition CND triggers for COLLECTION.
org-persist.el,523,macro,org-persist-collection-let,missing,,Bind container and associated from COLLECTION and execute BODY.
org-persist.el,538,function,org-persist--find-index,missing,,Find COLLECTION in `org-persist--index'.
org-persist.el,564,function,org-persist--add-to-index,missing,,Add or update COLLECTION in `org-persist--index'.
org-persist.el,591,macro,org-persist-associated-files:generic,missing,,List associated files in `org-persist-directory' of CONTAINER in COLLECTION.
org-persist.el,600,function,org-persist--remove-from-index,missing,,Remove COLLECTION from `org-persist--index'.
org-persist.el,620,function,org-persist--get-collection,missing,,Return or create collection used to store CONTAINER for ASSOCIATED.
org-persist.el,644,function,org-persist--normalize-container,missing,,Normalize CONTAINER representation into (type . settings).
org-persist.el,664,function,org-persist--normalize-associated,missing,,Normalize ASSOCIATED representation into (:type value).
org-persist.el,724,macro,org-persist-read:generic,missing,,Read and return the data stored in CONTAINER.
org-persist.el,737,function,org-persist-read:elisp,missing,,Read elisp container and return LISP-VALUE.
org-persist.el,741,function,org-persist-read:elisp-data,missing,,Read elisp-data CONTAINER.
org-persist.el,745,function,org-persist-read:version,missing,,Read elisp-data CONTAINER.
org-persist.el,747,function,org-persist-read:file,missing,,Read file container from PATH.
org-persist.el,752,function,org-persist-read:url,missing,,Read file container from PATH.
org-persist.el,757,function,org-persist-read:index,missing,,Read index container CONT from INDEX-FILE.
org-persist.el,774,macro,org-persist-load:generic,missing,,Load the data stored in CONTAINER for side effects.
org-persist.el,787,function,org-persist-load:elisp,missing,,Assign elisp CONTAINER in COLLECTION LISP-VALUE.
org-persist.el,798,function,org-persist-load:elisp-data,missing,,Read elisp-data CONTAINER.
org-persist.el,799,function,org-persist-load:version,missing,,Read elisp-data CONTAINER.
org-persist.el,800,function,org-persist-load:file,missing,,Read file container from PATH.
org-persist.el,802,function,org-persist-load:index,missing,,Load `org-persist--index' from INDEX-FILE according to CONTAINER.
org-persist.el,821,function,org-persist--load-index,missing,,Load `org-persist--index'.
org-persist.el,830,macro,org-persist-write:generic,missing,,Write CONTAINER in COLLECTION.
org-persist.el,842,function,org-persist-write:elisp,missing,,Write elisp CONTAINER according to COLLECTION.
org-persist.el,874,command,org-persist-write:elisp-data,missing,,"Ignore ARGUMENTS, do nothing, and return nil."
org-persist.el,875,command,org-persist-write:version,missing,,"Ignore ARGUMENTS, do nothing, and return nil."
org-persist.el,877,function,org-persist-write:file,missing,,Write file container C according to COLLECTION.
org-persist.el,895,function,org-persist-write:url,missing,,Write url container C according to COLLECTION.
org-persist.el,914,function,org-persist--check-write-access,missing,,Check write access to all missing directories in PATH.
org-persist.el,929,function,org-persist-write:index,missing,,Write index CONTAINER.
org-persist.el,948,function,org-persist--save-index,missing,,Save `org-persist--index'.
org-persist.el,953,function,org-persist--merge-index-with-disk,missing,,Merge `org-persist--index' with the current index file on disk.
org-persist.el,972,function,org-persist--merge-index,missing,,Attempt to merge new index items in OTHER into BASE.
org-persist.el,992,function,org-persist-register,missing,,Register CONTAINER in ASSOCIATED to be persistent across Emacs sessions.
org-persist.el,1037,function,org-persist-unregister,missing,,Unregister CONTAINER in ASSOCIATED to be persistent.
org-persist.el,1060,function,org-persist-read,missing,,Restore CONTAINER data for ASSOCIATED.
org-persist.el,1123,function,org-persist-load,missing,,Load CONTAINER data for ASSOCIATED.
org-persist.el,1129,function,org-persist-load-all,missing,,Restore all the persistent data associated with ASSOCIATED.
org-persist.el,1147,function,org-persist-load-all-buffer,missing,,Call `org-persist-load-all' in current buffer.
org-persist.el,1151,function,org-persist-write,missing,,Save CONTAINER according to ASSOCIATED.
org-persist.el,1185,function,org-persist-write-all,missing,,Save all the persistent data.
org-persist.el,1228,function,org-persist-write-all-buffer,missing,,Call `org-persist-write-all' in current buffer.
org-persist.el,1234,command,org-persist-gc:elisp,missing,,"Ignore ARGUMENTS, do nothing, and return nil."
org-persist.el,1235,command,org-persist-gc:index,missing,,"Ignore ARGUMENTS, do nothing, and return nil."
org-persist.el,1236,command,org-persist-gc:elisp-data,missing,,"Ignore ARGUMENTS, do nothing, and return nil."
org-persist.el,1237,command,org-persist-gc:version,missing,,"Ignore ARGUMENTS, do nothing, and return nil."
org-persist.el,1238,command,org-persist-gc:file,missing,,"Ignore ARGUMENTS, do nothing, and return nil."
org-persist.el,1239,command,org-persist-gc:url,missing,,"Ignore ARGUMENTS, do nothing, and return nil."
org-persist.el,1241,function,org-persist--gc-persist-file,missing,,Garbage collect PERSIST-FILE.
org-persist.el,1248,command,org-persist-associated-files:elisp,missing,,"Ignore ARGUMENTS, do nothing, and return nil."
org-persist.el,1249,command,org-persist-associated-files:index,missing,,"Ignore ARGUMENTS, do nothing, and return nil."
org-persist.el,1250,command,org-persist-associated-files:elisp-data,missing,,"Ignore ARGUMENTS, do nothing, and return nil."
org-persist.el,1251,command,org-persist-associated-files:version,missing,,"Ignore ARGUMENTS, do nothing, and return nil."
org-persist.el,1253,function,org-persist-associated-files:file,missing,,List file CONTAINER associated files of COLLECTION in `org-persist-directory'.
org-persist.el,1259,function,org-persist-associated-files:url,missing,,List url CONTAINER associated files of COLLECTION in `org-persist-directory'.
org-persist.el,1265,function,org-persist--refresh-gc-lock,missing,,Refresh session timestamp in `org-persist-gc-lock-file'.
org-persist.el,1280,function,org-persist--gc-orphan-p,missing,,"Return non-nil, when orphan files should be garbage-collected."
org-persist.el,1290,function,org-persist-gc,missing,,Remove expired or unregistered containers and orphaned files.
org-persist.el,1338,function,org-persist-clear-storage-maybe,missing,,Clear `org-persist-directory' according to `org-persist--disable-when-emacs-Q'.
org-plot.el,54,function,org-plot/add-options-to-plist,missing,,Parse an OPTIONS line and set values in the property list P.
org-plot.el,101,command,org-plot/goto-nearest-table,missing,,Move the point forward to the beginning of nearest table.
org-plot.el,109,function,org-plot/collect-options,missing,,Collect options from an org-plot `#+Plot:' line.
org-plot.el,118,function,org-plot-quote-timestamp-field,missing,,Convert field S from timestamp to Unix time and export to gnuplot.
org-plot.el,122,function,org-plot-quote-tsv-field,missing,,Quote field S for export to gnuplot.
org-plot.el,129,function,org-plot/gnuplot-to-data,missing,,Export TABLE to DATA-FILE in a format readable by gnuplot.
org-plot.el,147,function,org-plot/gnuplot-to-grid-data,missing,,Export the data in TABLE to DATA-FILE for gnuplot.
org-plot.el,191,function,org--plot/values-stats,missing,,"Rudimentary statistics about NUMS, useful for guessing axis ticks."
org-plot.el,209,function,org--plot/sensible-tick-num,missing,,"From a the values in a TABLE of data, guess an appropriate number of ticks."
org-plot.el,230,function,org--plot/nice-frequency-pick,missing,,"From a list of FREQUENCIES, try to sensibly pick a sample of the most frequent."
org-plot.el,262,function,org--plot/merge-alists,missing,,"Using FUNCTION, combine the elements of ALIST1, ALIST2 and any other ALISTS."
org-plot.el,274,function,org--plot/item-frequencies,missing,,Return an alist indicating the frequency of values in VALUES list.
org-plot.el,281,function,org--plot/prime-factors,missing,,"Return the prime decomposition of VALUE, e.g. for 12, (3 2 2)."
org-plot.el,298,option,org-plot/gnuplot-script-preamble,missing,,String of function to be inserted before the gnuplot plot command is run.
org-plot.el,308,option,org-plot/preset-plot-types,missing,,List of plists describing the available plot types.
org-plot.el,495,function,org--plot/radar,missing,,Create gnuplot code for a radar plot of TABLE with PARAMS.
org-plot.el,539,option,org-plot/gnuplot-term-extra,missing,,String or function which provides the extra term options.
org-plot.el,548,function,org-plot/gnuplot-script,missing,,Write a gnuplot script for TABLE to DATA-FILE respecting options in PARAMS.
org-plot.el,628,function,org-plot/redisplay-img-in-buffer,missing,,"Find any overlays for IMG-FILE in the current Org buffer, and refresh them."
org-plot.el,639,command,org-plot/gnuplot,missing,,Plot table using gnuplot.  Gnuplot options can be specified with PARAMS.
org-protocol.el,173,option,org-protocol-reverse-list-of-files,missing,,Non-nil means re-reverse the list of filenames passed on the command line.
org-protocol.el,181,option,org-protocol-project-alist,missing,,Map URLs to local filenames for `org-protocol-open-source' (open-source).
org-protocol.el,239,option,org-protocol-protocol-alist,missing,,Register custom handlers for org-protocol.
org-protocol.el,289,option,org-protocol-default-template-key,missing,,The default template key to use.
org-protocol.el,295,option,org-protocol-data-separator,missing,,The default data separator to use.
org-protocol.el,304,function,org-protocol-sanitize-uri,missing,,Sanitize slashes to double-slashes in URI.
org-protocol.el,313,function,org-protocol-split-data,missing,,Split the DATA argument for an org-protocol handler function.
org-protocol.el,326,function,org-protocol-flatten-greedy,missing,,Transform PARAM-LIST into a flat list for greedy handlers.
org-protocol.el,372,function,org-protocol-flatten,missing,,Transform LIST into a flat list.
org-protocol.el,382,function,org-protocol-parse-parameters,missing,,Return a property list of parameters from INFO.
org-protocol.el,407,function,org-protocol-assign-parameters,missing,,Return a property list of parameters from DATA.
org-protocol.el,427,function,org-protocol-store-link,missing,,Process an org-protocol://store-link style url.
org-protocol.el,472,function,org-protocol-capture,missing,,Process an org-protocol://capture style url with INFO.
org-protocol.el,542,function,org-protocol-convert-query-to-plist,missing,,Convert QUERY key=value pairs in the URL to a property list.
org-protocol.el,551,function,org-protocol-open-source,missing,,Process an org-protocol://open-source?url= style URL with FNAME.
org-protocol.el,625,function,org-protocol-check-filename-for-protocol,missing,,Check if `org-protocol-the-protocol' and a valid protocol are used in FNAME.
org-protocol.el,686,function,org--protocol-detect-protocol-server,missing,,Advice `server-visit-files' to call `org-protocol-check-filename-for-protocol'.
org-protocol.el,713,command,org-protocol-create-for-org,missing,,Create an Org protocol project for the current file's project.
org-protocol.el,727,command,org-protocol-create,missing,,Create a new org-protocol project interactively.
org-refile.el,40,option,org-log-refile,missing,,Information to record when a task is refiled.
org-refile.el,68,option,org-refile-targets,missing,,Targets for refiling entries with `\[org-refile]'.
org-refile.el,118,option,org-refile-target-verify-function,missing,,Function to verify if the headline at point should be a refile target.
org-refile.el,134,option,org-refile-use-cache,missing,,Non-nil means cache refile targets to speed up the process.
org-refile.el,149,option,org-refile-use-outline-path,missing,,Non-nil means provide refile targets as paths.
org-refile.el,170,option,org-outline-path-complete-in-steps,missing,,Non-nil means complete the outline path in hierarchical steps.
org-refile.el,182,option,org-refile-allow-creating-parent-nodes,missing,,Non-nil means allow the creation of new nodes as refile targets.
org-refile.el,199,option,org-refile-active-region-within-subtree,missing,,Non-nil means also refile active region within a subtree.
org-refile.el,226,function,org-refile-marker,missing,,"Return a new refile marker at POS, but only if caching is in use."
org-refile.el,236,function,org-refile-cache-clear,missing,,Clear the refile cache and disable all the markers.
org-refile.el,243,function,org-refile-cache-check-set,missing,,Check if all the markers in the cache still have live buffers.
org-refile.el,255,function,org-refile-cache-put,missing,,"Push the refile targets SET into the cache, under IDENTIFIERS."
org-refile.el,263,function,org-refile-cache-get,missing,,Retrieve the cached value for refile targets given by IDENTIFIERS.
org-refile.el,273,function,org-refile-get-targets,missing,,Produce a table with refile targets.
org-refile.el,413,command,org-refile-copy,missing,,"Like `org-refile', but preserve the refiled subtree."
org-refile.el,420,command,org-refile-reverse,missing,,Refile while temporarily toggling `org-reverse-note-order'.
org-refile.el,433,command,org-refile,missing,,Move the entry or entries at point to another heading.
org-refile.el,643,command,org-refile-goto-last-stored,missing,,Go to the location where the last refile was stored.
org-refile.el,650,function,org-refile--get-location,missing,,"When user refile to REFLOC, find the associated target in TBL."
org-refile.el,661,function,org-refile-get-location,missing,,"Prompt the user for a refile location, using PROMPT."
org-refile.el,727,function,org-refile-check-position,missing,,Check if the refile pointer matches the headline to which it points.
org-refile.el,746,function,org-refile-new-child,missing,,Use refile target PARENT-TARGET to add new CHILD below it.
org-refile.el,769,function,org-olpath-completing-read,missing,,Read an outline path like a file name.
org-src.el,68,option,org-edit-src-turn-on-auto-save,missing,,Non-nil means turn `auto-save-mode' on when editing a source block.
org-src.el,80,option,org-edit-src-auto-save-idle-delay,missing,,Delay before saving a source code buffer back into its base buffer.
org-src.el,92,option,org-coderef-label-format,missing,,The default coderef format.
org-src.el,109,option,org-edit-fixed-width-region-mode,missing,,The mode that should be used to edit fixed-width regions.
org-src.el,119,option,org-src-preserve-indentation,missing,,If non-nil preserve leading whitespace characters on export.
org-src.el,134,option,org-src-content-indentation,missing,,Indentation for the content of a source code block.
org-src.el,151,option,org-edit-src-persistent-message,missing,,Non-nil means show persistent exit help message while editing src examples.
org-src.el,158,option,org-src-ask-before-returning-to-edit-buffer,missing,,Non-nil means ask before switching to an existing edit buffer.
org-src.el,169,option,org-src-window-setup,missing,,How the source code edit buffer should be displayed.
org-src.el,200,option,org-src-mode-hook,missing,,Hook run after Org switched a source code snippet to its Emacs mode.
org-src.el,211,function,org-src--get-known-shells,missing,,List all the shells in `sh-ancestor-alist' for `org-src-lang-modes'.
org-src.el,218,option,org-src-lang-modes,missing,,Alist mapping languages to their major mode.
org-src.el,252,option,org-src-block-faces,missing,,Alist of faces to be used for source-block.
org-src.el,275,option,org-src-tab-acts-natively,missing,,"If non-nil, TAB uses the language's major-mode binding in code blocks."
org-src.el,335,function,org-src--construct-edit-buffer-name,missing,,Construct the buffer name for a source editing buffer.
org-src.el,340,function,org-src--edit-buffer,missing,,Return buffer editing area between BEG and END.
org-src.el,357,function,org-src--coordinates,missing,,Return coordinates of POS relatively to BEG and END.
org-src.el,371,function,org-src--goto-coordinates,missing,,Move to coordinates COORD relatively to BEG and END.
org-src.el,386,function,org-src--contents-area,missing,,Return contents boundaries of DATUM.
org-src.el,433,function,org-src--make-source-overlay,missing,,Create overlay between BEG and END positions and return it.
org-src.el,457,function,org-src--remove-overlay,missing,,Remove overlay from current source buffer.
org-src.el,461,function,org-src--on-datum-p,missing,,Non-nil when point is on DATUM.
org-src.el,474,function,org-src-preserve-indentation-p,missing,,Non-nil when indentation should be preserved within NODE.
org-src.el,482,function,org-src--contents-for-write-back-1,missing,,Populate WRITE-BACK-BUF with CONTENTS in the appropriate format.
org-src.el,529,function,org-src--contents-for-write-back,missing,,Populate WRITE-BACK-BUF with contents in the appropriate format.
org-src.el,549,function,org-src--edit-element,missing,,Edit DATUM contents in a dedicated buffer NAME.
org-src.el,676,function,org-src-font-lock-fontify-block,missing,,Fontify code block between START and END using LANG's syntax.
org-src.el,786,function,org-fontify-inline-src-blocks,missing,,Try to apply `org-fontify-inline-src-blocks-1'.
org-src.el,794,function,org-fontify-inline-src-blocks-1,missing,,"Fontify inline src_LANG blocks, from `point' up to LIMIT."
org-src.el,836,command,org-escape-code-in-region,missing,,Escape lines between BEG and END.
org-src.el,846,function,org-escape-code-in-string,missing,,Escape lines in string S.
org-src.el,853,command,org-unescape-code-in-region,missing,,Un-escape lines between BEG and END.
org-src.el,863,function,org-unescape-code-in-string,missing,,Un-escape lines in string S.
org-src.el,881,command,org-src-mode,missing,,Minor mode for language major mode buffers generated by Org.
org-src.el,924,function,org-src-mode-configure-edit-buffer,missing,,Configure the src edit buffer.
org-src.el,940,function,org-src-associate-babel-session,missing,,Associate edit buffer with comint session.
org-src.el,950,function,org-src-babel-configure-edit-buffer,missing,,Configure src editing buffer.
org-src.el,960,macro,org-src-do-at-code-block,missing,,Execute BODY from an edit buffer in the Org mode buffer.
org-src.el,969,command,org-src-do-key-sequence-at-code-block,missing,,Execute key sequence at code block in the source Org buffer.
org-src.el,993,function,org-src-get-lang-mode,missing,,Return major mode that should be used for LANG.
org-src.el,1007,function,org-src-get-lang-mode-if-bound,missing,,"Return major mode for LANG, if bound, and FALLBACK otherwise."
org-src.el,1021,function,org-src-edit-buffer-p,missing,,Non-nil when current buffer is a source editing buffer.
org-src.el,1029,function,org-src-source-buffer,missing,,Return source buffer edited in current buffer.
org-src.el,1036,function,org-src-source-type,missing,,Return type of element edited in current buffer.
org-src.el,1042,function,org-src-switch-to-buffer,missing,,Switch to BUFFER considering CONTEXT and `org-src-window-setup'.
org-src.el,1084,function,org-src-coderef-format,missing,,Return format string for block at point.
org-src.el,1099,function,org-src-coderef-regexp,missing,,Return regexp matching a coderef format string FMT.
org-src.el,1117,command,org-edit-footnote-reference,missing,,Edit definition of footnote reference at point.
org-src.el,1177,command,org-edit-table.el,missing,,"Edit ""table.el"" table at point."
org-src.el,1201,command,org-edit-latex-fragment,missing,,Edit LaTeX fragment at point.
org-src.el,1241,command,org-edit-latex-environment,missing,,Edit LaTeX environment at point.
org-src.el,1263,command,org-edit-export-block,missing,,Edit export block at point.
org-src.el,1298,command,org-edit-comment-block,missing,,Edit comment block at point.
org-src.el,1321,command,org-edit-src-code,missing,,Edit the source or example block at point.
org-src.el,1373,command,org-edit-inline-src-code,missing,,Edit inline source code at point.
org-src.el,1406,command,org-edit-fixed-width-region,missing,,Edit the fixed-width ASCII drawing at point.
org-src.el,1432,command,org-edit-src-abort,missing,,Abort editing of the src code and return to the Org buffer.
org-src.el,1437,command,org-edit-src-continue,missing,,Unconditionally return to buffer editing area under point.
org-src.el,1447,command,org-edit-src-save,missing,,Save parent buffer with current state source-code buffer.
org-src.el,1482,command,org-edit-src-exit,missing,,Kill current sub-editing buffer and return to source buffer.
org-table.el,102,option,orgtbl-optimized,missing,,Non-nil means use the optimized table editor version for `orgtbl-mode'.
org-table.el,116,option,orgtbl-radio-table-templates,missing,,Templates for radio tables in different major modes.
org-table.el,170,option,org-table-header-line-p,missing,,Activate `org-table-header-line-mode' by default?
org-table.el,176,option,org-table-default-size,missing,,"The default size for newly created tables, Columns x Rows."
org-table.el,181,option,org-table-number-regexp,missing,,Regular expression for recognizing numbers in table columns.
org-table.el,212,option,org-table-number-fraction,missing,,Fraction of numbers in a column required to make the column align right.
org-table.el,220,option,org-table-formula-field-format,missing,,Format for fields which contain the result of a formula.
org-table.el,234,option,org-table-automatic-realign,missing,,Non-nil means automatically re-align table when pressing TAB or RETURN.
org-table.el,241,option,org-table-auto-blank-field,missing,,Non-nil means automatically blank table field when starting to type into it.
org-table.el,248,option,org-table-exit-follow-field-mode-when-leaving-table,missing,,Non-nil means automatically exit the follow mode.
org-table.el,259,option,org-table-fix-formulas-confirm,missing,,Whether the user should confirm when Org fixes formulas.
org-table.el,268,option,org-table-tab-jumps-over-hlines,missing,,Non-nil means tab in the last column of a table with jump over a hline.
org-table.el,277,option,org-table-shrunk-column-indicator,missing,,String to be displayed in a shrunk column.
org-table.el,289,option,org-table-use-standard-references,missing,,Non-nil means using table references like B3 instead of @3$2.
org-table.el,301,option,org-table-copy-increment,missing,,Non-nil means increment when copying current field with `\[org-table-copy-down]'.
org-table.el,312,option,org-calc-default-modes,missing,,List with Calc mode settings for use in `calc-eval' for table formulas.
org-table.el,327,option,org-table-duration-custom-format,missing,,Format for the output of calc computations like $1+$2;t.
org-table.el,343,option,org-table-duration-hour-zero-padding,missing,,Non-nil means hours in table duration computations should be zero-padded.
org-table.el,352,option,org-table-formula-evaluate-inline,missing,,Non-nil means TAB and RET evaluate a formula in current table field.
org-table.el,363,option,org-table-formula-use-constants,missing,,Non-nil means interpret constants in formulas in tables.
org-table.el,371,option,org-table-formula-constants,missing,,"Alist with constant names and values, for use in table formulas."
org-table.el,389,option,org-table-allow-automatic-line-recalculation,missing,,Non-nil means lines marked with |#| or |*| will be recomputed automatically.
org-table.el,397,option,org-table-relative-ref-may-cross-hline,missing,,Non-nil means relative formula references may cross hlines.
org-table.el,416,option,org-table-formula-create-columns,missing,,Non-nil means evaluation of formula can add new columns.
org-table.el,435,option,org-table-export-default-format,missing,,Default export parameters for `org-table-export'.
org-table.el,444,option,org-table-convert-region-max-lines,missing,,Max lines that `org-table-convert-region' will attempt to process.
org-table.el,455,function,org-table-row-get-visible-string,missing,,Get the visible string of a table row.
org-table.el,474,function,org-table-header-set-header,missing,,Display the header of the table at point.
org-table.el,511,command,org-table-header-line-mode,missing,,Display the first row of the table at point in the header line.
org-table.el,682,command,org-table-overlay-coordinates,missing,,"Add overlays to the table at point, to show row/column coordinates."
org-table.el,714,macro,org-table-with-shrunk-columns,missing,,"Expand all columns before executing BODY, then shrink them again."
org-table.el,728,macro,org-table-with-shrunk-field,missing,,"Save field shrunk state, execute BODY and restore state."
org-table.el,739,macro,org-table-save-field,missing,,Save current field; execute BODY; restore field.
org-table.el,755,function,org-at-TBLFM-p,missing,,Non-nil when point (or POS) is in #+TBLFM line.
org-table.el,763,function,org-at-table-p,missing,,Non-nil if the cursor is inside an Org table.
org-table.el,772,function,org-at-table.el-p,missing,,Non-nil when point is at a table.el table.
org-table.el,779,function,org-at-table-hline-p,missing,,Non-nil when point is inside a hline in a table.
org-table.el,784,function,org-table-check-inside-data-field,missing,,Non-nil when point is inside a table data field.
org-table.el,801,command,org-table-create-with-table.el,missing,,Use the table.el package to insert a new table.
org-table.el,818,command,org-table-create-or-convert-from-region,missing,,"Convert region to table, or create an empty table."
org-table.el,831,command,org-table-create,missing,,Query for a size and insert a table skeleton.
org-table.el,863,command,org-table-convert-region,missing,,Convert region to a table.
org-table.el,944,command,org-table-import,missing,,Import FILE as a table.
org-table.el,973,command,org-table-convert,missing,,Convert from Org table to table.el and back.
org-table.el,1022,function,org-table-begin,missing,,Find the beginning of the table and return its position.
org-table.el,1035,function,org-table-end,missing,,Find the end of the table and return its position.
org-table.el,1057,command,org-table-next-field,missing,,"Go to the next field in the current table, creating new lines as needed."
org-table.el,1087,command,org-table-previous-field,missing,,Go to the previous field in the table.
org-table.el,1111,command,org-table-beginning-of-field,missing,,Move to the beginning of the current table field.
org-table.el,1127,command,org-table-end-of-field,missing,,Move to the end of the current table field.
org-table.el,1144,command,org-table-next-row,missing,,Go to the next row (same column) in the current table.
org-table.el,1165,function,org-table-get,missing,,"Get the field in table line LINE, column COLUMN."
org-table.el,1177,function,org-table-put,missing,,"Put VALUE into line LINE, column COLUMN."
org-table.el,1187,function,org-table-current-line,missing,,Return the index of the current data line.
org-table.el,1197,command,org-table-current-column,missing,,Return current column number.
org-table.el,1209,function,org-table-current-dline,missing,,Find out what table data line we are in.
org-table.el,1221,function,org-table-goto-line,missing,,Go to the Nth data line in the current table.
org-table.el,1231,command,org-table-blank-field,missing,,Blank the current table field or active region.
org-table.el,1248,function,org-table-get-field,missing,,Return the value of the field in column N of current row.
org-table.el,1268,command,org-table-field-info,missing,,"Show info about the current field, and highlight any reference at point."
org-table.el,1315,function,org-table-goto-field,missing,,Move point to a specific field in the current table.
org-table.el,1347,command,org-table-goto-column,missing,,Move the cursor to the Nth column in the current table line.
org-table.el,1370,command,org-table-insert-column,missing,,Insert a new column into the table.
org-table.el,1403,function,org-table-find-dataline,missing,,"Find a data line in the current table, which is needed for column commands."
org-table.el,1418,function,org-table-line-to-dline,missing,,Turn a buffer line number into a data line number.
org-table.el,1444,function,org-table--swap-cells,missing,,Swap two cells indicated by the coordinates provided.
org-table.el,1453,function,org-table--move-cell,missing,,Move the current cell in a cardinal direction.
org-table.el,1479,command,org-table-move-cell-up,missing,,Move a single cell up in a table.
org-table.el,1489,command,org-table-move-cell-down,missing,,Move a single cell down in a table.
org-table.el,1499,command,org-table-move-cell-left,missing,,Move a single cell left in a table.
org-table.el,1509,command,org-table-move-cell-right,missing,,Move a single cell right in a table.
org-table.el,1519,command,org-table-delete-column,missing,,Delete a column from the table.
org-table.el,1555,command,org-table-move-column-right,missing,,Move column to the right.
org-table.el,1561,command,org-table-move-column-left,missing,,Move column to the left.
org-table.el,1567,command,org-table-move-column,missing,,"Move the current column to the right.  With arg LEFT, move to the left."
org-table.el,1616,command,org-table-move-row-down,missing,,Move table row down.
org-table.el,1622,command,org-table-move-row-up,missing,,Move table row up.
org-table.el,1628,command,org-table-move-row,missing,,"Move the current table line down.  With arg UP, move it up."
org-table.el,1666,command,org-table-insert-row,missing,,Insert a new row above the current line into the table.
org-table.el,1694,command,org-table-insert-hline,missing,,Insert a horizontal-line below the current line into the table.
org-table.el,1718,command,org-table-hline-and-move,missing,,Insert a hline and move to the row below that line.
org-table.el,1731,function,org-table-clean-line,missing,,"Convert a table line S into a string with only ""|"" and space."
org-table.el,1749,command,org-table-kill-row,missing,,Delete the current row or horizontal line from the table.
org-table.el,1768,command,org-table-cut-region,missing,,Copy region in table to the clipboard and blank all relevant fields.
org-table.el,1777,function,org-table--increment-field,missing,,Increment string FIELD according to PREVIOUS field.
org-table.el,1875,command,org-table-copy-down,missing,,Copy the value of the current field one row below.
org-table.el,1943,command,org-table-copy-region,missing,,Copy rectangular region in table to clipboard.
org-table.el,1983,command,org-table-paste-rectangle,missing,,Paste a rectangular region into a table.
org-table.el,2013,command,org-table-follow-field-mode,missing,,Minor mode to make the table field editor window follow the cursor.
org-table.el,2032,command,org-table-edit-field,missing,,Edit table field in a different window.
org-table.el,2083,function,org-table-follow-fields-with-editor,missing,,
org-table.el,2094,function,org-table-finish-edit-field,missing,,Finish editing a table data field.
org-table.el,2120,function,org-table-current-field-formula,missing,,Return the formula active for the current field.
org-table.el,2146,function,org-table-get-formula,missing,,"Read a formula from the minibuffer, offer stored formula as default."
org-table.el,2194,function,org-table-store-formulas,missing,,Store the list of formulas below the current table.
org-table.el,2217,function,org-table-formula-make-cmp-string,missing,,
org-table.el,2236,function,org-table-formula-less-p,missing,,Compare two formulas for sorting.
org-table.el,2243,function,org-table-get-stored-formulas,missing,,Return an alist with the stored formulas directly after current table.
org-table.el,2285,function,org-table-fix-formulas,missing,,Modify the equations after the table structure has been edited.
org-table.el,2321,function,org-table-maybe-eval-formula,missing,,"Check if the current field starts with ""="" or "":=""."
org-table.el,2336,command,org-table-rotate-recalc-marks,missing,,Rotate the recalculation mark in the first column.
org-table.el,2406,command,org-table-maybe-recalculate-line,missing,,"Recompute the current line if marked for it, and if we haven't just done it."
org-table.el,2417,command,org-table-eval-formula,missing,,Replace the table field value at the cursor by the result of a calculation.
org-table.el,2716,function,org-table-put-field-property,missing,,
org-table.el,2722,function,org-table-get-range,missing,,"Get a calc vector from a column, according to descriptor DESC."
org-table.el,2798,function,org-table--descriptor-line,missing,,Return relative line number corresponding to descriptor DESC.
org-table.el,2830,function,org-table--row-type,missing,,Return relative line of Nth row with type TYPE.
org-table.el,2860,function,org-table--error-on-old-row-references,missing,,
org-table.el,2864,function,org-table-make-reference,missing,,Convert list ELEMENTS to something appropriate to insert into formula.
org-table.el,2920,function,org-table-message-once-per-second,missing,,"If there has been more than one second since T1, display message."
org-table.el,2932,command,org-table-recalculate,missing,,Recalculate the current table line by applying all stored formulas.
org-table.el,3106,command,org-table-iterate,missing,,Recalculate the table until it does not change anymore.
org-table.el,3129,command,org-table-recalculate-buffer-tables,missing,,Recalculate all tables in the current buffer.
org-table.el,3143,command,org-table-iterate-buffer-tables,missing,,"Iterate all tables in the buffer, to converge inter-table dependencies."
org-table.el,3166,command,org-table-calc-current-TBLFM,missing,,Apply the #+TBLFM in the line at point to the table.
org-table.el,3189,function,org-table-TBLFM-begin,missing,,Find the beginning of the TBLFM lines and return its position.
org-table.el,3197,function,org-table-expand-lhs-ranges,missing,,Expand list of formulas.
org-table.el,3237,function,org-table-formula-handle-first/last-rc,missing,,"Replace @<, @>, $<, $> with first/last row/column of the table."
org-table.el,3266,function,org-table-formula-substitute-names,missing,,Replace $const with values in string F.
org-table.el,3296,function,org-table-get-constant,missing,,Find the value for a parameter or constant in a formula.
org-table.el,3366,command,org-table-edit-formulas,missing,,Edit the formulas of the current table in a separate buffer.
org-table.el,3432,function,org-table-fedit-post-command,missing,,
org-table.el,3439,function,org-table-formula-to-user,missing,,Convert a formula from internal to user representation.
org-table.el,3445,function,org-table-formula-from-user,missing,,Convert a formula from user to internal representation.
org-table.el,3451,function,org-table-convert-refs-to-rc,missing,,Convert spreadsheet references from A7 to @7$28.
org-table.el,3483,function,org-table-convert-refs-to-an,missing,,Convert spreadsheet references from to @7$28 to AB7.
org-table.el,3503,function,org-letters-to-number,missing,,Convert a base 26 number represented by letters into an integer.
org-table.el,3513,function,org-number-to-letters,missing,,Convert an integer into a base 26 number represented by letters.
org-table.el,3522,function,org-table-time-string-to-seconds,missing,,Convert a time string into numerical duration in seconds.
org-table.el,3549,function,org-table-time-seconds-to-string,missing,,Convert a number of seconds to a time string.
org-table.el,3576,function,org-table-fedit-convert-buffer,missing,,"Convert all references in this buffer, using FUNCTION."
org-table.el,3587,command,org-table-fedit-toggle-ref-type,missing,,Convert all references in the buffer from B3 to @3$2 and back.
org-table.el,3597,command,org-table-fedit-ref-up,missing,,Shift the reference at point one row/hline up.
org-table.el,3602,command,org-table-fedit-ref-down,missing,,Shift the reference at point one row/hline down.
org-table.el,3607,command,org-table-fedit-ref-left,missing,,Shift the reference at point one field to the left.
org-table.el,3612,command,org-table-fedit-ref-right,missing,,Shift the reference at point one field to the right.
org-table.el,3617,function,org-table--rematch-and-replace,missing,,"Re-match the group N, and replace it with the shifted reference."
org-table.el,3625,function,org-table-fedit-shift-reference,missing,,
org-table.el,3643,function,org-table-shift-refpart,missing,,Shift a reference part REF.
org-table.el,3675,command,org-table-fedit-toggle-coordinates,missing,,Toggle the display of coordinates in the referenced table.
org-table.el,3684,command,org-table-fedit-finish,missing,,Parse the buffer for formula definitions and install them.
org-table.el,3721,command,org-table-fedit-abort,missing,,"Abort editing formulas, without installing the changes."
org-table.el,3732,command,org-table-fedit-lisp-indent,missing,,Pretty-print and re-indent Lisp expressions in the Formula Editor.
org-table.el,3769,command,org-table-fedit-line-up,missing,,Move cursor one line up in the window showing the table.
org-table.el,3774,command,org-table-fedit-line-down,missing,,Move cursor one line down in the window showing the table.
org-table.el,3779,function,org-table-fedit-move,missing,,Move the cursor in the window showing the table.
org-table.el,3794,command,org-table-fedit-scroll,missing,,
org-table.el,3799,command,org-table-fedit-scroll-down,missing,,
org-table.el,3803,function,org-table-add-rectangle-overlay,missing,,Add a new overlay.
org-table.el,3809,function,org-table-highlight-rectangle,missing,,Highlight rectangular region in a table.
org-table.el,3844,function,org-table-remove-rectangle-highlight,missing,,Remove the rectangle overlays.
org-table.el,3888,command,org-table-toggle-coordinate-overlays,missing,,Toggle the display of Row/Column numbers in tables.
org-table.el,3903,command,org-table-toggle-formula-debugger,missing,,Toggle the formula debugger in tables.
org-table.el,3913,function,org-table--shrunk-field,missing,,Non-nil if current field is narrowed.
org-table.el,3925,function,org-table--list-shrunk-columns,missing,,List currently shrunk columns in table at point.
org-table.el,3956,function,org-table--make-shrinking-overlay,missing,,Create an overlay to shrink text between START and END.
org-table.el,3990,function,org-table--shrink-field,missing,,Shrink a table field to a specified width.
org-table.el,4123,function,org-table--read-column-selection,missing,,Read column selection select as a list of numbers.
org-table.el,4153,function,org-table--shrink-columns,missing,,Shrink COLUMNS in a table.
org-table.el,4202,command,org-table-toggle-column-width,missing,,Shrink or expand current column in an Org table.
org-table.el,4260,command,org-table-shrink,missing,,Shrink all columns with a width cookie in the table at point.
org-table.el,4285,command,org-table-expand,missing,,Expand all columns in the table at point.
org-table.el,4300,function,org-table-map-tables,missing,,Apply function F to the start of all tables in the buffer.
org-table.el,4321,command,org-table-export,missing,,"Export table to a file, with configurable format."
org-table.el,4387,function,org-table--align-field,missing,,Format FIELD according to column WIDTH and alignment ALIGN.
org-table.el,4404,command,org-table-align,missing,,Align the table at point by aligning all vertical bars.
org-table.el,4512,function,org-table-justify-field-maybe,missing,,"Justify the current field, text to left, number to right."
org-table.el,4569,command,org-table-sort-lines,missing,,Sort table lines according to the column at point.
org-table.el,4695,command,org-table-transpose-table-at-point,missing,,Transpose Org table at point and eliminate hlines.
org-table.el,4738,command,org-table-wrap-region,missing,,Wrap several fields in a column like a paragraph.
org-table.el,4807,function,org-table--number-for-summing,missing,,
org-table.el,4828,command,org-table-sum,missing,,Sum numbers in region of current table column.
org-table.el,4888,function,org-table-analyze,missing,,Analyze table at point and store results.
org-table.el,4977,function,org-table--force-dataline,missing,,Move point to the closest data line in a table.
org-table.el,4994,command,org-table-show-reference,missing,,Show the location/value of the $ expression at point.
org-table.el,5171,function,turn-on-orgtbl,missing,,Unconditionally turn on `orgtbl-mode'.
org-table.el,5243,command,orgtbl-mode,missing,,The Org mode table editor as a minor mode for use in other modes.
org-table.el,5278,function,orgtbl-make-binding,missing,,Create a function for binding in the table minor mode.
org-table.el,5303,function,orgtbl-error,missing,,Error when there is no default binding for a table key.
org-table.el,5382,function,orgtbl-setup,missing,,Setup orgtbl keymaps.
org-table.el,5393,command,orgtbl-ctrl-c-ctrl-c,missing,,"If the cursor is inside a table, realign the table."
org-table.el,5424,command,orgtbl-create-or-convert-from-region,missing,,"Create table or convert region to table, if no conflicting binding."
org-table.el,5434,command,orgtbl-tab,missing,,Justification and field motion for `orgtbl-mode'.
org-table.el,5441,command,orgtbl-ret,missing,,Justification and field motion for `orgtbl-mode'.
org-table.el,5449,command,orgtbl-self-insert-command,missing,,"Like `self-insert-command', use `overwrite-mode' for whitespace in tables."
org-table.el,5497,function,orgtbl-gather-send-defs,missing,,"Gather a plist of :name, :transform, :params for each destination before"
org-table.el,5516,function,orgtbl-send-replace-tbl,missing,,Find and replace table NAME with TEXT.
org-table.el,5536,function,org-table-to-lisp,missing,,Convert the table at point to a Lisp structure.
org-table.el,5577,function,org-table-collapse-header,missing,,Collapse the lines before `hline' into a single header.
org-table.el,5602,command,orgtbl-send-table,missing,,Send a transformed version of table at point to the receiver position.
org-table.el,5629,function,org-remove-by-index,missing,,Remove the elements in LIST with indices in INDICES.
org-table.el,5641,command,orgtbl-toggle-comment,missing,,Comment or uncomment the orgtbl at point.
org-table.el,5666,command,orgtbl-insert-radio-table,missing,,Insert a radio table template appropriate for this major mode.
org-table.el,5681,function,orgtbl--skip,missing,,Extract first X table rows from AST.
org-table.el,5697,function,orgtbl--skipcols,missing,,Extract first X table columns from AST.
org-table.el,5718,function,orgtbl-to-generic,missing,,Convert the `orgtbl-mode' TABLE to some other format.
org-table.el,5890,function,org-table--generic-apply,missing,,
org-table.el,5905,function,org-table--to-generic-table,missing,,Return custom table transcoder according to PARAMS.
org-table.el,5921,function,org-table--to-generic-row,missing,,Return custom table row transcoder according to PARAMS.
org-table.el,6015,function,org-table--to-generic-cell,missing,,Return custom table cell transcoder according to PARAMS.
org-table.el,6084,function,orgtbl-to-tsv,missing,,Convert the `orgtbl-mode' TABLE to TAB separated material.
org-table.el,6089,function,orgtbl-to-csv,missing,,Convert the `orgtbl-mode' TABLE to CSV material.
org-table.el,6097,function,orgtbl-to-latex,missing,,Convert the `orgtbl-mode' TABLE to LaTeX.
org-table.el,6130,function,orgtbl-to-html,missing,,Convert the `orgtbl-mode' TABLE to HTML.
org-table.el,6161,function,orgtbl-to-texinfo,missing,,Convert the `orgtbl-mode' TABLE to Texinfo.
org-table.el,6192,function,orgtbl-to-orgtbl,missing,,Convert the `orgtbl-mode' TABLE into another `orgtbl-mode' table.
org-table.el,6207,function,orgtbl-to-table.el,missing,,Convert the `orgtbl-mode' TABLE into a table.el table.
org-table.el,6225,function,orgtbl-to-unicode,missing,,Convert the `orgtbl-mode' TABLE into a table with unicode characters.
org-table.el,6261,function,orgtbl-ascii-draw,missing,,Draw an ascii bar in a table.
org-table.el,6285,command,orgtbl-ascii-plot,missing,,Draw an ASCII bar plot in a column.
org-table.el,6341,function,orgtbl-uc-draw-grid,missing,,Draw a bar in a table using block unicode characters.
org-table.el,6351,function,orgtbl-uc-draw-cont,missing,,Draw a bar in a table using block unicode characters.
org-table.el,6359,function,org-table-get-remote-range,missing,,Get a field value or a list of values in a range from table at ID.
org-table.el,6415,function,org-table-remote-reference-indirection,missing,,Return formula with table remote references substituted by indirection.
org-table.el,6438,macro,org-define-lookup-function,missing,,
org-table.el,,command,orgtbl-hijacker-command-14,missing,,"In tables, run `org-table-toggle-coordinate-overlays'."
org-table.el,,command,orgtbl-hijacker-command-26,missing,,"In tables, run `org-table-beginning-of-field'."
org-table.el,,command,orgtbl-hijacker-command-106,missing,,"In tables, run `org-table-wrap-region'."
org-table.el,,command,orgtbl-hijacker-command-4,missing,,"In tables, run `org-table-insert-column'."
org-table.el,,command,orgtbl-hijacker-command-10,missing,,"In tables, run `org-table-copy-region'."
org-table.el,,command,orgtbl-hijacker-command-22,missing,,"In tables, run `org-table-edit-formulas'."
org-table.el,,command,orgtbl-hijacker-command-100,missing,,"In tables, run `orgtbl-ret'."
org-table.el,,option,orgtbl-mode-hook,missing,,Hook run after entering or leaving `orgtbl-mode'.
org-table.el,,command,orgtbl-hijacker-command-17,missing,,"In tables, run `org-table-copy-down'."
org-table.el,,function,org-lookup-last,missing,,Find last occurrence of VAL in S-LIST; return corresponding element of R-LIST.
org-table.el,,command,orgtbl-hijacker-command-101,missing,,"In tables, run `orgtbl-ret'."
org-table.el,,command,orgtbl-hijacker-command-8,missing,,"In tables, run `org-table-move-row-down'."
org-table.el,,command,orgtbl-hijacker-command-1,missing,,"In tables, run `org-table-delete-column'."
org-table.el,,command,orgtbl-hijacker-command-13,missing,,"In tables, run `org-table-insert-hline'."
org-table.el,,command,orgtbl-hijacker-command-25,missing,,"In tables, run `org-table-sort-lines'."
org-table.el,,command,orgtbl-hijacker-command-105,missing,,"In tables, run `org-table-wrap-region'."
org-table.el,,command,orgtbl-hijacker-command-16,missing,,"In tables, run `org-table-next-row'."
org-table.el,,command,orgtbl-hijacker-command-104,missing,,"In tables, run `org-table-previous-field'."
org-table.el,,command,orgtbl-hijacker-command-5,missing,,"In tables, run `org-table-kill-row'."
org-table.el,,command,orgtbl-hijacker-command-21,missing,,"In tables, run `org-table-eval-formula'."
org-table.el,,function,org-lookup-all,missing,,Find all occurrences of VAL in S-LIST; return corresponding elements of R-LIST.
org-table.el,,command,orgtbl-hijacker-command-109,missing,,"In tables, run `org-delete-backward-char'."
org-table.el,,command,orgtbl-hijacker-command-12,missing,,"In tables, run `org-table-wrap-region'."
org-table.el,,command,orgtbl-hijacker-command-108,missing,,"In tables, run `org-table-previous-field'."
org-table.el,,command,orgtbl-hijacker-command-9,missing,,"In tables, run `org-table-cut-region'."
org-table.el,,function,org-lookup-first,missing,,Find first occurrence of VAL in S-LIST; return corresponding element of R-LIST.
org-table.el,,command,orgtbl-hijacker-command-19,missing,,"In tables, run `org-table-blank-field'."
org-table.el,,command,orgtbl-hijacker-command-2,missing,,"In tables, run `org-table-move-column-left'."
org-table.el,,command,orgtbl-hijacker-command-28,missing,,"In tables, run `org-table-rotate-recalc-marks'."
org-table.el,,command,orgtbl-hijacker-command-15,missing,,"In tables, run `org-table-toggle-formula-debugger'."
org-table.el,,command,orgtbl-hijacker-command-103,missing,,"In tables, run `orgtbl-tab'."
org-table.el,,command,orgtbl-hijacker-command-6,missing,,"In tables, run `org-table-insert-row'."
org-table.el,,command,orgtbl-hijacker-command-24,missing,,"In tables, run `org-table-recalculate'."
org-table.el,,option,org-table-header-line-mode-hook,missing,,Hook run after entering or leaving `org-table-header-line-mode'.
org-table.el,,command,orgtbl-hijacker-command-11,missing,,"In tables, run `org-table-paste-rectangle'."
org-table.el,,command,orgtbl-hijacker-command-107,missing,,"In tables, run `org-table-previous-field'."
org-table.el,,command,orgtbl-hijacker-command-20,missing,,"In tables, run `org-table-sum'."
org-table.el,,command,orgtbl-hijacker-command-3,missing,,"In tables, run `org-table-move-column-right'."
org-table.el,,command,orgtbl-hijacker-command-27,missing,,"In tables, run `org-table-end-of-field'."
org-table.el,,command,org-table-fedit-menu,missing,,Org Edit Formulas Menu.
org-table.el,,command,orgtbl-hijacker-command-18,missing,,"In tables, run `org-table-field-info'."
org-table.el,,command,orgtbl-hijacker-command-102,missing,,"In tables, run `orgtbl-tab'."
org-table.el,,command,orgtbl-mode-menu,missing,,OrgTbl menu.
org-table.el,,command,orgtbl-hijacker-command-7,missing,,"In tables, run `org-table-move-row-up'."
org-table.el,,option,org-table-follow-field-mode-hook,missing,,Hook run after entering or leaving `org-table-follow-field-mode'.
org-table.el,,command,orgtbl-hijacker-command-23,missing,,"In tables, run `org-table-edit-field'."
org-tempo.el,59,option,org-tempo-keywords-alist,missing,,Keyword completion elements.
org-tempo.el,81,function,org-tempo-setup,missing,,Setup tempo tags and match finder for the current buffer.
org-tempo.el,87,function,org-tempo--keys,missing,,"Return a list of all Org Tempo expansion strings, like ""<s""."
org-tempo.el,93,function,org-tempo--update-maybe,missing,,Check and add new Org Tempo templates if necessary.
org-tempo.el,102,function,org-tempo-add-templates,missing,,Update all Org Tempo templates.
org-tempo.el,120,function,org-tempo-add-block,missing,,Add block ENTRY from `org-structure-template-alist'.
org-tempo.el,141,function,org-tempo-add-keyword,missing,,Add keyword ENTRY from `org-tempo-keywords-alist'.
org-tempo.el,151,function,org-tempo-complete-tag,missing,,Look for a tag and expand it silently.
org-tempo.el,164,function,org-tempo--include-file,missing,,Add #+include: and a file name.
org-timer.el,62,option,org-timer-format,missing,,The format to insert the time of the timer.
org-timer.el,69,option,org-timer-default-timer,missing,,"The default timer when a timer is set, in minutes or hh:mm:ss format."
org-timer.el,77,option,org-timer-display,missing,,"Define where running timer is displayed, if at all."
org-timer.el,113,command,org-timer-start,missing,,Set the starting time for the relative timer to now.
org-timer.el,153,command,org-timer-pause-or-continue,missing,,Pause or continue the relative or countdown timer.
org-timer.el,186,command,org-timer-stop,missing,,Stop the relative or countdown timer.
org-timer.el,201,command,org-timer,missing,,Insert a H:MM:SS string from the timer into the buffer.
org-timer.el,224,function,org-timer-value-string,missing,,Return current timer string.
org-timer.el,233,command,org-timer-change-times-in-region,missing,,Change all h:mm:ss time in region BEG..END by a DELTA.
org-timer.el,259,command,org-timer-item,missing,,Insert a description-type item with the current timer value.
org-timer.el,285,function,org-timer-fix-incomplete,missing,,"If HMS is a H:MM:SS string with missing hour or hour and minute, fix it."
org-timer.el,296,function,org-timer-hms-to-secs,missing,,Convert h:mm:ss (HMS) string to an integer time.
org-timer.el,310,function,org-timer-secs-to-hms,missing,,Convert integer S into h:mm:ss.
org-timer.el,323,function,org-timer-set-mode-line,missing,,Set the mode-line display for relative or countdown timer.
org-timer.el,375,function,org-timer-update-mode-line,missing,,Update the timer time in the mode line.
org-timer.el,383,command,org-timer-show-remaining-time,missing,,Display the remaining time before the timer ends.
org-timer.el,397,command,org-timer-set-timer,missing,,Prompt for a duration in minutes or hh:mm:ss and set a timer.
org-timer.el,465,function,org-timer--run-countdown-timer,missing,,Start countdown timer that will last SECS.
org-timer.el,479,function,org-timer--get-timer-title,missing,,Construct timer title.
org-version.el,5,function,org-release,missing,,The release version of Org.
org-version.el,11,function,org-git-version,missing,,The Git version of Org mode.
org.el,106,command,org-global-cycle,missing,,Cycle the global visibility.  For details see `org-cycle'.
org.el,107,command,org-overview,missing,,"Switch to overview mode, showing only top-level headlines."
org.el,108,command,org-content,missing,,"Show all headlines in the buffer, like a table of contents."
org.el,109,command,org-reveal,missing,,"Show current entry, hierarchy above it, and the following headline."
org.el,110,command,org-force-cycle-archived,missing,,Cycle subtree even if it is archived.
org.el,138,function,org-make-priority-regexp,missing,,Generate a correct `org-priority-regexp' using `org-priority'
org.el,268,option,org-babel-load-languages,missing,,Languages which can be evaluated in Org buffers.
org.el,273,function,org-babel-do-load-languages,missing,,Load the languages defined in `org-babel-load-languages'.
org.el,287,command,org-babel-load-file,missing,,Load Emacs Lisp source code blocks in the Org FILE.
org.el,383,option,org-clone-delete-id,missing,,Remove ID property of clones of a subtree.
org.el,396,command,org-version,missing,,Show the Org version.
org.el,772,option,org-mode-hook,missing,,"Mode hook for Org mode, run after the mode was turned on."
org.el,777,option,org-load-hook,missing,,Hook that is run after org.el has been loaded.
org.el,786,option,org-log-buffer-setup-hook,missing,,Hook that is run after an Org log buffer is created.
org.el,792,option,org-modules,missing,,Modules that should always be loaded together with org.el.
org.el,797,function,org-load-modules-maybe,missing,,Load all extensions listed in `org-modules'.
org.el,805,function,org-set-modules,missing,,Set VAR to VALUE and call `org-load-modules-maybe' with the force flag.
org.el,896,option,org-export-backends,missing,,List of export backends that should be always available.
org.el,988,function,org-load-export-backends,missing,,Load all the export backends from `org-export-backends'.
org.el,1000,option,org-support-shift-select,missing,,Non-nil means make shift-cursor commands select text when possible.
org.el,1052,option,org-loop-over-headlines-in-active-region,missing,,Shall some commands act upon headlines in the active region?
org.el,1082,option,org-edit-keep-region,missing,,Shall some Org editing commands keep region active?
org.el,1107,function,org--deactivate-mark,missing,,Return non-nil when `this-command' should deactivate mark upon completion.
org.el,1121,option,org-startup-folded,missing,,Initial folding state of headings when entering Org mode.
org.el,1171,option,org-startup-truncated,missing,,Non-nil means entering Org mode will set `truncate-lines'.
org.el,1187,option,org-startup-indented,missing,,Non-nil means turn on `org-indent-mode' on startup.
org.el,1199,option,org-startup-numerated,missing,,Non-nil means turn on `org-num-mode' on startup.
org.el,1212,option,org-use-sub-superscripts,missing,,"Non-nil means interpret ""_"" and ""^"" for display."
org.el,1250,option,org-startup-with-beamer-mode,missing,,Non-nil means turn on `org-beamer-mode' on startup.
org.el,1260,option,org-startup-align-all-tables,missing,,Non-nil means align all tables when visiting a file.
org.el,1269,option,org-startup-shrink-all-tables,missing,,Non-nil means shrink all table columns with a width cookie.
org.el,1288,option,org-startup-with-link-previews,missing,,Non-nil means show link previews when loading a new Org file.
org.el,1298,option,org-startup-with-latex-preview,missing,,Non-nil means preview LaTeX fragments when loading a new Org file.
org.el,1330,option,org-insert-mode-line-in-empty-file,missing,,Non-nil means insert the first line setting Org mode in empty files.
org.el,1340,option,org-ellipsis,missing,,The ellipsis to use in the Org mode outline.
org.el,1356,option,org-directory,missing,,Directory with Org files.
org.el,1372,option,org-default-notes-file,missing,,Default target for storing notes.
org.el,1380,option,org-reverse-note-order,missing,,Non-nil means store new notes at the beginning of a file or entry.
org.el,1398,option,org-closed-keep-when-no-todo,missing,,Remove CLOSED: timestamp when switching back to a non-todo state?
org.el,1411,option,org-indirect-buffer-display,missing,,How should indirect tree buffers be displayed?
org.el,1462,option,org-file-apps,missing,,Applications for opening `file:path' items in a document.
org.el,1578,option,org-resource-download-policy,missing,,The policy applied to requests to obtain remote resources.
org.el,1600,option,org-safe-remote-resources,missing,,A list of regexp patterns matching safe URIs.
org.el,1608,option,org-open-non-existing-files,missing,,Non-nil means `org-open-file' opens non-existing files.
org.el,1620,option,org-open-directory-means-index-dot-org,missing,,"When non-nil a link to a directory really means to ""index.org""."
org.el,1628,option,org-bookmark-names-plist,missing,,Names for bookmarks automatically set by some Org commands.
org.el,1648,option,org-odd-levels-only,missing,,Non-nil means skip even levels and only use odd levels for the outline.
org.el,1664,option,org-adapt-indentation,partial,planning line indentation (org-add-planning-info),Non-nil means adapt indentation to outline node level.
org.el,1702,option,org-special-ctrl-a/e,missing,,Non-nil means `C-a' and `C-e' behave specially in headlines and items.
org.el,1740,option,org-special-ctrl-k,missing,,Non-nil means that \<org-mode-map>\[org-kill-line] will behave specially in headlines.
org.el,1753,option,org-ctrl-k-protect-subtree,missing,,"Non-nil means, do not delete a hidden subtree with `C-k'."
org.el,1766,option,org-special-ctrl-o,missing,,"Non-nil means, make `open-line' (\[open-line]) insert a row in tables."
org.el,1771,option,org-yank-folded-subtrees,missing,,"Non-nil means when yanking subtrees, fold them."
org.el,1780,option,org-yank-adjusted-subtrees,missing,,"Non-nil means when yanking subtrees, adjust the level."
org.el,1787,option,org-M-RET-may-split-line,missing,,Non-nil means M-RET will split the line at the cursor position.
org.el,1813,option,org-insert-heading-respect-content,missing,,Non-nil means insert new headings after the current subtree.
org.el,1813,command,org-insert-heading-respect-content,missing,,Insert heading with `org-insert-heading-respect-content' set to t.
org.el,1823,option,org-blank-before-new-entry,missing,,Should `org-insert-heading' leave a blank line before new heading/item?
org.el,1841,option,org-insert-heading-hook,missing,,Hook being run after inserting a new heading.
org.el,1851,option,org-highlight-sparse-tree-matches,missing,,Non-nil means highlight all matches that define a sparse tree.
org.el,1859,option,org-remove-highlights-with-change,missing,,Non-nil means any change to the buffer will remove temporary highlights.
org.el,1871,option,org-occur-case-fold-search,missing,,Non-nil means `org-occur' should be case-insensitive.
org.el,1882,option,org-occur-hook,missing,,Hook that is run after `org-occur' has constructed a sparse tree.
org.el,1889,option,org-self-insert-cluster-for-undo,missing,,Non-nil means cluster self-insert commands for undo when possible.
org.el,1898,option,org-highlight-links,missing,,Types of links that should be highlighted in Org files.
org.el,1931,option,org-mark-ring-length,missing,,Number of different positions to be recorded in the ring.
org.el,1953,option,org-todo-keywords,missing,,List of TODO entry keyword sequences and their interpretation.
org.el,2041,option,org-todo-interpretation,missing,,Controls how TODO keywords are interpreted.
org.el,2052,option,org-use-fast-todo-selection,missing,,\<org-mode-map>Non-nil means use the fast todo selection scheme with `\[org-todo]'.
org.el,2082,option,org-provide-todo-statistics,missing,,Non-nil means update todo statistics after insert and toggle.
org.el,2105,option,org-todo-children-only-statistics,missing,,Non-nil means TODO statistics covers just direct children.
org.el,2115,option,org-after-todo-state-change-hook,missing,,Hook which is run after the state of a TODO item was changed.
org.el,2122,option,org-after-note-stored-hook,missing,,Hook triggered after a note is stored.
org.el,2159,option,org-enforce-todo-dependencies,missing,,Non-nil means undone TODO entries will block switching the parent to DONE.
org.el,2175,option,org-enforce-todo-checkbox-dependencies,missing,,Non-nil means unchecked boxes will block switching the parent to DONE.
org.el,2193,option,org-treat-insert-todo-heading-as-state-change,missing,,Non-nil means inserting a TODO heading is treated as state change.
org.el,2201,option,org-treat-S-cursor-todo-selection-as-state-change,missing,,Non-nil means switching TODO states with S-cursor counts as state change.
org.el,2209,option,org-todo-state-tags-triggers,missing,,Tag changes that should be triggered by TODO state changes.
org.el,2230,option,org-log-done,missing,,Information to record when a task moves to the DONE state.
org.el,2260,option,org-log-reschedule,partial,read by org-schedule; the note is a time::LogRequest taken by the logging module via org-add-log-setup,Information to record when the scheduling date of a task is modified.
org.el,2287,option,org-log-redeadline,partial,read by org-deadline; note via time::LogRequest / org-add-log-setup,Information to record when the deadline date of a task is modified.
org.el,2314,option,org-log-note-clock-out,missing,,Non-nil means record a note when clocking out of an item.
org.el,2325,option,org-log-done-with-time,partial,CLOSED stamps of time::add_planning_info,Non-nil means the CLOSED time stamp will contain date and time.
org.el,2331,option,org-log-note-headings,missing,,Headings for notes added to entries.
org.el,2379,option,org-log-into-drawer,missing,,Non-nil means insert state change notes and time stamps into a drawer.
org.el,2379,function,org-log-into-drawer,missing,,"Name of the log drawer, as a string, or nil."
org.el,2423,option,org-log-state-notes-insert-after-drawers,missing,,Non-nil means insert state change notes after any drawers in entry.
org.el,2436,option,org-log-states-order-reversed,missing,,Non-nil means the latest state note will be directly after heading.
org.el,2448,option,org-todo-repeat-to-state,missing,,The TODO state to which a repeater should return the repeating task.
org.el,2462,option,org-log-repeat,missing,,Non-nil means record moving through the DONE state when triggering repeat.
org.el,2489,option,org-todo-repeat-hook,missing,,Hook that is run after a task has been repeated.
org.el,2501,option,org-priority-enable-commands,missing,,Non-nil means priority commands are active.
org.el,2509,option,org-priority-highest,missing,,The highest priority of TODO items.
org.el,2532,option,org-priority-lowest,missing,,The lowest priority of TODO items.
org.el,2555,option,org-priority-default,missing,,The default priority of TODO items.
org.el,2571,option,org-priority-start-cycle-with-default,missing,,Non-nil means start with default priority when starting to cycle.
org.el,2580,option,org-priority-get-priority-function,missing,,Function to extract the priority from a string.
org.el,2601,option,org-timestamp-rounding-minutes,done,"time::stamp::rounding_minutes (first: inserting, second: S-up/S-down)",Number of minutes to round time stamps to.
org.el,2632,option,org-display-custom-times,adapted,"per-buffer flag time::display_custom_times (option, #+STARTUP customtime, toggle); renderer uses stamp::custom_overlays",Non-nil means overlay custom formats over all time stamps.
org.el,2642,option,org-timestamp-custom-formats,done,time::stamp::custom_formats,Custom formats for time stamps.
org.el,2664,function,org-time-stamp-format,done,"time::stamp::time_stamp_format(with_time, Brackets, custom)",Get timestamp format for a time string.
org.el,2695,option,org-deadline-warning-days,done,"org-get-wdays, org-check-deadlines",Number of days before expiration during which a deadline becomes active.
org.el,2706,option,org-scheduled-delay-days,done,org-get-wdays with delay,Number of days before a scheduled item becomes active.
org.el,2721,option,org-read-date-prefer-future,done,"t, nil, time in read::analyze",Non-nil means assume future for incomplete date input from user.
org.el,2750,option,org-agenda-jump-prefer-future,missing,,Should the agenda jump command prefer the future for incomplete dates?
org.el,2764,option,org-read-date-force-compatible-dates,done,1970-2037 forcing with message,Should date/time prompt force dates that are guaranteed to work in Emacs?
org.el,2795,option,org-read-date-display-live,done,live interpretation in the prompt text,Non-nil means display current interpretation of date prompt live.
org.el,2806,option,org-read-date-popup-calendar,adapted,no calendar window; calendar keys move a virtual calendar date in the prompt,Non-nil means pop up a calendar when prompting for a date.
org.el,2814,option,org-extend-today-until,done,"org-read-date default, org-today, repeaters, closest-date",The hour when your day really ends.  Must be an integer.
org.el,2829,option,org-use-effective-time,done,time::current_effective_time,"If non-nil, consider `org-extend-today-until' when creating timestamps."
org.el,2838,option,org-use-last-clock-out-time-as-effective-time,partial,needs the clock module's last clock-out; not consulted,"When non-nil, use the last clock out time for `org-todo'."
org.el,2847,option,org-edit-timestamp-down-means-later,partial,for the org-shiftup/org-shiftdown dispatcher (not in time.rs),Non-nil means S-down will increase the time in a time stamp.
org.el,2853,option,org-calendar-follow-timestamp-change,adapted,timestamp changes move the virtual calendar date when set,Non-nil means make the calendar window follow timestamp changes.
org.el,2865,option,org-tag-alist,missing,,Default tags available in Org files.
org.el,2902,option,org-tag-persistent-alist,missing,,Tags always available in Org files.
org.el,2937,option,org-complete-tags-always-offer-all-agenda-tags,missing,,"If non-nil, always offer completion for all tags of all agenda files."
org.el,2956,option,org-use-fast-tag-selection,missing,,Non-nil means use fast tag selection scheme.
org.el,2971,option,org-fast-tag-selection-single-key,missing,,Non-nil means fast tag selection exits after first change.
org.el,2987,option,org-fast-tag-selection-maximum-tags,missing,,Set the maximum tags number for fast tag selection.
org.el,3006,option,org-tags-column,missing,,The column to which tags should be indented in a headline.
org.el,3016,option,org-auto-align-tags,missing,,Non-nil keeps tags aligned when modifying headlines.
org.el,3024,option,org-use-tag-inheritance,missing,,Non-nil means tags in levels apply also for sublevels.
org.el,3044,option,org-tags-exclude-from-inheritance,missing,,List of tags that should never be inherited.
org.el,3052,function,org-tag-inherit-p,missing,,Check if TAG is one that should be inherited.
org.el,3064,option,org-tags-match-list-sublevels,missing,,Non-nil means list also sublevels of headlines matching a search.
org.el,3086,option,org-tags-sort-function,missing,,"When set, tags are sorted using this function as a comparator."
org.el,3127,option,org-property-format,missing,,How property key/value pairs should be formatted by `indent-line'.
org.el,3135,option,org-properties-postprocess-alist,missing,,Alist of properties and functions to adjust inserted values.
org.el,3159,option,org-use-property-inheritance,missing,,Non-nil means properties apply also for sublevels.
org.el,3189,function,org-property-inherit-p,missing,,Return a non-nil value if PROPERTY should be inherited.
org.el,3200,option,org-property-separators,missing,,An alist to control how properties are combined.
org.el,3217,function,org--property-get-separator,missing,,Get the separator to use for combining PROPERTY.
org.el,3229,option,org-columns-default-format,missing,,"The default column format, if no other format has been defined."
org.el,3237,option,org-columns-default-format-for-agenda,missing,,The default column format in an agenda buffer.
org.el,3249,option,org-columns-ellipses,missing,,The ellipses to be used when a field in column view is truncated.
org.el,3272,option,org-global-properties,missing,,List of property/value pairs that can be inherited by any entry.
org.el,3330,option,org-agenda-files,missing,,The files to be used for agenda display.
org.el,3330,function,org-agenda-files,missing,,Get the list of agenda files.
org.el,3349,option,org-agenda-file-regexp,missing,,Regular expression to match files for `org-agenda-files'.
org.el,3360,option,org-agenda-text-search-extra-files,missing,,List of extra files to be searched by text search commands.
org.el,3377,option,org-agenda-skip-unavailable-files,missing,,Non-nil means to just skip non-reachable files in `org-agenda-files'.
org.el,3388,option,org-format-latex-options,missing,,Options for creating images from LaTeX fragments.
org.el,3414,option,org-format-latex-signal-error,missing,,Non-nil means signal an error when image creation of LaTeX snippets fails.
org.el,3421,option,org-latex-to-mathml-jar-file,missing,,"Value of""%j"" in `org-latex-to-mathml-convert-command'."
org.el,3433,option,org-latex-to-mathml-convert-command,missing,,Command to convert LaTeX fragments to MathML.
org.el,3458,option,org-latex-to-html-convert-command,missing,,Shell command to convert LaTeX fragments to HTML.
org.el,3476,option,org-preview-latex-default-process,missing,,The default process to convert LaTeX fragments to image files.
org.el,3485,option,org-preview-latex-process-alist,missing,,Definitions of external processes for LaTeX previewing.
org.el,3587,option,org-preview-latex-image-directory,missing,,Path to store latex preview images.
org.el,3597,option,org-latex-mathml-directory,missing,,Path to store MathML files converted from LaTeX fragments.
org.el,3607,function,org-format-latex-mathml-available-p,missing,,Return t if `org-latex-to-mathml-convert-command' is usable.
org.el,3620,option,org-format-latex-header,missing,,The document header used for processing LaTeX fragments.
org.el,3647,function,org-set-packages-alist,missing,,Set the packages alist and make sure it has 3 elements per entry.
org.el,3655,function,org-get-packages-alist,missing,,Get the packages alist and make sure it has 3 elements per entry.
org.el,3663,option,org-latex-default-packages-alist,missing,,Alist of default packages to be inserted in the header.
org.el,3741,option,org-latex-packages-alist,missing,,Alist of packages to be inserted in every LaTeX header.
org.el,3790,option,org-level-color-stars-only,missing,,Non-nil means fontify only the stars in each headline.
org.el,3798,option,org-hide-leading-stars,missing,,Non-nil means hide the first N-1 stars in a headline.
org.el,3814,option,org-hidden-keywords,missing,,List of symbols corresponding to keywords to be hidden in the Org buffer.
org.el,3826,option,org-custom-properties,missing,,List of properties (as strings) with a special meaning.
org.el,3835,option,org-fontify-todo-headline,missing,,Non-nil means change the face of a headline if it is marked as TODO.
org.el,3845,option,org-fontify-done-headline,missing,,Non-nil means change the face of a headline if it is marked DONE.
org.el,3854,option,org-fontify-emphasized-text,missing,,"Non-nil means fontify *bold*, /italic/ and _underlined_ text."
org.el,3860,option,org-fontify-whole-heading-line,missing,,Non-nil means fontify the whole line for headings.
org.el,3867,option,org-fontify-whole-block-delimiter-line,missing,,Non-nil means fontify the whole line for begin/end lines of blocks.
org.el,3874,option,org-highlight-latex-and-related,missing,,Non-nil means highlight LaTeX related syntax in the buffer.
org.el,3893,option,org-hide-emphasis-markers,missing,,Non-nil means font-lock should hide the emphasis marker characters.
org.el,3899,option,org-hide-macro-markers,missing,,Non-nil means font-lock should hide the brackets marking macro calls.
org.el,3904,option,org-pretty-entities,missing,,Non-nil means show entities as UTF8 characters.
org.el,3911,option,org-pretty-entities-include-sub-superscripts,missing,,Non-nil means pretty entity display includes formatting sub/superscripts.
org.el,3932,option,org-emphasis-alist,missing,,Alist of characters and faces to emphasize text.
org.el,3933,function,org-set-emph-re,missing,,Set variable and compute the emphasis regular expression.
org.el,4064,function,org-clocking-buffer,missing,,Return the buffer where the clock is currently running.
org.el,4068,function,org-clock-is-active,missing,,Return the buffer where the clock is currently running.
org.el,4070,function,org-check-running-clock,missing,,Check if the current buffer contains the running clock.
org.el,4080,function,org-clocktable-try-shift,missing,,"Check if this line starts a clock table, if yes, shift the time block."
org.el,4086,function,org-clock-persistence-insinuate,missing,,Set up hooks for clock persistence.
org.el,4092,function,org-clock-auto-clockout-insinuate,missing,,Set up hook for auto clocking out when Emacs is idle.
org.el,4105,option,org-archive-location,missing,,The location where subtrees should be archived.
org.el,4163,option,org-agenda-skip-archived-trees,missing,,Non-nil means the agenda will skip any items located in archived trees.
org.el,4172,option,org-columns-skip-archived-trees,missing,,Non-nil means ignore archived trees when creating column view.
org.el,4178,option,org-sparse-tree-open-archived-trees,partial,date sparse trees (time::occur),Non-nil means sparse tree construction shows matches in archived trees.
org.el,4186,option,org-sparse-tree-default-date-type,missing,,The default date type when building a sparse tree.
org.el,4207,command,org-advertized-archive-subtree,missing,,Move the current subtree to the archive.
org.el,4385,option,org-group-tags,missing,,"When non-nil (the default), use group tags."
org.el,4394,command,org-toggle-tags-groups,missing,,Toggle support for group tags.
org.el,4408,function,org--tag-add-to-alist,missing,,Merge tags from ALIST1 into ALIST2.
org.el,4442,function,org-tags-sort,missing,,Sort tags TAG1 and TAG2 according to the value of `org-tags-sort-function'.
org.el,4461,function,org-tags-sort-hierarchy,missing,,Sort tags TAG1 and TAG2 by the tag hierarchy.
org.el,4498,function,org-priority-to-value,missing,,Convert priority string S to its numeric value.
org.el,4505,function,org-set-regexps-and-options,missing,,Precompute regular expressions used in the current buffer.
org.el,4715,function,org-collect-keywords,missing,,"Return values for KEYWORDS in current buffer, as an alist."
org.el,4752,function,org--collect-keywords-1,missing,,
org.el,4803,function,org-tag-string-to-alist,missing,,Return tag alist associated to string S.
org.el,4840,function,org-tag-alist-to-string,missing,,Return tag string associated to ALIST.
org.el,4869,function,org-tag-alist-to-groups,missing,,Return group alist from tag ALIST.
org.el,4894,function,org-reset-file-cache,missing,,Reset the cache of files downloaded by `org-file-contents'.
org.el,4898,function,org-file-contents,missing,,"Return the contents of FILE, as a string."
org.el,4959,function,org--should-fetch-remote-resource-p,missing,,Return non-nil if the URI should be fetched.
org.el,4966,function,org--safe-remote-resource-p,missing,,Return non-nil if URI is considered safe.
org.el,4980,function,org--confirm-resource-safe,missing,,"Ask the user if URI should be considered safe, returning non-nil if so."
org.el,5049,function,org-extract-log-state-settings,missing,,Extract the log state setting from a TODO keyword string.
org.el,5061,function,org-remove-keyword-keys,missing,,Remove a pair of parenthesis at the end of each string in LIST.
org.el,5069,function,org-assign-fast-keys,missing,,Assign fast keys to a keyword-key alist.
org.el,5103,command,org-org-menu,missing,,Org menu.
org.el,5104,command,org-tbl-menu,missing,,Org Table menu.
org.el,5108,function,org-before-change-function,missing,,Every change indicates that a table might need an update.
org.el,5164,function,org--set-tab-width,missing,,Set `tab-width' to be 8.
org.el,5169,command,org-mode,missing,,"Outline-based notes management and organizer, alias"
org.el,5411,function,org-find-invisible-foreground,missing,,
org.el,5425,function,org-current-time,done,"time::read::current_time(rounding, past)","Current time, possibly rounded to ROUNDING-MINUTES."
org.el,5444,function,org-today,done,time::today,"Return today date, considering `org-extend-today-until'."
org.el,5454,function,org-create-multibrace-regexp,missing,,Create a regular expression which will match a balanced sexp.
org.el,5493,function,org-rear-nonsticky-at,missing,,
org.el,5514,function,org-do-emphasis-faces,missing,,Run through the buffer and emphasize strings.
org.el,5576,command,org-emphasize,missing,,"Insert or change an emphasis, i.e. a font like bold or italic."
org.el,5621,option,org-activate-links,missing,,Types of links that should be highlighted in Org files.
org.el,5621,function,org-activate-links,missing,,Add link properties to links.
org.el,5700,function,org-activate-code,missing,,
org.el,5707,option,org-src-fontify-natively,missing,,"When non-nil, fontify code in code blocks."
org.el,5716,option,org-allow-promoting-top-level-subtree,missing,,"When non-nil, allow promoting a top level subtree."
org.el,5724,function,org-fontify-meta-lines-and-blocks,missing,,
org.el,5731,function,org-fontify-meta-lines-and-blocks-1,missing,,Fontify #+ lines and blocks.
org.el,5869,function,org-fontify-drawers,missing,,Fontify drawers.
org.el,5878,function,org-fontify-macros,missing,,Fontify macros.
org.el,5897,function,org-fontify-extend-region,missing,,
org.el,5921,function,org-activate-footnote-links,missing,,Add text properties for footnotes.
org.el,5946,function,org-activate-dates,missing,,Add text properties for dates.
org.el,5962,function,org-activate-target-links,missing,,Add text properties for target matches.
org.el,5984,function,org-compute-latex-and-related-regexp,missing,,"Compute regular expression for LaTeX, entities and sub/superscript."
org.el,6009,function,org-do-latex-and-related,missing,,"Highlight LaTeX snippets and environments, entities and sub/superscript."
org.el,6055,function,org-restart-font-lock,missing,,"Restart `font-lock-mode', to force refontification."
org.el,6061,function,org-activate-tags,missing,,
org.el,6070,function,org-activate-folds,missing,,Arrange trailing newlines after folds to inherit face before the fold.
org.el,6089,function,org-outline-level,missing,,Compute the outline level of the heading at point.
org.el,6104,function,org-re-property,missing,,Return a regexp matching a PROPERTY line.
org.el,6139,function,org-font-lock-hook,missing,,Run `org-font-lock-hook' within LIMIT.
org.el,6154,function,org-set-font-lock-defaults,missing,,Set font lock defaults for the current buffer.
org.el,6299,command,org-toggle-pretty-entities,missing,,Toggle the composition display of entities as UTF8 characters.
org.el,6316,command,org-toggle-custom-properties-visibility,missing,,Display or hide properties in `org-custom-properties'.
org.el,6343,function,org-fontify-entities,missing,,Find an entity to fontify.
org.el,6369,function,org-fontify-like-in-org-mode,missing,,Fontify string S like in Org mode.
org.el,6381,function,org-get-level-face,missing,,Get the right face for match N in font-lock matching of headlines.
org.el,6393,function,org-face-from-face-or-color,missing,,"Create a face list that inherits INHERIT, but sets the foreground color."
org.el,6402,function,org-get-todo-face,missing,,Get the right face for a TODO keyword KWD.
org.el,6411,function,org-get-priority-face,missing,,Get the right face for PRIORITY.
org.el,6418,function,org-get-tag-face,missing,,Get the right face for TAG.
org.el,6428,function,org-font-lock-add-priority-faces,missing,,Add the special priority faces.
org.el,6440,function,org-font-lock-add-tag-faces,missing,,Add the special tag faces.
org.el,6456,function,org-unfontify-region,missing,,Remove fontification and activation overlays from links.
org.el,6477,function,org-remove-font-lock-display-properties,missing,,Remove specific display properties that have been added by font lock.
org.el,6489,function,org-raise-scripts,missing,,Add raise properties to sub/superscripts.
org.el,6525,function,org-remove-empty-overlays-at,missing,,Remove outline overlays that do not contain non-white stuff.
org.el,6535,function,org-show-empty-lines-in-parent,missing,,Move to the parent and re-show empty lines before visible headlines.
org.el,6542,function,org-files-list,missing,,"Return `org-agenda-files' list, plus all open Org files."
org.el,6554,function,org-entry-beginning-position,missing,,Return the beginning position of the current entry.
org.el,6558,function,org-entry-end-position,missing,,Return the end position of the current entry.
org.el,6562,function,org-subtree-end-visible-p,missing,,Is the end of the current subtree visible?
org.el,6567,function,org-first-headline-recenter,missing,,Move cursor to the first headline and recenter the headline.
org.el,6588,command,org-tree-to-indirect-buffer,missing,,Create indirect buffer and narrow it to current subtree.
org.el,6658,function,org-get-indirect-buffer,missing,,Return an indirect buffer based on BUFFER.
org.el,6675,function,org-set-frame-title,missing,,Set the title of the current frame to the string TITLE.
org.el,6683,function,org--blank-before-heading-p,missing,,Non-nil when an empty line should precede a new heading here.
org.el,6706,command,org-insert-heading,missing,,Insert a new heading or an item with the same depth at point.
org.el,6850,function,org-N-empty-lines-before-current,missing,,Make the number of empty lines before current exactly N.
org.el,6863,function,org-get-heading,missing,,"Return the heading of the current entry, without the stars."
org.el,6896,function,org-heading-components,missing,,Return the components of the current heading.
org.el,6918,function,org-get-entry,missing,,"Get the entry text, after heading, entire subtree."
org.el,6924,command,org-edit-headline,missing,,Edit the current headline.
org.el,6951,command,org-insert-heading-after-current,missing,,"Insert a new heading with same level as current, after current subtree."
org.el,6964,command,org-insert-todo-heading-respect-content,missing,,"Call `org-insert-todo-heading', inserting after current subtree."
org.el,6972,command,org-insert-todo-heading,missing,,Insert a new heading with the same level and TODO state as current heading.
org.el,7009,command,org-insert-subheading,missing,,Insert a new subheading and demote it.
org.el,7022,command,org-insert-todo-subheading,missing,,Insert a new subheading with TODO keyword or checkbox and demote it.
org.el,7044,command,org-promote-subtree,missing,,Promote the entire subtree.
org.el,7054,command,org-demote-subtree,missing,,Demote the entire subtree.
org.el,7064,command,org-do-promote,missing,,Promote the current heading higher up the tree.
org.el,7077,command,org-do-demote,missing,,Demote the current heading lower down the tree.
org.el,7090,function,org-fix-position-after-promote,missing,,Fix cursor position and indentation after demoting/promoting.
org.el,7101,function,org-current-level,missing,,"Return the level of the current entry, or nil if before the first headline."
org.el,7110,function,org-get-previous-line-level,missing,,Return the outline depth of the last headline before the current line.
org.el,7119,function,org-reduced-level,missing,,Compute the effective level of a heading.
org.el,7127,function,org-level-increment,missing,,Return the number of stars that will be added or removed at a
org.el,7133,function,org-get-valid-level,missing,,Rectify a level change under the influence of `org-odd-levels-only'.
org.el,7145,function,org-promote,missing,,Promote the current heading higher up the tree.
org.el,7165,function,org-demote,missing,,Demote the current heading lower down the tree.
org.el,7180,command,org-cycle-level,missing,,Cycle the level of an empty headline through possible states.
org.el,7218,function,org-map-tree,missing,,Call FUN for every heading underneath the current one.
org.el,7230,function,org-map-region,missing,,Call FUN for every heading between BEG and END.
org.el,7248,function,org-fixup-indentation,missing,,Change the indentation in the current entry by DIFF.
org.el,7358,command,org-convert-to-odd-levels,missing,,Convert an Org file with all levels allowed to one with odd levels.
org.el,7374,command,org-convert-to-oddeven-levels,missing,,Convert an Org file with only odd levels to one with odd/even levels.
org.el,7398,function,org-tr-level,missing,,Make N odd if required.
org.el,7404,command,org-move-subtree-up,missing,,Move the current subtree up past ARG headlines of the same level.
org.el,7409,function,org-clean-visibility-after-subtree-move,missing,,Fix visibility issues after moving a subtree.
org.el,7439,command,org-move-subtree-down,missing,,Move the current subtree down past ARG headlines of the same level.
org.el,7506,command,org-cut-subtree,missing,,Cut the current subtree into the clipboard.
org.el,7513,command,org-copy-subtree,missing,,Copy the current subtree into the clipboard.
org.el,7558,command,org-paste-subtree,missing,,"Paste the clipboard as a subtree, with modification of headline level."
org.el,7683,function,org-kill-is-subtree-p,missing,,"Check if the current kill is an outline subtree, or a set of trees."
org.el,7714,function,org-save-markers-in-region,missing,,Check markers in region.
org.el,7729,function,org-check-and-save-marker,missing,,Check if MARKER is between BEG and END.
org.el,7738,function,org-reinstall-markers-in-region,missing,,Move all remembered markers to their position relative to BEG.
org.el,7744,command,org-narrow-to-subtree,missing,,Narrow buffer to the current subtree.
org.el,7768,command,org-toggle-narrow-to-subtree,missing,,Narrow to the subtree at point or widen a narrowed buffer.
org.el,7777,command,org-narrow-to-block,missing,,Narrow buffer to the current block.
org.el,7787,command,org-clone-subtree-with-time-shift,missing,,Clone the task (subtree) at point N times.
org.el,7909,function,org--get-outline-path-1,missing,,Return outline path to current headline.
org.el,7942,function,org-get-outline-path,missing,,Return the outline path to the current entry.
org.el,7965,function,org-format-outline-path,missing,,Format the outline path PATH for display.
org.el,7996,function,org-get-title,missing,,Collect title from the provided `org-mode' BUFFER-OR-FILE.
org.el,8010,command,org-display-outline-path,missing,,Display the current outline path in the echo area.
org.el,8047,command,org-sort,missing,,"Call `org-sort-entries', `org-table-sort-lines' or `org-sort-list'."
org.el,8057,function,org-sort-remove-invisible,missing,,Remove emphasis markers and any invisible property from string S.
org.el,8096,command,org-sort-entries,missing,,Sort entries on a certain level of an outline tree.
org.el,8348,function,org-contextualize-keys,missing,,Return valid elements in ALIST depending on CONTEXTS.
org.el,8400,function,org-contextualize-validate-key,missing,,Check CONTEXTS for agenda or capture KEY.
org.el,8427,function,org-string-collate-greaterp,missing,,Return non-nil if S1 is greater than S2 in collation order.
org.el,8432,function,org-run-like-in-org-mode,missing,,"Run a command, pretending that the current buffer is in Org mode."
org.el,8448,function,org-get-category,missing,,Get the category applying to position POS.
org.el,8460,function,org-refresh-properties,missing,,Refresh buffer text properties.
org.el,8483,function,org-refresh-property,missing,,Refresh the buffer text property TPROP from the drawer property P.
org.el,8511,function,org-refresh-category-properties,missing,,Refresh category text properties in the buffer.
org.el,8556,function,org-refresh-stats-properties,missing,,Refresh stats text properties in the buffer.
org.el,8573,function,org-refresh-effort-properties,missing,,Refresh effort properties.
org.el,8580,command,org-find-file-at-mouse,missing,,Open file link or URL at mouse.
org.el,8586,command,org-open-at-mouse,missing,,Open file link or URL at mouse.
org.el,8615,function,org--file-default-apps,missing,,Return the default applications for this operating system.
org.el,8622,function,org--file-apps-entry-locator-p,missing,,Non-nil if ENTRY should be matched against the link by `org-open-file'.
org.el,8639,function,org--file-apps-regexp-alist,missing,,Convert extensions to regular expressions in the cars of LIST.
org.el,8659,function,org--open-file-format-command,missing,,Format MAILCAP-COMMAND to launch viewer for the FILE.
org.el,8728,function,org-open-file,missing,,Open the file at PATH.
org.el,8874,command,org-open-at-point-global,missing,,Follow a link or a timestamp like Org mode does.
org.el,8912,command,org-open-at-point,missing,,Open thing at point.
org.el,9044,function,org-offer-links-in-entry,missing,,Offer links in the current entry and return the selected link.
org.el,9112,function,org--link-at-point,missing,,`thing-at-point' provider function.
org.el,9116,function,org--bounds-of-link-at-point,missing,,`bounds-of-thing-at-point' provider function.
org.el,9123,function,org--forward-sentence-thing-at-point-provider,missing,,`forward-thing' provider function.
org.el,9131,function,org-do-occur,missing,,Call the Emacs command `occur'.
org.el,9167,command,org-mark-ring-push,missing,,Put the current position into the mark ring and rotate it.
org.el,9182,command,org-mark-ring-goto,missing,,Jump to the previous position in the mark ring.
org.el,9204,function,org-follow-timestamp-link,missing,,Open an agenda view for the timestamp date/range at point.
org.el,9238,function,org-get-org-file,missing,,"Read a filename, with default directory `org-directory'."
org.el,9245,function,org-notes-order-reversed-p,missing,,Check if the current file should receive notes in reversed order.
org.el,9262,function,org-find-dblock,missing,,Find the first dynamic block with name NAME in the buffer.
org.el,9274,function,org-create-dblock,missing,,"Create a dynamic block section, with parameters taken from PLIST."
org.el,9291,function,org-prepare-dblock,missing,,Prepare dynamic block for refresh.
org.el,9316,function,org-map-dblocks,missing,,Apply COMMAND to all dynamic blocks in the current buffer.
org.el,9339,function,org-dynamic-block-function,missing,,Return function associated to a given dynamic block type.
org.el,9344,function,org-dynamic-block-types,missing,,List all defined dynamic block types.
org.el,9349,function,org-dynamic-block-define,missing,,Define dynamic block TYPE with FUNC.
org.el,9357,command,org-dynamic-block-insert-dblock,missing,,Insert a dynamic block of type TYPE.
org.el,9372,command,org-dblock-update,missing,,User command for updating dynamic blocks.
org.el,9383,command,org-update-dblock,missing,,Update the dynamic block at point.
org.el,9416,function,org-beginning-of-dblock,missing,,Find the beginning of the dynamic block at point.
org.el,9430,command,org-update-all-dblocks,missing,,Update all dynamic blocks in the buffer.
org.el,9441,function,org-get-export-keywords,missing,,Return a list of all currently understood export keywords.
org.el,9465,option,org-structure-template-alist,missing,,An alist of keys and block types.
org.el,9497,function,org--check-org-structure-template-alist,missing,,Check whether `org-structure-template-alist' is set up correctly.
org.el,9525,function,org--insert-structure-template-mks,missing,,Present `org-structure-template-alist' with `org-mks'.
org.el,9583,function,org--insert-structure-template-unique-keys,missing,,"Make a list of unique, two characters long elements from KEYS."
org.el,9608,command,org-insert-block-template,missing,,Insert a block structure of the type #+begin_foo/#+end_foo.
org.el,9609,command,org-insert-structure-template,missing,,Insert a block structure of the type #+begin_foo/#+end_foo.
org.el,9665,command,org-toggle-comment,missing,,Change the COMMENT state of an entry.
org.el,9700,function,org-current-effective-time,partial,time::current_effective_time (no last clock-out time),Return current time adjusted for `org-extend-today-until' variable.
org.el,9713,command,org-todo-yesterday,missing,,Like `org-todo' but the time of change will be 23:59 of yesterday.
org.el,9726,command,org-cancel-repeater,missing,,Cancel all the repeaters in entry by setting their numeric value to zero.
org.el,9727,command,org-cancel-repeaters,missing,,Cancel all the repeaters in entry by setting their numeric value to zero.
org.el,9747,command,org-todo,missing,,Change the TODO state of an item.
org.el,10007,function,org-block-todo-from-children-or-siblings-or-parent,missing,,"Block turning an entry into a TODO, using the hierarchy."
org.el,10076,option,org-track-ordered-property-with-tag,missing,,Should the ORDERED property also be shown as a tag?
org.el,10095,command,org-toggle-ordered-property,missing,,Toggle the ORDERED property of the current entry.
org.el,10113,function,org-block-todo-from-checkboxes,missing,,"Block turning an entry into a TODO, using checkboxes."
org.el,10146,function,org-entry-blocked-p,missing,,Non-nil if entry at point is blocked.
org.el,10157,command,org-update-statistics-cookies,missing,,"Update the statistics cookie, either from TODO or from checkboxes."
org.el,10204,function,org-update-parent-todo-statistics,missing,,Update any statistics cookie in the parent of the current headline.
org.el,10325,function,org-todo-trigger-tag-changes,missing,,Apply the changes defined in `org-todo-state-tags-triggers'.
org.el,10340,function,org-local-logging,missing,,Get logging settings from a property VALUE.
org.el,10356,function,org-get-todo-sequence-head,missing,,Return the head of the TODO sequence to which KWD belongs.
org.el,10373,function,org-fast-todo-selection,missing,,Fast TODO keyword selection with single keys.
org.el,10491,function,org-entry-is-todo-p,missing,,
org.el,10494,function,org-entry-is-done-p,missing,,
org.el,10497,function,org-get-todo-state,missing,,Return the TODO keyword of the current subtree.
org.el,10506,function,org-at-date-range-p,done,time::stamp::date_range_at,Non-nil if point is inside a date range.
org.el,10530,function,org-get-repeat,done,"time::get_repeat(ed, h); stamp::repeat_of for a string",Check if there is a timestamp with repeater in this entry.
org.el,10560,function,org-auto-repeat-maybe,partial,"time::auto_repeat(ed, h): CLOSED/SCHEDULED cleanup and all repeater shifts; state reset, LAST_REPEAT, logging are the TODO module's; no y-or-n after 10 ++ shifts",Check if the current headline contains a repeated timestamp.
org.el,10722,command,org-show-todo-tree,missing,,Make a compact tree which shows all headlines marked with TODO.
org.el,10747,function,org--deadline-or-schedule,missing,,Insert DEADLINE or SCHEDULE information in current entry.
org.el,10832,command,org-deadline,done,"C-c C-d; C-u removes, C-u C-u warning delay, repeater/warning kept, CLOSED removed; no active-region loop (Org commands never see a Visual region)","Insert a ""DEADLINE:"" string with a timestamp to make a deadline."
org.el,10853,command,org-schedule,done,"C-c C-s; C-u removes, C-u C-u delay, repeater kept, CLOSED removed; no active-region loop","Insert a ""SCHEDULED:"" string with a timestamp to schedule an item."
org.el,10874,function,org-get-scheduled-time,internal,"time::planning_get(ed, h, Scheduled) + stamp::time_string_to_tm","Get the scheduled time as a time tuple, of a format suitable"
org.el,10882,function,org-get-deadline-time,internal,"time::planning_get(ed, h, Deadline) + stamp::time_string_to_tm","Get the deadline as a time tuple, of a format suitable for"
org.el,10890,function,org-remove-timestamp-with-keyword,done,time::remove_timestamp_with_keyword (planning line),Remove all time stamps with KEYWORD in the current entry.
org.el,10918,function,org-at-planning-p,missing,,Non-nil when point is on a planning info line.
org.el,10934,function,org-add-planning-info,done,"time::set_planning / time::add_planning_info, upstream order and org-adapt-indentation",Insert new timestamp with keyword in the planning line.
org.el,11062,command,org-add-note,missing,,Add a note to the current entry.
org.el,11068,function,org-log-beginning,missing,,Return expected start of log notes in current entry.
org.el,11159,function,org-add-log-setup,missing,,Set up the post command hook to take a note.
org.el,11176,function,org--log-note-format-regexp,missing,,Return a regexp matching log note FORMAT.
org.el,11191,function,org-skip-over-state-notes,missing,,Skip past the list of State notes in an entry.
org.el,11208,function,org-add-log-note,missing,,"Pop up a window for taking a note, and add this note later."
org.el,11246,function,org-store-log-note,missing,,"Finish taking a log note, and insert it to where it belongs."
org.el,11339,function,org-remove-empty-drawer-at,missing,,Remove an empty drawer at position POS.
org.el,11355,command,org-sparse-tree,missing,,"Create a sparse tree, prompt for the details."
org.el,11426,command,org-occur,missing,,Make a compact tree showing all matches of REGEXP.
org.el,11475,function,org-occur-next-match,missing,,Function for `next-error-function' to find sparse tree matches.
org.el,11501,function,org-highlight-new-match,missing,,Highlight from BEG to END and mark the highlight is an occur headline.
org.el,11508,command,org-remove-occur-highlights,missing,,Remove the occur highlights from the buffer.
org.el,11523,function,org-priority-valid-cookie-string-p,missing,,"Return t if the PRIORITY is a valid priority cookie, nil otherwise."
org.el,11531,function,org-priority-valid-value-p,missing,,"Return t if the PRIORITY is a valid priority value (0-64, A-Z), nil otherwise."
org.el,11548,function,org-priority-number-p,missing,,"Return t if the PRIORITY is an integer 0 through 64, inclusive, nil otherwise."
org.el,11553,function,org-priority-to-string,missing,,Return a string form of PRIORITY based on whether it's numeric or alphabetic.
org.el,11562,command,org-priority-up,missing,,Increase the priority of the current item.
org.el,11567,command,org-priority-down,missing,,Decrease the priority of the current item.
org.el,11572,command,org-priority,missing,,Change the priority of an item.
org.el,11701,command,org-show-priority,missing,,Show the priority of the current item as number.
org.el,11702,command,org-priority-show,missing,,Show the priority of the current item as number.
org.el,11715,function,org-get-priority,missing,,Find priority cookie and return priority.
org.el,11752,function,org-scan-tags,missing,,Scan headline tags with inheritance and produce output ACTION.
org.el,11904,function,org-remove-uninherited-tags,missing,,Remove all tags that are not inherited from the list TAGS.
org.el,11925,command,org-match-sparse-tree,missing,,Create a sparse tree according to tags string MATCH.
org.el,11941,command,org-tags-sparse-tree,missing,,Create a sparse tree according to tags string MATCH.
org.el,11943,function,org-global-tags-completion-table,missing,,Return the list of all tags in all agenda buffer/files.
org.el,11963,function,org-make-tags-matcher,missing,,Create the TAGS/TODO matcher form for the selection string MATCH.
org.el,12191,function,org--tags-expand-group,missing,,"Recursively expand all tags in GROUP, according to TAG-GROUPS."
org.el,12204,function,org-tags-expand,missing,,Expand group tags in MATCH.
org.el,12281,function,org-op-to-function,missing,,Turn an operator into the appropriate function.
org.el,12297,function,org-add-prop-inherited,missing,,
org.el,12300,function,org-toggle-tag,missing,,Toggle the tag TAG for the current line.
org.el,12319,function,org--align-tags-here,missing,,Align tags on the current headline to TO-COL.
org.el,12350,command,org-set-tags-command,missing,,Set the tags for the current visible entry.
org.el,12432,function,org-align-tags,missing,,Align tags in current entry.
org.el,12459,function,org-set-tags,missing,,"Set the tags of the current entry to TAGS, replacing current tags."
org.el,12497,command,org-change-tag-in-region,missing,,Add or remove TAG for each entry in the region.
org.el,12539,function,org-tags-completion-function,missing,,Complete tag STRING.
org.el,12578,function,org-fast-tag-insert,missing,,"Insert KWD, and the TAGS, the latter with face FACE."
org.el,12585,function,org-fast-tag-show-exit,missing,,
org.el,12595,function,org-set-current-tags-overlay,missing,,Add an overlay to CURRENT tag with PREFIX.
org.el,12601,function,org--add-or-remove-tag,missing,,Add or remove TAG entered by user to/from CURRENT-TAGS.
org.el,12622,function,org-fast-tag-selection,missing,,Fast tag selection with single keys.
org.el,12932,function,org-make-tag-string,missing,,Return string associated to TAGS.
org.el,12938,function,org--get-local-tags,missing,,Return list of tags for headline at EPOM.
org.el,12953,function,org-get-tags,missing,,Get the list of tags specified in the headline at EPOM.
org.el,12993,function,org-get-buffer-tags,missing,,"Get a table of all tags used in the buffer, for completion."
org.el,13009,function,org-map-entries,missing,,Call FUNC at each headline selected by MATCH in SCOPE.
org.el,13168,function,org--valid-property-p,missing,,Non-nil when string PROPERTY is a valid property name.
org.el,13174,function,org--update-property-plist,missing,,Associate KEY to VAL in alist PROPS.
org.el,13184,function,org-get-property-block,missing,,Return the (beg . end) range of the body of the property drawer.
org.el,13214,function,org-at-property-drawer-p,missing,,Non-nil when point is at the first line of a property drawer.
org.el,13233,function,org-at-property-p,missing,,Non-nil when point is inside a property drawer.
org.el,13244,command,org-property-action,missing,,Do an action on properties.
org.el,13256,command,org-inc-effort,missing,,Increment the value of the effort property in the current entry.
org.el,13263,command,org-set-effort,missing,,Set the effort property of the current entry.
org.el,13299,function,org-entry-properties,missing,,Get all properties of the current entry.
org.el,13501,function,org--property-local-values,missing,,Return value for PROPERTY in current entry or at EPOM.
org.el,13521,function,org--property-global-or-keyword-value,missing,,Return value for PROPERTY as defined by global properties or by keyword.
org.el,13532,function,org-entry-get,missing,,Get value of PROPERTY for entry or content at EPOM.
org.el,13566,function,org-property-or-variable-value,missing,,Check if there is a property fixing the value of VAR.
org.el,13574,function,org-entry-delete,missing,,"Delete PROPERTY from entry at element, point, or marker EPOM."
org.el,13597,function,org-entry-add-to-multivalued-property,missing,,Add VALUE to the words in the PROPERTY in entry at EPOM.
org.el,13607,function,org-entry-remove-from-multivalued-property,missing,,Remove VALUE from words in the PROPERTY in entry at EPOM.
org.el,13617,function,org-entry-member-in-multivalued-property,missing,,Is VALUE one of the words in the PROPERTY in EPOM?
org.el,13625,function,org-entry-get-multivalued-property,missing,,Return a list of values in a multivalued property.
org.el,13631,function,org-entry-put-multivalued-property,missing,,Set multivalued PROPERTY at EPOM to VALUES.
org.el,13640,function,org-entry-protect-space,missing,,Protect spaces and newline in string S.
org.el,13648,function,org-entry-restore-space,missing,,Restore spaces and newline in string S.
org.el,13664,function,org-entry-get-with-inheritance,missing,,"Get PROPERTY of entry or content at EPOM, search higher levels if needed."
org.el,13709,function,org-entry-put,missing,,Set PROPERTY to VALUE for entry at EPOM.
org.el,13788,function,org-buffer-property-keys,missing,,Get all property keys in the current buffer.
org.el,13865,function,org-property-values,missing,,List all non-nil values of property KEY in current buffer.
org.el,13876,function,org-insert-property-drawer,missing,,Insert a property drawer into the current entry.
org.el,13902,command,org-insert-drawer,missing,,Insert a drawer at point.
org.el,13982,function,org-set-property-function,missing,,Get the function that should be used to set PROPERTY.
org.el,13988,function,org-read-property-value,missing,,"Read value for PROPERTY, as a string."
org.el,14024,function,org-read-property-name,missing,,Read a property name.
org.el,14037,command,org-set-property-and-value,missing,,Allow setting [PROPERTY]: [value] direction from prompt.
org.el,14054,command,org-set-property,missing,,"In the current entry, set PROPERTY to VALUE."
org.el,14080,function,org-find-property,missing,,Find first entry in buffer that sets PROPERTY.
org.el,14101,command,org-delete-property,missing,,"In the current entry, delete PROPERTY."
org.el,14119,command,org-delete-property-globally,missing,,"Remove PROPERTY globally, from all entries."
org.el,14139,command,org-compute-property-at-point,missing,,Compute the property at point.
org.el,14161,function,org-property-get-allowed-values,missing,,Get allowed values at EPOM for the property PROPERTY.
org.el,14194,command,org-property-previous-allowed-value,missing,,Switch to the next allowed value for this property.
org.el,14199,command,org-property-next-allowed-value,missing,,Switch to the next allowed value for this property.
org.el,14231,function,org-find-olp,missing,,Return a marker pointing to the entry at outline path OLP.
org.el,14269,function,org-find-exact-headline-in-buffer,missing,,Find node HEADING in BUFFER.
org.el,14287,function,org-find-exact-heading-in-directory,missing,,"Find Org node headline HEADING in all "".org"" files in directory DIR."
org.el,14303,command,org-find-entry-with-id,missing,,Locate the entry that contains the ID property with exact value IDENT.
org.el,14322,command,org-time-stamp,done,alias of org-timestamp,Prompt for a date/time and insert a time stamp.
org.el,14323,command,org-timestamp,done,"C-c .: prompt, replace keeping repeater, twice for a range, C-u time, C-u C-u now",Prompt for a date/time and insert a time stamp.
org.el,14395,function,org-get-compact-tod,done,time::stamp::compact_tod,
org.el,14411,command,org-time-stamp-inactive,done,alias of org-timestamp-inactive,Insert an inactive time stamp.
org.el,14412,command,org-timestamp-inactive,done,C-c !,Insert an inactive time stamp.
org.el,14450,function,org-read-date,adapted,"time::read_date(ed, ReadOpts, then): minibuffer prompt with live display, calendar keys on a virtual date","Read a date, possibly a time, and make things smooth for the user."
org.el,14622,function,org-read-date-display,adapted,time::live_prompt: `=> <date>` and (=>F) in the prompt,Display the current date prompt interpretation in the minibuffer.
org.el,14660,function,org-read-date-analyze,done,time::read::analyze (verified against upstream Emacs),Analyze the combined answer of the date prompt.
org.el,14896,function,org-read-date-get-relative,done,time::read::get_relative,Check string S for special relative date string.
org.el,14936,function,org-order-calendar-date-args,internal,diary make_date (calendar-date-style),Turn a user-specified date into the internal representation.
org.el,14946,function,org-funcall-in-calendar,adapted,virtual calendar date motion (time::calendar_move),Call FUNC in the calendar window and return to current window.
org.el,14961,function,org-eval-in-calendar,adapted,obsolete; as org-funcall-in-calendar,
org.el,14965,command,org-calendar-goto-today-or-insert-dot,adapted,"date prompt keys (S-arrows, M-S-arrows, < > C-v M-v, ., !) and :org commands move the virtual calendar date","Go to the current date, or insert a dot."
org.el,14978,command,org-calendar-goto-today,adapted,"date prompt keys (S-arrows, M-S-arrows, < > C-v M-v, ., !) and :org commands move the virtual calendar date",Reposition the calendar window so the current date is visible.
org.el,14983,command,org-calendar-backward-month,adapted,"date prompt keys (S-arrows, M-S-arrows, < > C-v M-v, ., !) and :org commands move the virtual calendar date",Move the cursor backward by one month.
org.el,14988,command,org-calendar-forward-month,adapted,"date prompt keys (S-arrows, M-S-arrows, < > C-v M-v, ., !) and :org commands move the virtual calendar date",Move the cursor forward by one month.
org.el,14993,command,org-calendar-backward-year,adapted,"date prompt keys (S-arrows, M-S-arrows, < > C-v M-v, ., !) and :org commands move the virtual calendar date",Move the cursor backward by one year.
org.el,14998,command,org-calendar-forward-year,adapted,"date prompt keys (S-arrows, M-S-arrows, < > C-v M-v, ., !) and :org commands move the virtual calendar date",Move the cursor forward by one year.
org.el,15003,command,org-calendar-backward-week,adapted,"date prompt keys (S-arrows, M-S-arrows, < > C-v M-v, ., !) and :org commands move the virtual calendar date",Move the cursor backward by one week.
org.el,15008,command,org-calendar-forward-week,adapted,"date prompt keys (S-arrows, M-S-arrows, < > C-v M-v, ., !) and :org commands move the virtual calendar date",Move the cursor forward by one week.
org.el,15013,command,org-calendar-backward-day,adapted,"date prompt keys (S-arrows, M-S-arrows, < > C-v M-v, ., !) and :org commands move the virtual calendar date",Move the cursor backward by one day.
org.el,15018,command,org-calendar-forward-day,adapted,"date prompt keys (S-arrows, M-S-arrows, < > C-v M-v, ., !) and :org commands move the virtual calendar date",Move the cursor forward by one day.
org.el,15023,command,org-calendar-view-entries,adapted,"date prompt keys (S-arrows, M-S-arrows, < > C-v M-v, ., !) and :org commands move the virtual calendar date",Prepare and display a buffer with diary entries.
org.el,15029,command,org-calendar-scroll-month-left,adapted,"date prompt keys (S-arrows, M-S-arrows, < > C-v M-v, ., !) and :org commands move the virtual calendar date",Scroll the displayed calendar left by one month.
org.el,15034,command,org-calendar-scroll-month-right,adapted,"date prompt keys (S-arrows, M-S-arrows, < > C-v M-v, ., !) and :org commands move the virtual calendar date",Scroll the displayed calendar right by one month.
org.el,15042,command,org-calendar-scroll-three-months-left,adapted,"date prompt keys (S-arrows, M-S-arrows, < > C-v M-v, ., !) and :org commands move the virtual calendar date",Scroll the displayed calendar left by three months.
org.el,15052,command,org-calendar-scroll-three-months-right,adapted,"date prompt keys (S-arrows, M-S-arrows, < > C-v M-v, ., !) and :org commands move the virtual calendar date",Scroll the displayed calendar right by three months.
org.el,15062,command,org-calendar-select,adapted,"date prompt keys (S-arrows, M-S-arrows, < > C-v M-v, ., !) and :org commands move the virtual calendar date",Return to `org-read-date' with the date currently selected.
org.el,15076,function,org-insert-time-stamp,done,alias of org-insert-timestamp,Insert a date stamp for the date given by the internal TIME.
org.el,15077,function,org-insert-timestamp,done,time::insert_timestamp / stamp::stamp_text,Insert a date stamp for the date given by the internal TIME.
org.el,15104,command,org-toggle-time-stamp-overlays,adapted,alias of org-toggle-timestamp-overlays,Toggle the use of custom time stamp formats.
org.el,15105,command,org-toggle-timestamp-overlays,adapted,C-c C-x C-t toggles the buffer flag time::display_custom_times,Toggle the use of custom time stamp formats.
org.el,15123,function,org-display-custom-time,adapted,time::stamp::custom_display / custom_overlays (display text for the renderer),Overlay modified time stamp format over timestamp between BEG and END.
org.el,15141,function,org-fix-decoded-time,internal,Parsed::tm defaults,Set 0 instead of nil for the first 6 elements of time.
org.el,15147,function,org-time-stamp-to-now,done,alias of org-timestamp-to-now,Difference between TIMESTAMP-STRING and now in days.
org.el,15148,function,org-timestamp-to-now,done,"time::stamp::timestamp_to_now(s, seconds)",Difference between TIMESTAMP-STRING and now in days.
org.el,15155,function,org-deadline-close-p,done,time::deadline_close_p,Is the time in TIMESTAMP-STRING close to the current date?
org.el,15161,function,org-get-wdays,done,time::stamp::get_wdays,Get the deadline lead time appropriate for timestring TS.
org.el,15185,command,org-calendar-select-mouse,adapted,no mouse calendar; Enter in the prompt takes the calendar date,Return to `org-read-date' with the date currently selected.
org.el,15200,command,org-check-deadlines,done,"sparse tree via time::occur; C-u all, numeric days",Check if there are any deadlines due or past due.
org.el,15221,function,org-re-timestamp,done,time::re_timestamp,Return a regexp for timestamp TYPE.
org.el,15246,command,org-check-before-date,done,sparse tree; org-ts-type via time::set_ts_type,Check if there are deadlines or scheduled entries before date D.
org.el,15269,command,org-check-after-date,done,sparse tree,Check if there are deadlines or scheduled entries after date D.
org.el,15292,command,org-check-dates-range,done,"sparse tree, two prompts",Check for deadlines/scheduled entries between START-DATE and END-DATE.
org.el,15320,command,org-evaluate-time-range,done,"C-c C-y; C-u inserts (table: next column, org-table-align)",Evaluate a time range by computing the difference between start and end.
org.el,15382,function,org-make-tdiff-string,done,time::stamp::tdiff_string,
org.el,15399,function,org-time-string-to-time,done,time::stamp::time_string_to_tm,Convert timestamp string S into internal time.
org.el,15403,function,org-time-string-to-seconds,done,time::stamp::time_string_to_seconds (local time zone),Convert a timestamp string S into a number of seconds.
org.el,15409,function,org-time-string-to-absolute,done,"time::stamp::time_string_to_absolute (diary sexps, repeaters)",Convert time stamp S to an absolute day number.
org.el,15443,function,org-days-to-iso-week,done,time::stamp::days_to_iso_week,Return the ISO week number.
org.el,15448,function,org-small-year-to-year,done,time::stamp::small_year_to_year,Convert 2-digit years into 4-digit years.
org.el,15460,function,org-time-from-absolute,done,time::civil::Tm::from_absolute,Return the time corresponding to date D.
org.el,15471,function,org-calendar-holiday,partial,time::diary::holidays: US general + Easter/Good Friday/Christmas; no Hebrew/Islamic/Bahai/Chinese/solar,"List of holidays, for Diary display in Org mode."
org.el,15479,function,org-diary-sexp-entry,done,"time::diary::entry: diary-date/block/float/anniversary/cyclic/offset, org-* wrappers, and/or/not",Process a SEXP diary ENTRY for date D.
org.el,15512,function,org-diary-to-ical-string,missing,iCalendar export (export module),Get iCalendar entries from diary entries in buffer FROMBUF.
org.el,15539,function,org-closest-date,done,time::stamp::closest_date,Return closest date to CURRENT starting from START.
org.el,15632,function,org-date-to-gregorian,missing,,Turn any specification of date D into a Gregorian date for the calendar.
org.el,15641,command,org-timestamp-up,done,"per part (year/month/day/hour/minute/repeater/warning), rounding, CLOCK update, bracket toggles",Increase the date item at the cursor by one.
org.el,15650,command,org-timestamp-down,done,as org-timestamp-up,Decrease the date item at the cursor by one.
org.el,15659,command,org-timestamp-up-day,done,day change; on a heading: org-shiftright,Increase the date in the time stamp by one day.
org.el,15668,command,org-timestamp-down-day,done,day change; on a heading: org-shiftleft,Decrease the date in the time stamp by one day.
org.el,15677,function,org-at-timestamp-p,partial,"time::stamp::at_timestamp ('lax, parts) and time::agenda_timestamp ('agenda); strict element context via callers",Non-nil if point is inside a timestamp.
org.el,15761,command,org-toggle-timestamp-type,done,command and bracket position of S-up/S-down,Toggle the type (<active> or [inactive]) of a time stamp.
org.el,15775,function,org-at-clock-log-p,missing,,Non-nil if point is on a clock log line.
org.el,15784,function,org-timestamp-change,done,"time::change_at_point / change_at / stamp::change (DST gap error, ranges, extra, calendar)",Change the date in the time stamp at point.
org.el,15978,function,org-modify-ts-extra,done,time::stamp::modify_ts_extra,Change the lead-time/repeat fields at POS in timestamp string TS-STRING.
org.el,16034,function,org-recenter-calendar,adapted,virtual calendar date follows changes,"If the calendar is visible, recenter it to date D."
org.el,16043,command,org-goto-calendar,adapted,C-c >: sets the virtual calendar date (timestamp on line or today; C-u today) and reports it with holidays; no calendar window,Go to the Emacs calendar at the current date.
org.el,16061,function,org-get-date-from-calendar,adapted,time::calendar_date,Return a list (month day year) of date at point in calendar.
org.el,16067,command,org-date-from-calendar,adapted,C-c <: inserts or changes to the virtual calendar date,Insert time stamp corresponding to cursor date in *Calendar* buffer.
org.el,16081,option,org-image-actual-width,missing,,"When non-nil, use the actual width of images when inlining them."
org.el,16128,option,org-agenda-inhibit-startup,missing,,Inhibit startup when preparing agenda buffers.
org.el,16137,option,org-agenda-ignore-properties,missing,,Avoid updating text properties when building the agenda.
org.el,16151,command,org-save-all-org-buffers,missing,,Save all Org buffers without user confirmation.
org.el,16159,command,org-revert-all-org-buffers,missing,,Revert all Org buffers.
org.el,16188,command,org-switchb,missing,,Switch between Org buffers.
org.el,16235,function,org-agenda-file-p,missing,,"Return non-nil, if FILE is an agenda file."
org.el,16244,command,org-edit-agenda-file-list,missing,,Edit the list of agenda files.
org.el,16267,function,org-store-new-agenda-file-list,missing,,Set new value for the agenda file list and save it correctly.
org.el,16287,function,org-read-agenda-file-list,missing,,Read the list of agenda files from a file.
org.el,16307,command,org-cycle-agenda-files,missing,,Cycle through the files in `org-agenda-files'.
org.el,16323,command,org-agenda-file-to-front,missing,,Move/add the current file to the top of the agenda file list.
org.el,16348,command,org-remove-file,missing,,Remove current file from the list of files in variable `org-agenda-files'.
org.el,16371,function,org-file-menu-entry,missing,,
org.el,16374,function,org-check-agenda-file,missing,,"Make sure FILE exists.  If not, ask user what to do."
org.el,16386,function,org-get-agenda-file-buffer,missing,,Get an agenda buffer visiting FILE.
org.el,16398,function,org-release-buffers,missing,,"Release all buffers in list, asking the user for confirmation when needed."
org.el,16411,command,org-agenda-prepare-buffers,missing,,"Create buffers for all agenda files, protect archived trees and comments."
org.el,16473,command,org-cdlatex-mode,missing,,Toggle the minor `org-cdlatex-mode'.
org.el,16491,function,org--math-p,missing,,Return t inside math fragments or running `cdlatex-math-symbol'.
org.el,16515,function,turn-on-org-cdlatex,missing,,Unconditionally turn on `org-cdlatex-mode'.
org.el,16519,function,org-try-cdlatex-tab,missing,,"Check if it makes sense to execute `cdlatex-tab', and do it if yes."
org.el,16538,command,org-cdlatex-underscore-caret,missing,,Execute `cdlatex-sub-superscript' in LaTeX fragments.
org.el,16547,command,org-cdlatex-math-modify,missing,,Execute `cdlatex-math-modify' in LaTeX fragments.
org.el,16556,command,org-cdlatex-environment-indent,missing,,Execute `cdlatex-environment' and indent the inserted environment.
org.el,16616,function,org-inside-LaTeX-fragment-p,missing,,Test if point is inside a LaTeX fragment or environment.
org.el,16625,function,org-inside-latex-macro-p,missing,,Is point inside a LaTeX macro or its arguments?
org.el,16631,function,org--make-preview-overlay,missing,,Build an overlay between BEG and END using IMAGE file.
org.el,16647,function,org-clear-latex-preview,missing,,Remove all overlays with LaTeX fragment images in current buffer.
org.el,16659,function,org--latex-preview-region,missing,,Preview LaTeX fragments between BEG and END.
org.el,16674,command,org-latex-preview,missing,,Toggle preview of the LaTeX fragment at point.
org.el,16743,function,org-format-latex,missing,,Replace LaTeX fragments with links to an image.
org.el,16867,function,org-place-formula-image,missing,,Place an overlay from BEG to END showing MOVEFILE.
org.el,16886,command,org-create-math-formula,missing,,Convert LATEX-FRAG to MathML and store it in MATHML-FILE.
org.el,16950,function,org-format-latex-as-mathml,missing,,Use `org-create-math-formula' but check local cache first.
org.el,16980,function,org-format-latex-as-html,missing,,Convert LATEX-FRAGMENT to HTML.
org.el,16988,function,org--get-display-dpi,missing,,Get the DPI of the display.
org.el,17004,function,org-create-formula-image,missing,,Create an image from LaTeX source using external processes.
org.el,17100,function,org-splice-latex-header,missing,,Fill a LaTeX header template TPL.
org.el,17148,function,org-latex-packages-to-string,missing,,Turn an alist of packages into a string with the \usepackage macros.
org.el,17164,function,org-dvipng-color,missing,,Return a RGB color specification for dvipng.
org.el,17168,function,org-dvipng-color-format,missing,,Convert COLOR-NAME to a RGB color value for dvipng.
org.el,17174,function,org-latex-color,missing,,Return a RGB color for the LaTeX color package.
org.el,17178,function,org-latex-color-format,missing,,Convert COLOR-NAME to a RGB color value.
org.el,17184,function,org-normalize-color,missing,,Return string to be used as color value for an RGB component.
org.el,17192,function,org-fix-tags-on-the-fly,missing,,Align tags in headline at point.
org.el,17200,function,org--speed-command-p,missing,,Return non-nil when current command is a speed command.
org.el,17210,command,org-self-insert-command,missing,,"Like `self-insert-command', use `overwrite-mode' for whitespace in tables."
org.el,17275,command,org-delete-backward-char,missing,,"Like `delete-backward-char', insert whitespace at field end in tables."
org.el,17294,command,org-delete-char,missing,,"Like `delete-char', but insert whitespace at field end in tables."
org.el,17350,command,org-transpose-words,missing,,Transpose words for Org.
org.el,17499,function,org-modifier-cursor-error,missing,,"Throw an error, a modified cursor command was applied in wrong context."
org.el,17503,function,org-shiftselect-error,missing,,Throw an error because Shift-Cursor command was applied in wrong context.
org.el,17509,function,org-call-for-shift-select,missing,,
org.el,17513,command,org-shifttab,missing,,Global visibility cycling or move to previous table field.
org.el,17530,command,org-shiftmetaleft,missing,,Promote subtree or delete table column.
org.el,17557,command,org-shiftmetaright,missing,,Demote subtree or insert table column.
org.el,17584,command,org-shiftmetaup,missing,,Drag the line at point up.
org.el,17605,command,org-shiftmetadown,missing,,Drag the line at point down.
org.el,17626,function,org-hidden-tree-error,missing,,
org.el,17630,command,org-metaleft,missing,,"Promote heading, list item at point or move table column left."
org.el,17667,command,org-metaright,missing,,"Demote heading, list item at point or move table column right."
org.el,17708,function,org-check-for-hidden,missing,,Check if there are hidden headlines/items in the current visual line.
org.el,17735,command,org-metaup,missing,,Move subtree up or move table row up.
org.el,17815,command,org-metadown,missing,,Move subtree down or move table row down.
org.el,17881,command,org-shiftup,missing,,Act on current element according to context.
org.el,17920,command,org-shiftdown,missing,,Act on current element according to context.
org.el,17960,command,org-shiftright,missing,,Act on the current element according to context.
org.el,18011,command,org-shiftleft,missing,,Act on current element according to context.
org.el,18062,command,org-shiftcontrolright,missing,,Switch to next TODO set.
org.el,18075,command,org-shiftcontrolleft,missing,,Switch to previous TODO set.
org.el,18088,command,org-shiftcontrolup,missing,,Change timestamps synchronously up in CLOCK log lines.
org.el,18100,command,org-shiftcontroldown,missing,,Change timestamps synchronously down in CLOCK log lines.
org.el,18112,command,org-increase-number-at-point,missing,,Increment the number at point.
org.el,18131,command,org-decrease-number-at-point,missing,,Decrement the number at point.
org.el,18138,command,org-ctrl-c-ret,missing,,Call `org-table-hline-and-move' or `org-insert-heading'.
org.el,18145,command,org-copy-visible,missing,,Copy the visible parts of the region.
org.el,18162,command,org-copy-special,missing,,Copy region in table or copy current subtree.
org.el,18170,command,org-cut-special,missing,,Cut region in table or cut current subtree.
org.el,18178,command,org-paste-special,missing,,"Paste rectangular region into table, or paste subtree relative to level."
org.el,18187,command,org-edit-special,missing,,Call a special editor for the element at point.
org.el,18268,command,org-ctrl-c-ctrl-c,missing,,"Set tags in headline, or update according to changed information at point."
org.el,18528,command,org-mode-restart,missing,,Restart `org-mode'.
org.el,18539,command,org-kill-note-or-show-branches,missing,,"Abort storing current note, or show just branches."
org.el,18554,command,org-delete-indentation,missing,,Join current line to previous and fix whitespace at join.
org.el,18622,command,org-open-line,missing,,"Insert a new row in tables, call `open-line' elsewhere."
org.el,18632,function,org--newline,missing,,Call `newline-and-indent' or just `newline'.
org.el,18642,command,org-return,missing,,Goto next table row or insert a newline.
org.el,18729,command,org-return-and-maybe-indent,missing,,"Goto next table row, or insert a newline, maybe indented."
org.el,18740,command,org-ctrl-c-tab,missing,,"Toggle columns width in a table, or show children."
org.el,18757,command,org-ctrl-c-star,missing,,"Compute table, or change heading status of lines."
org.el,18769,command,org-ctrl-c-minus,missing,,Insert separator line in table or modify bullet status of line.
org.el,18785,command,org-toggle-heading,missing,,"Convert headings to normal text, or items or text to headings."
org.el,18895,command,org-meta-return,missing,,Insert a new heading or wrap a region in a table.
org.el,18908,function,org-in-subtree-not-table-p,missing,,Are we in a subtree and not in a table?
org.el,19165,command,org-info,missing,,Read documentation for Org in the info system.
org.el,19171,command,org-browse-news,missing,,Browse the news for the latest major release.
org.el,19179,command,org-submit-bug-report,missing,,Submit a bug report on Org via mail.
org.el,19250,command,org-submit-feature-request,missing,,Submit a feature request to Org mode.
org.el,19268,command,org-submit-patch,missing,,Submit a patch for Org via mail.
org.el,19300,function,org-install-agenda-files-menu,missing,,Install agenda file menu.
org.el,19324,command,org-require-autoloaded-modules,missing,,
org.el,19331,command,org-reload,missing,,Reload all Org Lisp files.
org.el,19381,command,org-customize,missing,,Call the customize function with org as argument.
org.el,19388,command,org-create-customize-menu,missing,,"Create a full customization menu for Org mode, insert it into the menu."
org.el,19409,function,org-in-clocktable-p,missing,,Check if the cursor is in a clocktable.
org.el,19420,function,org-in-verbatim-emphasis,missing,,
org.el,19426,function,org-goto-marker-or-bmk,missing,,"Go to MARKER, widen if necessary.  When marker is not live, try BOOKMARK."
org.el,19441,function,org-quote-csv-field,missing,,Quote field for inclusion in CSV material.
org.el,19447,command,org-force-self-insert,missing,,Needed to enforce self-insert under remapping.
org.el,19452,function,org-quote-vert,missing,,"Replace ""|"" with ""\vert""."
org.el,19458,function,org-in-src-block-p,missing,,Return t when point is at a source block element.
org.el,19477,function,org-context,missing,,Return a list of contexts of the current cursor position.
org.el,19597,function,org-between-regexps-p,missing,,Non-nil when point is between matches of START-RE and END-RE.
org.el,19629,function,org-in-block-p,missing,,Non-nil when point belongs to a block whose name belongs to NAMES.
org.el,19655,command,org-occur-in-agenda-files,missing,,Call `multi-occur' with buffers for all agenda files.
org.el,19698,command,org-occur-link-in-agenda-files,missing,,Create a link and search for it in the agendas.
org.el,19708,function,org-back-over-empty-lines,missing,,"Move backwards over whitespace, to the beginning of the first empty line."
org.el,19722,function,org-file-image-p,missing,,Return non-nil if FILE is an image.
org.el,19727,function,org-get-cursor-date,missing,,Return the date at cursor in as a time.
org.el,19761,command,org-mark-subtree,missing,,Mark the current subtree.
org.el,19778,function,org--at-headline-data-p,missing,,Return non-nil when `point' or BEG is inside headline metadata.
org.el,19810,function,org--get-expected-indentation,missing,,"Expected indentation column for current line, according to ELEMENT."
org.el,19932,function,org--align-node-property,missing,,Align node property at point.
org.el,19947,command,org-indent-line,missing,,Indent line depending on context.
org.el,20053,command,org-indent-region,missing,,Indent each non-blank line in the region.
org.el,20174,command,org-indent-drawer,missing,,Indent the drawer at point.
org.el,20186,command,org-indent-block,missing,,Indent the block at point.
org.el,20221,function,org-setup-filling,missing,,
org.el,20243,function,org-fill-line-break-nobreak-p,missing,,Non-nil when a new line at point would create an Org line break.
org.el,20250,function,org-fill-paragraph-with-timestamp-nobreak-p,missing,,Non-nil when a new line at point would split a timestamp.
org.el,20255,function,org-fill-n-macro-as-item-nobreak-p,missing,,Non-nil when a new line at point would create a new list.
org.el,20261,function,org-adaptive-fill-paragraph-function,missing,,Compute a fill prefix for the current line in paragraph.
org.el,20279,function,org-adaptive-fill-function,missing,,Compute a fill prefix for the current line.
org.el,20338,function,org-fill-element,missing,,"Fill element at point, when applicable."
org.el,20459,command,org-fill-paragraph,missing,,"Fill element at point, when applicable."
org.el,20514,function,org-auto-fill-function,missing,,Auto-fill function.
org.el,20525,function,org-comment-line-break-function,missing,,"Break line at point and indent, continuing comment if within one."
org.el,20545,command,org-toggle-fixed-width,missing,,Toggle fixed-width markup.
org.el,20669,function,org-block-map,missing,,Call FUNCTION at the head of all source blocks in the current buffer.
org.el,20683,command,org-next-block,missing,,Jump to the next block.
org.el,20724,command,org-previous-block,missing,,Jump to the previous block.
org.el,20750,command,org-setup-comments-handling,missing,,
org.el,20759,function,org-insert-comment,missing,,Insert an empty comment above current line.
org.el,20783,function,org-comment-or-uncomment-region,missing,,Comment or uncomment each non-blank line in the region.
org.el,20859,command,org-comment-dwim,missing,,Call the comment command you mean.
org.el,20874,function,org-timestamp-from-string,done,time::stamp::Timestamp::from_string,"Convert Org timestamp S, as a string, into a timestamp object."
org.el,20882,function,org-timestamp-from-time,done,time::stamp::Timestamp::from_time,Convert a time value into a timestamp object.
org.el,20902,function,org-timestamp-to-time,done,time::stamp::Timestamp::to_tm,Convert TIMESTAMP object into an Emacs internal time value.
org.el,20915,function,org-timestamp-has-time-p,done,time::stamp::Timestamp::has_time,Non-nil when TIMESTAMP has a time specified.
org.el,20919,function,org-format-timestamp,done,time::stamp::Timestamp::format (no UTC),Format a TIMESTAMP object into a string.
org.el,20933,function,org-timestamp-split-range,done,time::stamp::Timestamp::split_range,Extract a TIMESTAMP object from a date or time range.
org.el,20965,function,org-timestamp-translate,done,time::stamp::Timestamp::translate,Translate TIMESTAMP object to custom format.
org.el,20990,function,org-setup-yank-dnd-handlers,missing,,Setup the `yank-media' and DND handlers for buffer.
org.el,21012,option,org-yank-image-save-method,missing,,Method to save images yanked from clipboard and dropped to Emacs.
org.el,21025,option,org-yank-image-file-name-function,missing,,Function to generate filename for image yanked from clipboard.
org.el,21039,function,org-yank-image-autogen-filename,missing,,Autogenerate filename for image in clipboard.
org.el,21043,function,org-yank-image-read-filename,missing,,Read filename for image in clipboard.
org.el,21049,function,org--image-yank-media-handler,missing,,Save image DATA of mime-type MIMETYPE and insert link at point.
org.el,21102,function,org--copied-files-yank-media-handler,missing,,Handle copied or cut files from file manager.
org.el,21120,function,org--libreoffice-table-handler,missing,,Insert LibreOffice Calc table DATA as an Org table.
org.el,21143,option,org-yank-dnd-method,missing,,Action to perform on the dropped and the pasted files.
org.el,21157,option,org-yank-dnd-default-attach-method,missing,,Default attach method to use when DND action is unspecified.
org.el,21173,function,org--dnd-rmc,missing,,Display a menu or dialog and select with PROMPT among CHOICES.
org.el,21200,function,org--dnd-multi-local-file-handler,missing,,Handle file URLS as per ACTION.
org.el,21211,function,org--dnd-local-file-handler,missing,,Handle file URL as per ACTION.
org.el,21233,function,org--dnd-attach-file,missing,,Attach filename given by URL using method pertaining to ACTION.
org.el,21292,function,org--dnd-xds-function,missing,,Handle file with FILENAME dropped via XDS protocol.
org.el,21323,command,org-reftex-citation,missing,,Use `reftex-citation' to insert a citation into the buffer.
org.el,21352,command,org-beginning-of-line,missing,,Go to the beginning of the current visible line.
org.el,21416,command,org-end-of-line,missing,,"Go to the end of the line, but before ellipsis, if any."
org.el,21479,command,org-backward-sentence,missing,,"Go to beginning of sentence, or beginning of table field."
org.el,21499,command,org-forward-sentence,missing,,"Go to end of sentence, or end of table field."
org.el,21529,command,org-kill-line,missing,,"Kill line, to tags or end of line."
org.el,21561,command,org-yank,missing,,"Yank.  If the kill is a subtree, treat it specially."
org.el,21590,function,org-yank-generic,missing,,Perform some yank-like command.
org.el,21648,function,org-yank-folding-would-swallow-text,missing,,Would `hide-subtree' at BEG swallow any text after END?
org.el,21663,function,org-back-to-heading,missing,,Go back to beginning of heading or inlinetask.
org.el,21682,function,org-back-to-heading-or-point-min,missing,,Go back to heading or first point in buffer.
org.el,21690,function,org-before-first-heading-p,missing,,Before first heading?
org.el,21703,function,org-at-heading-p,missing,,Return t if point is on a (possibly invisible) heading line.
org.el,21711,function,org-in-commented-heading-p,missing,,Non-nil if point is under a commented heading.
org.el,21727,function,org-in-archived-heading-p,missing,,Non-nil if point is under an archived heading.
org.el,21743,function,org-at-comment-p,missing,,Return t if cursor is in a commented line.
org.el,21750,function,org-at-keyword-p,missing,,Return t if cursor is at a keyword-line.
org.el,21756,function,org-at-drawer-p,missing,,Return t if cursor is at a drawer keyword.
org.el,21762,function,org-at-block-p,missing,,Return t if cursor is at a block keyword.
org.el,21768,function,org-point-at-end-of-empty-headline,missing,,"If point is at the end of an empty headline, return t, else nil."
org.el,21780,function,org-at-heading-or-item-p,missing,,
org.el,21783,function,org-up-heading-all,missing,,Move to the heading line of which the present line is a subheading.
org.el,21789,function,org-up-heading-safe,missing,,Move to the heading line of which the present line is a subheading.
org.el,21821,function,org-up-heading-or-point-min,missing,,"Move to the heading line of which the present is a subheading, or point-min."
org.el,21834,function,org-first-sibling-p,missing,,Is this heading the first child of its parents?
org.el,21847,function,org-goto-sibling,missing,,"Goto the next sibling heading, even if it is invisible."
org.el,21869,function,org-goto-first-child,missing,,"Goto the first child, even if it is invisible."
org.el,21889,function,org-get-next-sibling,missing,,"Move to next heading of the same level, and return point."
org.el,21900,function,org-get-previous-sibling,missing,,"Move to previous heading of the same level, and return point."
org.el,21913,function,org-end-of-subtree,missing,,Goto to the end of a visible subtree at point or ELEMENT and return point.
org.el,21949,function,org-end-of-meta-data,missing,,Skip planning line and properties drawer in current entry.
org.el,21985,function,org--line-fully-invisible-p,missing,,Return non-nil if the current line is fully invisible.
org.el,21995,command,org-forward-heading-same-level,missing,,Move forward to the ARG'th subheading at same level as this one.
org.el,22029,command,org-backward-heading-same-level,missing,,Move backward to the ARG'th subheading at same level as this one.
org.el,22035,command,org-next-visible-heading,missing,,Move to the next visible heading line.
org.el,22058,command,org-previous-visible-heading,missing,,Move to the previous visible heading.
org.el,22064,command,org-forward-paragraph,missing,,"Move forward by a paragraph, or equivalent, unit."
org.el,22088,command,org-backward-paragraph,missing,,"Move backward by a paragraph, or equivalent, unit."
org.el,22115,function,org--paragraph-at-point,missing,,"Return paragraph, or equivalent, element at point."
org.el,22193,command,org--forward-paragraph-once,missing,,"Move forward to end of paragraph or equivalent, once."
org.el,22265,command,org--backward-paragraph-once,missing,,"Move backward to start of paragraph or equivalent, once."
org.el,22361,command,org-forward-element,missing,,Move forward by one element.
org.el,22381,command,org-backward-element,missing,,Move backward by one element.
org.el,22414,command,org-up-element,missing,,Move to upper element.
org.el,22431,command,org-down-element,missing,,Move to inner element.
org.el,22446,command,org-drag-element-backward,missing,,Move backward element at point.
org.el,22478,command,org-drag-element-forward,missing,,Move forward element at point.
org.el,22513,command,org-drag-line-forward,missing,,Drag the line at point ARG lines forward.
org.el,22527,command,org-drag-line-backward,missing,,Drag the line at point ARG lines backward.
org.el,22532,command,org-mark-element,missing,,"Put point at beginning of this element, mark at end."
org.el,22553,command,org-narrow-to-element,missing,,Narrow buffer to current element.
org.el,22572,command,org-transpose-element,missing,,"Transpose current and previous elements, keeping blank lines between."
org.el,22581,command,org-unindent-buffer,missing,,Un-indent the visible part of the buffer.
org.el,22602,function,org-make-options-regexp,missing,,Make a regular expression for keyword lines.
org.el,22614,command,org-info-find-node,missing,,Find Info documentation NODENAME or Org documentation according context.
org.el,,option,org-log-state-notes-into-drawer,missing,,Non-nil means insert state change notes and time stamps into a drawer.
org.el,,option,org-cdlatex-mode-hook,missing,,Hook run after entering or leaving `org-cdlatex-mode'.
org.el,,option,org-default-priority,missing,,The default priority of TODO items.
org.el,,option,org-time-stamp-custom-formats,done,alias of org-timestamp-custom-formats,Custom formats for time stamps.
org.el,,option,org-popup-calendar-for-date-prompt,adapted,alias of org-read-date-popup-calendar,Non-nil means pop up a calendar when prompting for a date.
org.el,,option,org-lowest-priority,missing,,The lowest priority of TODO items.
org.el,,option,org-special-ctrl-a,missing,,Non-nil means `C-a' and `C-e' behave specially in headlines and items.
org.el,,option,org-enable-priority-commands,missing,,Non-nil means priority commands are active.
org.el,,option,org-highest-priority,missing,,The highest priority of TODO items.
org.el,,option,org-startup-with-inline-images,missing,,Non-nil means show inline images when loading a new Org file.
org.el,,option,org-get-priority-function,missing,,Function to extract the priority from a string.
org.el,,option,org-time-stamp-rounding-minutes,done,alias of org-timestamp-rounding-minutes,Number of minutes to round time stamps to.
org.el,,option,org-agenda-multi-occur-extra-files,missing,,List of extra files to be searched by text search commands.
ox-ascii.el,159,option,org-ascii-text-width,missing,,Maximum width of exported text.
ox-ascii.el,168,option,org-ascii-global-margin,missing,,"Width of the left margin, in number of characters."
ox-ascii.el,175,option,org-ascii-inner-margin,missing,,"Width of the inner margin, in number of characters."
ox-ascii.el,183,option,org-ascii-quote-margin,missing,,"Width of margin used for quoting text, in characters."
ox-ascii.el,192,option,org-ascii-list-margin,missing,,"Width of margin used for plain lists, in characters."
ox-ascii.el,201,option,org-ascii-inlinetask-width,missing,,"Width of inline tasks, in number of characters."
ox-ascii.el,209,option,org-ascii-headline-spacing,missing,,Number of blank lines inserted around headlines.
ox-ascii.el,228,option,org-ascii-indented-line-width,missing,,Additional indentation width for the first line in a paragraph.
ox-ascii.el,242,option,org-ascii-paragraph-spacing,missing,,Number of white lines between paragraphs.
ox-ascii.el,254,option,org-ascii-charset,missing,,The charset allowed to represent various elements and objects.
ox-ascii.el,268,option,org-ascii-underline,missing,,Characters for underlining headings in ASCII export.
ox-ascii.el,268,function,org-ascii-underline,missing,,Transcode UNDERLINE from Org to ASCII.
ox-ascii.el,294,option,org-ascii-bullets,missing,,Bullet characters for headlines converted to lists in ASCII export.
ox-ascii.el,322,option,org-ascii-links-to-notes,missing,,Non-nil means convert links to notes before the next headline.
ox-ascii.el,331,option,org-ascii-table-keep-all-vertical-lines,missing,,Non-nil means keep all vertical lines in ASCII tables.
ox-ascii.el,340,option,org-ascii-table-widen-columns,missing,,Non-nil means widen narrowed columns for export.
ox-ascii.el,349,option,org-ascii-table-use-ascii-art,missing,,"Non-nil means ""table.el"" tables are turned into ASCII art."
ox-ascii.el,359,option,org-ascii-caption-above,missing,,"When non-nil, place caption string before the element."
ox-ascii.el,367,option,org-ascii-verbatim-format,missing,,Format string used for verbatim text and inline code.
ox-ascii.el,374,option,org-ascii-format-drawer-function,missing,,Function called to format a drawer in ASCII.
ox-ascii.el,392,option,org-ascii-format-inlinetask-function,missing,,Function called to format an inlinetask in ASCII.
ox-ascii.el,450,function,org-ascii--fill-string,missing,,Fill a string with specified text-width and return it.
ox-ascii.el,476,function,org-ascii--justify-lines,missing,,Justify all lines in string S.
ox-ascii.el,496,function,org-ascii--justify-element,missing,,Justify CONTENTS of ELEMENT.
ox-ascii.el,538,function,org-ascii--indent-string,missing,,Indent string S by WIDTH white spaces.
ox-ascii.el,545,function,org-ascii--box-string,missing,,Return string S with a partial box to its left.
ox-ascii.el,555,function,org-ascii--current-text-width,missing,,Return maximum text width for ELEMENT's contents.
ox-ascii.el,627,function,org-ascii--current-justification,missing,,Return expected justification for ELEMENT's contents.
ox-ascii.el,645,function,org-ascii--build-title,missing,,Format ELEMENT title and return it.
ox-ascii.el,713,function,org-ascii--has-caption-p,missing,,Non-nil when ELEMENT has a caption affiliated keyword.
ox-ascii.el,719,function,org-ascii--build-caption,missing,,"Return caption string for ELEMENT, if applicable."
ox-ascii.el,745,function,org-ascii--build-toc,missing,,Return a table of contents.
ox-ascii.el,783,function,org-ascii--list-listings,missing,,Return a list of listings.
ox-ascii.el,823,function,org-ascii--list-tables,missing,,Return a list of tables.
ox-ascii.el,863,function,org-ascii--unique-links,missing,,Return a list of unique link references in ELEMENT.
ox-ascii.el,896,function,org-ascii--describe-datum,missing,,Describe DATUM object or element.
ox-ascii.el,935,function,org-ascii--describe-links,missing,,Return a string describing a list of links.
ox-ascii.el,984,function,org-ascii--checkbox,missing,,Return checkbox string for ITEM or nil.
ox-ascii.el,997,function,org-ascii-template--document-title,missing,,"Return document title, as a string."
ox-ascii.el,1080,function,org-ascii-inner-template,missing,,Return complete document string after ASCII conversion.
ox-ascii.el,1134,function,org-ascii-template,missing,,Return complete document string after ASCII conversion.
ox-ascii.el,1163,function,org-ascii--translate,missing,,Translate string S according to specified language and charset.
ox-ascii.el,1175,function,org-ascii-bold,missing,,Transcode BOLD from Org to ASCII.
ox-ascii.el,1184,function,org-ascii-center-block,missing,,Transcode a CENTER-BLOCK element from Org to ASCII.
ox-ascii.el,1195,function,org-ascii-clock,missing,,Transcode a CLOCK object from Org to ASCII.
ox-ascii.el,1213,function,org-ascii-code,missing,,Return a CODE object from Org to ASCII.
ox-ascii.el,1223,function,org-ascii-drawer,missing,,Transcode a DRAWER element from Org to ASCII.
ox-ascii.el,1235,function,org-ascii-dynamic-block,missing,,Transcode a DYNAMIC-BLOCK element from Org to ASCII.
ox-ascii.el,1244,function,org-ascii-entity,missing,,Transcode an ENTITY object from Org to ASCII.
ox-ascii.el,1255,function,org-ascii-example-block,missing,,Transcode a EXAMPLE-BLOCK element from Org to ASCII.
ox-ascii.el,1266,function,org-ascii-export-snippet,missing,,Transcode a EXPORT-SNIPPET object from Org to ASCII.
ox-ascii.el,1275,function,org-ascii-export-block,missing,,Transcode a EXPORT-BLOCK element from Org to ASCII.
ox-ascii.el,1285,function,org-ascii-fixed-width,missing,,Transcode a FIXED-WIDTH element from Org to ASCII.
ox-ascii.el,1304,function,org-ascii-footnote-reference,missing,,Transcode a FOOTNOTE-REFERENCE element from Org to ASCII.
ox-ascii.el,1312,function,org-ascii-headline,missing,,Transcode a HEADLINE element from Org to ASCII.
ox-ascii.el,1367,function,org-ascii-horizontal-rule,missing,,Transcode an HORIZONTAL-RULE object from Org to ASCII.
ox-ascii.el,1384,function,org-ascii-inline-src-block,missing,,Transcode an INLINE-SRC-BLOCK element from Org to ASCII.
ox-ascii.el,1394,function,org-ascii-format-inlinetask-default,missing,,Format an inline task element for ASCII export.
ox-ascii.el,1423,function,org-ascii-inlinetask,missing,,Transcode an INLINETASK element from Org to ASCII.
ox-ascii.el,1450,function,org-ascii-italic,missing,,Transcode italic from Org to ASCII.
ox-ascii.el,1459,function,org-ascii-item,missing,,Transcode an ITEM element from Org to ASCII.
ox-ascii.el,1523,function,org-ascii-keyword,missing,,Transcode a KEYWORD element from Org to ASCII.
ox-ascii.el,1554,function,org-ascii-latex-environment,missing,,Transcode a LATEX-ENVIRONMENT element from Org to ASCII.
ox-ascii.el,1566,function,org-ascii-latex-fragment,missing,,Transcode a LATEX-FRAGMENT object from Org to ASCII.
ox-ascii.el,1576,function,org-ascii-line-break,missing,,Transcode a LINE-BREAK object from Org to ASCII.
ox-ascii.el,1584,function,org-ascii-link,missing,,Transcode a LINK object from Org to ASCII.
ox-ascii.el,1636,function,org-ascii-node-property,missing,,Transcode a NODE-PROPERTY element from Org to ASCII.
ox-ascii.el,1648,function,org-ascii-paragraph,missing,,Transcode a PARAGRAPH element from Org to ASCII.
ox-ascii.el,1673,function,org-ascii-plain-list,missing,,Transcode a PLAIN-LIST element from Org to ASCII.
ox-ascii.el,1686,function,org-ascii-plain-text,missing,,Transcode a TEXT string from Org to ASCII.
ox-ascii.el,1705,function,org-ascii-planning,missing,,Transcode a PLANNING element from Org to ASCII.
ox-ascii.el,1731,function,org-ascii-property-drawer,missing,,Transcode a PROPERTY-DRAWER element from Org to ASCII.
ox-ascii.el,1741,function,org-ascii-quote-block,missing,,Transcode a QUOTE-BLOCK element from Org to ASCII.
ox-ascii.el,1750,function,org-ascii-radio-target,missing,,Transcode a RADIO-TARGET object from Org to ASCII.
ox-ascii.el,1759,function,org-ascii-section,missing,,Transcode a SECTION element from Org to ASCII.
ox-ascii.el,1782,function,org-ascii-special-block,missing,,Transcode a SPECIAL-BLOCK element from Org to ASCII.
ox-ascii.el,1794,function,org-ascii-src-block,missing,,Transcode a SRC-BLOCK element from Org to ASCII.
ox-ascii.el,1812,function,org-ascii-statistics-cookie,missing,,Transcode a STATISTICS-COOKIE object from Org to ASCII.
ox-ascii.el,1820,function,org-ascii-subscript,missing,,Transcode a SUBSCRIPT object from Org to ASCII.
ox-ascii.el,1831,function,org-ascii-superscript,missing,,Transcode a SUPERSCRIPT object from Org to ASCII.
ox-ascii.el,1842,function,org-ascii-strike-through,missing,,Transcode STRIKE-THROUGH from Org to ASCII.
ox-ascii.el,1851,function,org-ascii-table,missing,,Transcode a TABLE element from Org to ASCII.
ox-ascii.el,1882,function,org-ascii--table-cell-width,missing,,Return width of TABLE-CELL.
ox-ascii.el,1928,function,org-ascii-table-cell,missing,,Transcode a TABLE-CELL object from Org to ASCII.
ox-ascii.el,1963,function,org-ascii-table-row,missing,,Transcode a TABLE-ROW element from Org to ASCII.
ox-ascii.el,2015,function,org-ascii-timestamp,missing,,Transcode a TIMESTAMP object from Org to ASCII.
ox-ascii.el,2032,function,org-ascii-verbatim,missing,,Return a VERBATIM object from Org to ASCII.
ox-ascii.el,2041,function,org-ascii-verse-block,missing,,Transcode a VERSE-BLOCK element from Org to ASCII.
ox-ascii.el,2053,function,org-ascii-filter-headline-blank-lines,missing,,Filter controlling number of blank lines after a headline.
ox-ascii.el,2067,function,org-ascii-filter-paragraph-spacing,missing,,Filter controlling number of blank lines between paragraphs.
ox-ascii.el,2084,function,org-ascii-filter-comment-spacing,missing,,Filter removing blank lines between comments.
ox-ascii.el,2102,command,org-ascii-convert-region-to-ascii,missing,,"Assume region has Org syntax, and convert it to plain ASCII."
ox-ascii.el,2108,command,org-export-region-to-ascii,missing,,"Assume region has Org syntax, and convert it to plain ASCII."
ox-ascii.el,2111,command,org-ascii-convert-region-to-utf8,missing,,"Assume region has Org syntax, and convert it to UTF-8."
ox-ascii.el,2117,command,org-export-region-to-utf8,missing,,"Assume region has Org syntax, and convert it to UTF-8."
ox-ascii.el,2120,command,org-ascii-export-as-ascii,missing,,Export current buffer to a text buffer.
ox-ascii.el,2155,command,org-ascii-export-to-ascii,missing,,Export current buffer to a text file.
ox-ascii.el,2189,function,org-ascii-publish-to-ascii,missing,,Publish an Org file to ASCII.
ox-ascii.el,2201,function,org-ascii-publish-to-latin1,missing,,Publish an Org file to Latin-1.
ox-ascii.el,2213,function,org-ascii-publish-to-utf8,missing,,Publish an org file to UTF-8.
ox-beamer.el,64,option,org-beamer-frame-level,missing,,The level at which headlines become frames.
ox-beamer.el,84,option,org-beamer-frame-default-options,missing,,Default options string to use for frames.
ox-beamer.el,90,option,org-beamer-column-view-format,missing,,Column view format that should be used to fill the template.
ox-beamer.el,100,option,org-beamer-theme,missing,,Default theme used in Beamer presentations.
ox-beamer.el,110,option,org-beamer-environments-extra,missing,,Environments triggered by tags in Beamer export.
ox-beamer.el,137,option,org-beamer-outline-frame-title,missing,,Default title of a frame containing an outline.
ox-beamer.el,143,option,org-beamer-outline-frame-options,missing,,Outline frame options appended after \begin{frame}.
ox-beamer.el,151,option,org-beamer-subtitle-format,missing,,Format string used for transcoded subtitle.
ox-beamer.el,161,option,org-beamer-frame-environment,missing,,Name of the alternative beamer frame environment.
ox-beamer.el,228,function,org-beamer--normalize-argument,missing,,Return ARGUMENT string with proper boundaries.
ox-beamer.el,245,function,org-beamer--element-has-overlay-p,missing,,Non-nil when ELEMENT has an overlay specified.
ox-beamer.el,300,function,org-beamer-bold,missing,,Transcode BOLD object into Beamer code.
ox-beamer.el,311,function,org-beamer-export-block,missing,,Transcode an EXPORT-BLOCK element into Beamer code.
ox-beamer.el,321,function,org-beamer-export-snippet,missing,,Transcode an EXPORT-SNIPPET object into Beamer code.
ox-beamer.el,351,function,org-beamer--get-label,missing,,"Return label for HEADLINE, as a string."
ox-beamer.el,373,function,org-beamer--frame-level,missing,,Return frame level in subtree containing HEADLINE.
ox-beamer.el,398,function,org-beamer--format-section,missing,,Format HEADLINE as a sectioning part.
ox-beamer.el,432,function,org-beamer--format-frame,missing,,Format HEADLINE as a frame.
ox-beamer.el,547,function,org-beamer--format-block,missing,,Format HEADLINE as a block.
ox-beamer.el,665,function,org-beamer-headline,missing,,Transcode HEADLINE element into Beamer code.
ox-beamer.el,753,function,org-beamer-item,missing,,Transcode an ITEM element into Beamer code.
ox-beamer.el,782,function,org-beamer-keyword,missing,,Transcode a KEYWORD element into Beamer code.
ox-beamer.el,806,function,org-beamer-link,missing,,Transcode a LINK object into Beamer code.
ox-beamer.el,837,function,org-beamer-plain-list,missing,,Transcode a PLAIN-LIST element into Beamer code.
ox-beamer.el,870,function,org-beamer-radio-target,missing,,Transcode a RADIO-TARGET object into Beamer code.
ox-beamer.el,882,function,org-beamer--theme-header,missing,,Return the theme related configuration from INFO as a string.
ox-beamer.el,908,function,org-beamer--insert-theme,missing,,Insert THEME-INFO right after `\documentclass..{beamer}' in HEADER.
ox-beamer.el,928,function,org-beamer-template,missing,,Return complete document string after Beamer conversion.
ox-beamer.el,1033,command,org-beamer-mode,missing,,Support for editing Beamer oriented Org mode files.
ox-beamer.el,1046,function,org-beamer-property-changed,missing,,Track the BEAMER_env property with tags.
ox-beamer.el,1065,function,org-beamer-allowed-property-values,missing,,Supply allowed values for PROPERTY.
ox-beamer.el,1089,command,org-beamer-export-as-latex,missing,,Export current buffer as a Beamer buffer.
ox-beamer.el,1127,command,org-beamer-export-to-latex,missing,,Export current buffer as a Beamer presentation (tex).
ox-beamer.el,1161,command,org-beamer-export-to-pdf,missing,,Export current buffer as a Beamer presentation (PDF).
ox-beamer.el,1196,function,org-beamer-export-to-pdf-and-open,missing,,Export current buffer as a Beamer presentation (PDF) and open it.
ox-beamer.el,1204,command,org-beamer-select-environment,missing,,Select the environment to be used by beamer for this entry.
ox-beamer.el,1258,function,org-beamer-publish-to-latex,missing,,Publish an Org file to a Beamer presentation (LaTeX).
ox-beamer.el,1269,function,org-beamer-publish-to-pdf,missing,,"Publish an Org file to a Beamer presentation (PDF, via LaTeX)."
ox-beamer.el,,option,org-beamer-mode-hook,missing,,Hook run after entering or leaving `org-beamer-mode'.
ox-html.el,264,option,org-html-scripts,missing,,Basic JavaScript to allow highlighting references in code blocks.
ox-html.el,290,option,org-html-style-default,missing,,The default style specification for exported HTML files.
ox-html.el,515,option,org-html-use-infojs,missing,,Non-nil when Sebastian Rose's Java Script org-info.js should be active.
ox-html.el,530,option,org-html-infojs-options,missing,,Options settings for the INFOJS JavaScript.
ox-html.el,552,option,org-html-infojs-template,missing,,The template for the export style additions when org-info.js is used.
ox-html.el,570,function,org-html-infojs-install-script,missing,,Install script in export options when appropriate.
ox-html.el,655,option,org-html-text-markup-alist,missing,,Alist of HTML expressions to convert text markup.
ox-html.el,677,option,org-html-indent,missing,,Non-nil means to indent the generated HTML.
ox-html.el,687,option,org-html-format-drawer-function,missing,,Function called to format a drawer in HTML code.
ox-html.el,704,option,org-html-footnotes-section,missing,,Format for the footnotes section.
ox-html.el,717,option,org-html-footnote-format,missing,,The format for the footnote reference.
ox-html.el,723,option,org-html-footnote-separator,missing,,Text used to separate footnotes.
ox-html.el,730,option,org-html-toplevel-hlevel,missing,,The <H> level for level 1 headings in HTML export.
ox-html.el,741,option,org-html-format-headline-function,missing,,Function to format headline text.
ox-html.el,761,option,org-html-allow-name-attribute-in-anchors,missing,,"When nil, do not set ""name"" attribute in anchors."
ox-html.el,770,option,org-html-self-link-headlines,missing,,"When non-nil, the headlines contain a hyperlink to themselves."
ox-html.el,777,option,org-html-prefer-user-labels,missing,,When non-nil use user-defined names and ID over internal ones.
ox-html.el,797,option,org-html-format-inlinetask-function,missing,,Function called to format an inlinetask in HTML code.
ox-html.el,818,option,org-html-equation-reference-format,missing,,The MathJax command to use when referencing equations.
ox-html.el,836,option,org-html-with-latex,missing,,Non-nil means process LaTeX math snippets.
ox-html.el,864,option,org-html-link-org-files-as-html,missing,,"Non-nil means make file links to ""file.org"" point to ""file.html""."
ox-html.el,880,option,org-html-inline-images,missing,,Non-nil means inline images into exported HTML pages.
ox-html.el,889,option,org-html-inline-image-rules,missing,,Rules characterizing image files that can be inlined into HTML.
ox-html.el,912,option,org-html-htmlize-output-type,missing,,Output type to be used by htmlize when formatting code snippets.
ox-html.el,933,option,org-html-htmlize-font-prefix,missing,,The prefix for CSS class names for htmlize font specifications.
ox-html.el,938,option,org-html-wrap-src-lines,missing,,"If non-nil, wrap individual lines of source blocks in ""code"" elements."
ox-html.el,949,option,org-html-table-default-attributes,missing,,Default attributes and values which will be used in table tags.
ox-html.el,962,option,org-html-table-header-tags,missing,,The opening and ending tags for table header fields.
ox-html.el,972,option,org-html-table-data-tags,missing,,The opening and ending tags for table data fields.
ox-html.el,981,option,org-html-table-row-open-tag,missing,,The opening tag for table rows.
ox-html.el,1014,option,org-html-table-row-close-tag,missing,,The closing tag for table rows.
ox-html.el,1026,option,org-html-table-align-individual-fields,missing,,Non-nil means attach style attributes for alignment to each table field.
ox-html.el,1034,option,org-html-table-use-header-tags-for-first-column,missing,,Non-nil means format column one in tables with header tags.
ox-html.el,1040,option,org-html-table-caption-above,missing,,"When non-nil, place caption string at the beginning of the table."
ox-html.el,1048,option,org-html-tag-class-prefix,missing,,Prefix to class names for TODO keywords.
ox-html.el,1059,option,org-html-extension,missing,,The extension for exported HTML files.
ox-html.el,1064,option,org-html-xml-declaration,missing,,The extension for exported HTML files.
ox-html.el,1080,option,org-html-coding-system,missing,,Coding system for HTML export.
ox-html.el,1088,option,org-html-doctype,missing,,Document type definition to use for exported HTML files.
ox-html.el,1088,function,org-html-doctype,missing,,Return correct HTML doctype tag.
ox-html.el,1100,option,org-html-html5-fancy,missing,,Non-nil means using new HTML5 elements.
ox-html.el,1108,option,org-html-container-element,missing,,HTML element to use for wrapping top level sections.
ox-html.el,1120,option,org-html-content-class,missing,,CSS class name to use for the top level content wrapper.
ox-html.el,1130,option,org-html-divs,missing,,Alist of the three section elements for HTML export.
ox-html.el,1177,option,org-html-checkbox-type,missing,,The type of checkboxes to use for HTML export.
ox-html.el,1189,option,org-html-metadata-timestamp-format,missing,,"Format used for timestamps in preamble, postamble and metadata."
ox-html.el,1197,option,org-html-datetime-formats,missing,,Formats used for the timestamp added as metadata to the time HTML element.
ox-html.el,1213,option,org-html-mathjax-options,missing,,Options for MathJax setup.
ox-html.el,1334,option,org-html-mathjax-template,missing,,The MathJax template.  See also `org-html-mathjax-options'.
ox-html.el,1373,option,org-html-postamble,missing,,Non-nil means insert a postamble in HTML export.
ox-html.el,1397,option,org-html-postamble-format,missing,,Alist of languages and format strings for the HTML postamble.
ox-html.el,1427,option,org-html-validation-link,missing,,Link to HTML validation service.
ox-html.el,1434,option,org-html-creator-string,missing,,Information about the creator of the HTML document.
ox-html.el,1447,option,org-html-preamble,missing,,Non-nil means insert a preamble in HTML export.
ox-html.el,1467,option,org-html-preamble-format,missing,,Alist of languages and format strings for the HTML preamble.
ox-html.el,1496,option,org-html-link-up,missing,,"Where should the ""UP"" link of exported HTML pages lead?"
ox-html.el,1501,option,org-html-link-home,missing,,"Where should the ""HOME"" link of exported HTML pages lead?"
ox-html.el,1506,option,org-html-link-use-abs-url,missing,,Should we prepend relative links with HTML_LINK_HOME?
ox-html.el,1513,option,org-html-home/up-format,missing,,Snippet used to insert the HOME and UP links.
ox-html.el,1527,option,org-html-base-directory,missing,,Directory of the project that you intend to export.
ox-html.el,1540,option,org-html-head-include-scripts,missing,,Non-nil means include the JavaScript snippets in exported HTML files.
ox-html.el,1550,option,org-html-meta-tags,missing,,Form that is used to produce meta tags in the HTML head.
ox-html.el,1567,option,org-html-head-include-default-style,missing,,Non-nil means include the default style in exported HTML files.
ox-html.el,1579,option,org-html-head,missing,,Org-wide head definitions for exported HTML files.
ox-html.el,1616,option,org-html-head-extra,missing,,More head information to add in the HTML output.
ox-html.el,1633,option,org-html-viewport,missing,,Viewport options for mobile-optimized sites.
ox-html.el,1681,option,org-html-klipsify-src,missing,,"When non-nil, source code blocks are editable in exported presentation."
ox-html.el,1687,option,org-html-klipse-css,missing,,Location of the codemirror CSS file for use with klipse.
ox-html.el,1694,option,org-html-klipse-js,missing,,Location of the klipse javascript file.
ox-html.el,1700,option,org-html-klipse-selection-script,missing,,JavaScript snippet to activate klipse.
ox-html.el,1715,option,org-html-todo-kwd-class-prefix,missing,,Prefix to class names for TODO keywords.
ox-html.el,1727,function,org-html-xhtml-p,missing,,Return non-nil when :html-doctype property in INFO plist is xhtml.
ox-html.el,1732,function,org-html-html5-p,missing,,Return non-nil when :html-doctype property in INFO plist is html5 or equivalent.
ox-html.el,1737,function,org-html--html5-fancy-p,missing,,Non-nil when exporting to HTML5 with fancy elements.
ox-html.el,1743,function,org-html-close-tag,missing,,Return close-tag for string TAG.
ox-html.el,1760,function,org-html--make-attribute-string,missing,,"Return a list of attributes, as a string."
ox-html.el,1773,function,org-html--reference,missing,,Return an appropriate reference for DATUM.
ox-html.el,1807,function,org-html--wrap-image,missing,,Wrap CONTENTS string within an appropriate environment for images.
ox-html.el,1825,function,org-html--format-image,missing,,"Return ""img"" tag with given SOURCE and ATTRIBUTES."
ox-html.el,1846,function,org-html--textarea-block,missing,,Transcode ELEMENT into a textarea block.
ox-html.el,1856,function,org-html--has-caption-p,missing,,Non-nil when ELEMENT has a caption affiliated keyword.
ox-html.el,1863,function,org-html--format-timestamp,missing,,Format given TIMESTAMP for inclusion in an HTML document.
ox-html.el,1888,function,org-html-htmlize-region-for-paste,missing,,"Convert the region between BEG and END to HTML, using htmlize.el."
ox-html.el,1902,command,org-html-htmlize-generate-css,missing,,Create the CSS for all font definitions in the current Emacs session.
ox-html.el,1940,function,org-html--make-string,missing,,Build a string by concatenating N times STRING.
ox-html.el,1944,function,org-html-fix-class-name,missing,,Turn todo keyword KWD into a valid class name.
ox-html.el,1949,function,org-html-footnote-section,missing,,Format the footnote section.
ox-html.el,1996,function,org-html-meta-tags-default,missing,,A default value for `org-html-meta-tags'.
ox-html.el,2018,function,org-html--build-meta-entry,missing,,Build a meta tag using the provided information.
ox-html.el,2044,function,org-html--build-meta-info,missing,,Return meta tags for exported document.
ox-html.el,2088,function,org-html-normalize-string-or-function,missing,,Normalize INPUT function or string.
ox-html.el,2097,function,org-html--build-head,missing,,Return information for the <head>..</head> of the HTML output.
ox-html.el,2115,function,org-html--build-mathjax-config,missing,,Insert the user setup into the mathjax template.
ox-html.el,2199,function,org-html-format-spec,missing,,Return format specification for preamble and postamble.
ox-html.el,2220,function,org-html--build-pre/postamble,missing,,"Return document preamble or postamble as a string, or nil."
ox-html.el,2284,function,org-html-inner-template,missing,,Return body of document string after HTML conversion.
ox-html.el,2297,function,org-html-template,missing,,Return complete document string after HTML conversion.
ox-html.el,2380,function,org-html--translate,missing,,Translate string S according to specified language.
ox-html.el,2387,function,org-html--anchor,missing,,Format a HTML anchor.
ox-html.el,2399,function,org-html--todo,missing,,Format TODO keywords into HTML.
ox-html.el,2412,function,org-html--priority,missing,,Format a priority into HTML.
ox-html.el,2421,function,org-html--tags,missing,,Format TAGS into HTML.
ox-html.el,2436,function,org-html-fontify-code,missing,,Color CODE with htmlize library.
ox-html.el,2498,function,org-html-do-format-code,missing,,Format CODE string as source code.
ox-html.el,2540,function,org-html-format-code,missing,,Format contents of ELEMENT as source code.
ox-html.el,2560,function,org-html-toc,missing,,Build a table of contents.
ox-html.el,2593,function,org-html--toc-text,missing,,"Return innards of a table of contents, as a string."
ox-html.el,2620,function,org-html--format-toc-headline,missing,,Return an appropriate table of contents entry for HEADLINE.
ox-html.el,2652,function,org-html-list-of-listings,missing,,Build a list of listings.
ox-html.el,2690,function,org-html-list-of-tables,missing,,Build a list of tables.
ox-html.el,2733,function,org-html-bold,missing,,Transcode BOLD from Org to HTML.
ox-html.el,2742,function,org-html-center-block,missing,,Transcode a CENTER-BLOCK element from Org to HTML.
ox-html.el,2750,function,org-html-clock,missing,,Transcode a CLOCK element from Org to HTML.
ox-html.el,2766,function,org-html-code,missing,,Transcode CODE from Org to HTML.
ox-html.el,2775,function,org-html-drawer,missing,,Transcode a DRAWER element from Org to HTML.
ox-html.el,2785,function,org-html-dynamic-block,missing,,Transcode a DYNAMIC-BLOCK element from Org to HTML.
ox-html.el,2793,function,org-html-entity,missing,,Transcode an ENTITY object from Org to HTML.
ox-html.el,2801,function,org-html-example-block,missing,,Transcode a EXAMPLE-BLOCK element from Org to HTML.
ox-html.el,2822,function,org-html-export-snippet,missing,,Transcode a EXPORT-SNIPPET object from Org to HTML.
ox-html.el,2831,function,org-html-export-block,missing,,Transcode a EXPORT-BLOCK element from Org to HTML.
ox-html.el,2839,function,org-html-fixed-width,missing,,Transcode a FIXED-WIDTH element from Org to HTML.
ox-html.el,2849,function,org-html-footnote-reference,missing,,Transcode a FOOTNOTE-REFERENCE element from Org to HTML.
ox-html.el,2888,function,org-html-headline,missing,,Transcode a HEADLINE element from Org to HTML.
ox-html.el,2960,function,org-html-format-headline-default-function,missing,,Default format function for a headline.
ox-html.el,2973,function,org-html--container,missing,,Return HTML container name for HEADLINE as a string.
ox-html.el,2983,function,org-html-horizontal-rule,missing,,Transcode an HORIZONTAL-RULE  object from Org to HTML.
ox-html.el,2990,function,org-html-inline-src-block,missing,,Transcode an INLINE-SRC-BLOCK element from Org to HTML.
ox-html.el,3005,function,org-html-inlinetask,missing,,Transcode an INLINETASK element from Org to HTML.
ox-html.el,3021,function,org-html-format-inlinetask-default-function,missing,,Default format function for inlinetasks.
ox-html.el,3035,function,org-html-italic,missing,,Transcode ITALIC from Org to HTML.
ox-html.el,3045,function,org-html-checkbox,missing,,Format CHECKBOX into HTML.
ox-html.el,3055,function,org-html-format-list-item,missing,,Format a list item into HTML.
ox-html.el,3099,function,org-html-item,missing,,Transcode an ITEM element from Org to HTML.
ox-html.el,3119,function,org-html-keyword,missing,,Transcode a KEYWORD element from Org to HTML.
ox-html.el,3144,function,org-html-format-latex,missing,,Format a LaTeX fragment LATEX-FRAG into HTML.
ox-html.el,3184,function,org-html--wrap-latex-environment,missing,,Wrap CONTENTS string within appropriate environment for equations.
ox-html.el,3198,function,org-html--math-environment-p,missing,,Non-nil when ELEMENT is a LaTeX math environment.
ox-html.el,3209,function,org-html--latex-environment-numbered-p,missing,,Non-nil when ELEMENT is a numbered LaTeX math environment.
ox-html.el,3215,function,org-html--unlabel-latex-environment,missing,,Change environment in LATEX-FRAG string to an unnumbered one.
ox-html.el,3226,function,org-html-latex-environment,missing,,Transcode a LATEX-ENVIRONMENT element from Org to HTML.
ox-html.el,3265,function,org-html-latex-fragment,missing,,Transcode a LATEX-FRAGMENT object from Org to HTML.
ox-html.el,3286,function,org-html-line-break,missing,,Transcode a LINE-BREAK object from Org to HTML.
ox-html.el,3293,function,org-html-image-link-filter,missing,,Process image links that are inside descriptions.
ox-html.el,3299,function,org-html-inline-image-p,missing,,Non-nil when LINK is meant to appear as an image.
ox-html.el,3329,function,org-html-standalone-image-p,missing,,Non-nil if ELEMENT is a standalone image.
ox-html.el,3368,function,org-html--create-file-link-path,missing,,Convert RAW-PATH into a HTML file link path.
ox-html.el,3390,function,org-html-link,missing,,Transcode a LINK object from Org to HTML.
ox-html.el,3571,function,org-html-node-property,missing,,Transcode a NODE-PROPERTY element from Org to HTML.
ox-html.el,3582,function,org-html-paragraph,missing,,Transcode a PARAGRAPH element from Org to HTML.
ox-html.el,3628,function,org-html-plain-list,missing,,Transcode a PLAIN-LIST element from Org to HTML.
ox-html.el,3652,function,org-html-convert-special-strings,missing,,Convert special characters in STRING to HTML.
ox-html.el,3659,function,org-html-encode-plain-text,missing,,Convert plain text characters from TEXT to HTML equivalent.
ox-html.el,3665,function,org-html-plain-text,missing,,Transcode a TEXT string from Org to HTML.
ox-html.el,3691,function,org-html-planning,missing,,Transcode a PLANNING element from Org to HTML.
ox-html.el,3714,function,org-html-property-drawer,missing,,Transcode a PROPERTY-DRAWER element from Org to HTML.
ox-html.el,3723,function,org-html-quote-block,missing,,Transcode a QUOTE-BLOCK element from Org to HTML.
ox-html.el,3739,function,org-html-section,missing,,Transcode a SECTION element from Org to HTML.
ox-html.el,3764,function,org-html-radio-target,missing,,Transcode a RADIO-TARGET object from Org to HTML.
ox-html.el,3773,function,org-html-special-block,missing,,Transcode a SPECIAL-BLOCK element from Org to HTML.
ox-html.el,3799,function,org-html-src-block,missing,,Transcode a SRC-BLOCK element from Org to HTML.
ox-html.el,3841,function,org-html-statistics-cookie,missing,,Transcode a STATISTICS-COOKIE object from Org to HTML.
ox-html.el,3849,function,org-html-strike-through,missing,,Transcode STRIKE-THROUGH from Org to HTML.
ox-html.el,3860,function,org-html-subscript,missing,,Transcode a SUBSCRIPT object from Org to HTML.
ox-html.el,3868,function,org-html-superscript,missing,,Transcode a SUPERSCRIPT object from Org to HTML.
ox-html.el,3876,function,org-html-table-cell,missing,,Transcode a TABLE-CELL element from Org to HTML.
ox-html.el,3910,function,org-html-table-row,missing,,Transcode a TABLE-ROW element from Org to HTML.
ox-html.el,3959,function,org-html-table-first-row-data-cells,missing,,Transcode the first row of TABLE.
ox-html.el,3971,function,org-html-table--table.el-table,missing,,Format table.el TABLE into HTML.
ox-html.el,3987,function,org-html-table,missing,,Transcode a TABLE element from Org to HTML.
ox-html.el,4044,function,org-html-target,missing,,Transcode a TARGET object from Org to HTML.
ox-html.el,4053,function,org-html-timestamp,missing,,Transcode a TIMESTAMP object from Org to HTML.
ox-html.el,4070,function,org-html-underline,missing,,Transcode UNDERLINE from Org to HTML.
ox-html.el,4080,function,org-html-verbatim,missing,,Transcode VERBATIM from Org to HTML.
ox-html.el,4089,function,org-html-verse-block,missing,,Transcode a VERSE-BLOCK element from Org to HTML.
ox-html.el,4107,function,org-html-final-function,missing,,Filter to indent the HTML and convert HTML entities.
ox-html.el,4121,command,org-html-export-as-html,missing,,Export current buffer to an HTML buffer.
ox-html.el,4157,command,org-html-convert-region-to-html,missing,,"Assume the current region has Org syntax, and convert it to HTML."
ox-html.el,4165,command,org-export-region-to-html,missing,,"Assume the current region has Org syntax, and convert it to HTML."
ox-html.el,4168,command,org-html-export-to-html,missing,,Export current buffer to a HTML file.
ox-html.el,4208,function,org-html-publish-to-html,missing,,Publish an org file to HTML.
ox-icalendar.el,52,option,org-icalendar-combined-agenda-file,missing,,The file name for the iCalendar file covering all agenda files.
ox-icalendar.el,59,option,org-icalendar-alarm-time,missing,,Number of minutes for triggering an alarm for exported timed events.
ox-icalendar.el,72,option,org-icalendar-force-alarm,missing,,Non-nil means alarm will be created even if is set to zero.
ox-icalendar.el,83,option,org-icalendar-combined-name,missing,,Calendar name for the combined iCalendar representing all agenda files.
ox-icalendar.el,88,option,org-icalendar-combined-description,missing,,Calendar description for the combined iCalendar (all agenda files).
ox-icalendar.el,93,option,org-icalendar-exclude-tags,missing,,Tags that exclude a tree from export.
ox-icalendar.el,101,option,org-icalendar-scheduled-summary-prefix,missing,,String prepended to exported scheduled headlines.
ox-icalendar.el,109,option,org-icalendar-deadline-summary-prefix,missing,,String prepended to exported headlines with a deadline.
ox-icalendar.el,116,option,org-icalendar-use-deadline,missing,,Contexts where iCalendar export should use a deadline time stamp.
ox-icalendar.el,148,option,org-icalendar-use-scheduled,missing,,Contexts where iCalendar export should use a scheduling time stamp.
ox-icalendar.el,183,option,org-icalendar-categories,missing,,"Items that should be entered into the ""categories"" field."
ox-icalendar.el,199,option,org-icalendar-with-timestamps,missing,,Non-nil means make an event from plain time stamps.
ox-icalendar.el,225,option,org-icalendar-include-todo,missing,,Non-nil means create VTODO components from TODO items.
ox-icalendar.el,243,option,org-icalendar-todo-unscheduled-start,missing,,Exported start date of unscheduled TODOs.
ox-icalendar.el,275,option,org-icalendar-include-bbdb-anniversaries,missing,,Non-nil means a combined iCalendar file should include anniversaries.
ox-icalendar.el,281,option,org-icalendar-include-sexps,missing,,Non-nil means export to iCalendar files should also cover sexp entries.
ox-icalendar.el,287,option,org-icalendar-include-body,missing,,Amount of text below headline to be included in iCalendar export.
ox-icalendar.el,298,option,org-icalendar-store-UID,missing,,Non-nil means store any created UIDs in properties.
ox-icalendar.el,314,option,org-icalendar-timezone,missing,,The time zone string for iCalendar export.
ox-icalendar.el,323,option,org-icalendar-date-time-format,missing,,Format-string for exporting icalendar DATE-TIME.
ox-icalendar.el,341,option,org-icalendar-ttl,missing,,Time to live for the exported calendar.
ox-icalendar.el,422,function,org-icalendar-create-uid,missing,,Set ID property on headlines missing it in FILE.
ox-icalendar.el,439,function,org-icalendar-blocked-headline-p,missing,,Non-nil when HEADLINE is considered to be blocked.
ox-icalendar.el,473,function,org-icalendar-use-UTC-date-time-p,missing,,Non-nil when `org-icalendar-date-time-format' requires UTC time.
ox-icalendar.el,479,function,org-icalendar-convert-timestamp,missing,,Convert TIMESTAMP to iCalendar format.
ox-icalendar.el,544,function,org-icalendar-dtstamp,missing,,"Return DTSTAMP property, as a string."
ox-icalendar.el,548,function,org-icalendar-get-categories,missing,,Return categories according to `org-icalendar-categories'.
ox-icalendar.el,575,function,org-icalendar-transcode-diary-sexp,missing,,Transcode a diary sexp into iCalendar format.
ox-icalendar.el,589,function,org-icalendar-cleanup-string,missing,,Cleanup string S according to RFC 5545.
ox-icalendar.el,599,function,org-icalendar-fold-string,missing,,Fold string S according to RFC 5545.
ox-icalendar.el,621,function,org-icalendar--post-process-file,missing,,Post-process the exported iCalendar FILE.
ox-icalendar.el,636,function,org-icalendar-clear-blank-lines,missing,,Remove blank lines in HEADLINE export.
ox-icalendar.el,657,function,org-icalendar-entry,missing,,Transcode ENTRY element into iCalendar format.
ox-icalendar.el,822,function,org-icalendar--export-block,missing,,Transcode a EXPORT-BLOCK element from Org to iCalendar.
ox-icalendar.el,828,function,org-icalendar--keyword,missing,,Transcode a KEYWORD element into iCalendar text.
ox-icalendar.el,835,function,org-icalendar--rrule,missing,,Format RRULE icalendar entry for UNIT frequency and VALUE interval.
ox-icalendar.el,844,function,org-icalendar--vevent,missing,,Create a VEVENT component.
ox-icalendar.el,887,function,org-icalendar--repeater-type,missing,,"Return ELEM's repeater-type if supported, else warn and return nil."
ox-icalendar.el,904,function,org-icalendar--vtodo,missing,,Create a VTODO component.
ox-icalendar.el,1035,function,org-icalendar--valarm,missing,,Create a VALARM component.
ox-icalendar.el,1071,function,org-icalendar-inner-template,missing,,Return document body string after iCalendar conversion.
ox-icalendar.el,1076,function,org-icalendar-template,missing,,Return complete document string after iCalendar conversion.
ox-icalendar.el,1096,function,org-icalendar--vcalendar,missing,,Create a VCALENDAR component.
ox-icalendar.el,1124,command,org-icalendar-export-to-ics,missing,,Export current buffer to an iCalendar file.
ox-icalendar.el,1161,command,org-icalendar-export-agenda-files,missing,,Export all agenda files to iCalendar files.
ox-icalendar.el,1196,command,org-icalendar-combine-agenda-files,missing,,Combine all agenda files into a single iCalendar file.
ox-icalendar.el,1216,function,org-icalendar-export-current-agenda,missing,,Export current agenda view to an iCalendar FILE.
ox-icalendar.el,1253,function,org-icalendar--combine-files,missing,,Combine entries from multiple files into an iCalendar file.
ox-koma-letter.el,186,option,org-koma-letter-class-option-file,missing,,Letter Class Option File.
ox-koma-letter.el,191,option,org-koma-letter-author,missing,,Sender's name.
ox-koma-letter.el,205,option,org-koma-letter-email,missing,,Sender's email address.
ox-koma-letter.el,205,function,org-koma-letter-email,missing,,Return the current `user-mail-address'.
ox-koma-letter.el,218,option,org-koma-letter-from-address,missing,,"Sender's address, as a string."
ox-koma-letter.el,224,option,org-koma-letter-phone-number,missing,,"Sender's phone number, as a string."
ox-koma-letter.el,229,option,org-koma-letter-url,missing,,"Sender's URL, e. g., the URL of her homepage."
ox-koma-letter.el,235,option,org-koma-letter-from-logo,missing,,"Commands for inserting the sender's logo, e. g., \includegraphics{logo}."
ox-koma-letter.el,241,option,org-koma-letter-place,missing,,"Place from which the letter is sent, as a string."
ox-koma-letter.el,246,option,org-koma-letter-location,missing,,"Sender's extension field, as a string."
ox-koma-letter.el,263,option,org-koma-letter-opening,missing,,"Letter's opening, as a string."
ox-koma-letter.el,276,option,org-koma-letter-closing,missing,,"Letter's closing, as a string."
ox-koma-letter.el,289,option,org-koma-letter-signature,missing,,"Signature, as a string."
ox-koma-letter.el,304,option,org-koma-letter-prefer-special-headings,missing,,Non-nil means prefer headlines over keywords for TO and FROM.
ox-koma-letter.el,310,option,org-koma-letter-subject-format,missing,,Non-nil means include the subject.
ox-koma-letter.el,347,option,org-koma-letter-use-backaddress,missing,,Non-nil prints return address in line above to address.
ox-koma-letter.el,353,option,org-koma-letter-use-foldmarks,missing,,Configure appearance of folding marks.
ox-koma-letter.el,403,option,org-koma-letter-use-phone,missing,,Non-nil prints sender's phone number.
ox-koma-letter.el,409,option,org-koma-letter-use-url,missing,,Non-nil prints sender's URL.
ox-koma-letter.el,416,option,org-koma-letter-use-from-logo,missing,,Non-nil prints sender's FROM_LOGO.
ox-koma-letter.el,423,option,org-koma-letter-use-email,missing,,Non-nil prints sender's email address.
ox-koma-letter.el,429,option,org-koma-letter-use-place,missing,,Non-nil prints the letter's place next to the date.
ox-koma-letter.el,435,option,org-koma-letter-default-class,missing,,Default class for `org-koma-letter'.
ox-koma-letter.el,440,option,org-koma-letter-headline-is-opening-maybe,missing,,Non-nil means a headline may be used as an opening and closing.
ox-koma-letter.el,446,option,org-koma-letter-prefer-subject,missing,,Non-nil means title should be interpreted as subject if subject is missing.
ox-koma-letter.el,550,function,org-koma-letter--get-tagged-contents,missing,,Get contents from a headline tagged with KEY.
ox-koma-letter.el,557,function,org-koma-letter--get-value,missing,,Turn value into a string whenever possible.
ox-koma-letter.el,567,function,org-koma-letter--special-contents-inline,missing,,Process KEYWORDS members of `org-koma-letter-special-contents'.
ox-koma-letter.el,590,function,org-koma-letter--add-latex-newlines,missing,,Replace regular newlines with LaTeX newlines (i.e. `\\') in STRING.
ox-koma-letter.el,603,function,org-koma-letter-export-block,missing,,Transcode an EXPORT-BLOCK element into KOMA Scrlttr2 code.
ox-koma-letter.el,613,function,org-koma-letter-export-snippet,missing,,Transcode an EXPORT-SNIPPET object into KOMA Scrlttr2 code.
ox-koma-letter.el,622,function,org-koma-letter-keyword,missing,,Transcode a KEYWORD element into KOMA Scrlttr2 code.
ox-koma-letter.el,635,function,org-koma-letter-headline,missing,,Transcode a HEADLINE element from Org to LaTeX.
ox-koma-letter.el,650,function,org-koma-letter--special-tag,missing,,Non-nil if HEADLINE is a special headline.
ox-koma-letter.el,661,function,org-koma-letter--keyword-or-headline,missing,,Return the correct version of opening or closing.
ox-koma-letter.el,683,function,org-koma-letter-template,missing,,Return complete document string after KOMA Scrlttr2 conversion.
ox-koma-letter.el,776,function,org-koma-letter--build-settings,missing,,Build settings string according to type.
ox-koma-letter.el,883,command,org-koma-letter-export-as-latex,missing,,Export current buffer as a KOMA Scrlttr2 letter.
ox-koma-letter.el,922,command,org-koma-letter-export-to-latex,missing,,Export current buffer as a KOMA Scrlttr2 letter (tex).
ox-koma-letter.el,960,command,org-koma-letter-export-to-pdf,missing,,Export current buffer as a KOMA Scrlttr2 letter (pdf).
ox-latex.el,335,option,org-latex-caption-above,missing,,"When non-nil, place caption string at the beginning of elements."
ox-latex.el,352,option,org-latex-prefer-user-labels,missing,,Use user-provided labels instead of internal ones when non-nil.
ox-latex.el,411,option,org-latex-reference-command,missing,,Format string that takes a reference to produce a LaTeX reference command.
ox-latex.el,424,option,org-latex-default-class,missing,,The default LaTeX class.
ox-latex.el,429,option,org-latex-classes,missing,,Alist of LaTeX classes and associated header and structure.
ox-latex.el,559,option,org-latex-inputenc-alist,missing,,"Alist of inputenc coding system names, and what should really be used."
ox-latex.el,573,option,org-latex-title-command,missing,,The command used to insert the title just after \begin{document}.
ox-latex.el,597,option,org-latex-subtitle-format,missing,,Format string used for transcoded subtitle.
ox-latex.el,607,option,org-latex-subtitle-separate,missing,,Non-nil means the subtitle is not typeset as part of title.
ox-latex.el,615,option,org-latex-toc-command,missing,,"LaTeX command to set the table of contents, list of figures, etc."
ox-latex.el,623,option,org-latex-hyperref-template,missing,,Template for hyperref package options.
ox-latex.el,655,option,org-latex-doc-metadata,missing,,A string with the document metadata.
ox-latex.el,669,function,org-latex--build-metadata-string,missing,,Extract the document metadata from INFO and handle language info.
ox-latex.el,693,option,org-latex-format-headline-function,missing,,Function for formatting the headline's text.
ox-latex.el,714,option,org-latex-default-footnote-command,missing,,Default command used to insert footnotes.
ox-latex.el,726,option,org-latex-footnote-separator,missing,,Text used to separate footnotes.
ox-latex.el,731,option,org-latex-footnote-defined-format,missing,,Format string used to format reference to footnote already defined.
ox-latex.el,744,option,org-latex-active-timestamp-format,missing,,A `format' string to be applied to active timestamps.
ox-latex.el,749,option,org-latex-inactive-timestamp-format,missing,,A `format' string to be applied to inactive timestamps.
ox-latex.el,754,option,org-latex-diary-timestamp-format,missing,,A `format' string to be applied to diary timestamps.
ox-latex.el,762,option,org-latex-images-centered,missing,,"When non-nil, images are centered."
ox-latex.el,770,option,org-latex-image-default-option,missing,,Default option for images.
ox-latex.el,777,option,org-latex-image-default-width,missing,,Default width for images.
ox-latex.el,785,option,org-latex-image-default-scale,missing,,Default scale for images.
ox-latex.el,794,option,org-latex-image-default-height,missing,,Default height for images.
ox-latex.el,804,option,org-latex-default-figure-position,missing,,Default position for LaTeX figures.
ox-latex.el,811,option,org-latex-inline-image-rules,missing,,Rules characterizing image files that can be inlined into LaTeX.
ox-latex.el,834,option,org-latex-link-with-unknown-path-format,missing,,Format string for links with unknown path type.
ox-latex.el,839,option,org-latex-default-example-environment,missing,,Default environment used in example blocks.
ox-latex.el,846,option,org-latex-default-example-options,missing,,Default options for the environment used in example blocks.
ox-latex.el,857,option,org-latex-default-table-environment,missing,,Default environment used to build tables.
ox-latex.el,864,option,org-latex-default-quote-environment,missing,,Default environment used to `quote' blocks.
ox-latex.el,870,option,org-latex-default-table-mode,missing,,Default mode for tables.
ox-latex.el,901,option,org-latex-tables-centered,missing,,"When non-nil, tables are exported in a center environment."
ox-latex.el,907,option,org-latex-tables-booktabs,missing,,"When non-nil, display tables in a formal ""booktabs"" style."
ox-latex.el,919,option,org-latex-table-scientific-notation,missing,,Format string to display numbers in scientific notation.
ox-latex.el,935,option,org-latex-descriptive-environment,missing,,The environment to use for lists tagged as descriptive.
ox-latex.el,953,option,org-latex-text-markup-alist,missing,,Alist of LaTeX expressions to convert text markup.
ox-latex.el,982,option,org-latex-format-drawer-function,missing,,Function called to format a drawer in LaTeX code.
ox-latex.el,1000,option,org-latex-format-inlinetask-function,missing,,Function called to format an inlinetask in LaTeX code.
ox-latex.el,1022,option,org-latex-src-block-backend,missing,,Backend used to generate source code listings.
ox-latex.el,1091,option,org-latex-listings-langs,missing,,Alist mapping languages to their listing language counterpart.
ox-latex.el,1118,option,org-latex-listings-src-omit-language,missing,,Discard src block language parameter in listings.
ox-latex.el,1135,option,org-latex-listings-options,missing,,Association list of options for the latex listings package.
ox-latex.el,1169,option,org-latex-minted-langs,missing,,Alist mapping languages to their minted language counterpart.
ox-latex.el,1193,option,org-latex-minted-options,missing,,Association list of options for the latex minted package.
ox-latex.el,1225,option,org-latex-custom-lang-environments,missing,,Alist mapping languages to language-specific LaTeX environments.
ox-latex.el,1277,option,org-latex-engraved-preamble,missing,,Preamble content injected when using engrave-faces-latex for source blocks.
ox-latex.el,1338,option,org-latex-engraved-options,missing,,Association list of options for the latex fvextra package when engraving code.
ox-latex.el,1375,option,org-latex-engraved-theme,missing,,"The theme that should be used for engraved code, when non-nil."
ox-latex.el,1385,function,org-latex-generate-engraved-preamble,missing,,Generate the preamble to setup engraved code.
ox-latex.el,1479,option,org-latex-compiler-file-string,missing,,LaTeX compiler format-string.
ox-latex.el,1495,option,org-latex-compiler,missing,,LaTeX compiler to use.
ox-latex.el,1515,option,org-latex-bib-compiler,missing,,Command to process a LaTeX file's bibliography.
ox-latex.el,1529,option,org-latex-pdf-process,missing,,Commands to process a LaTeX file to a PDF file.
ox-latex.el,1584,option,org-latex-logfiles-extensions,missing,,The list of file extensions to consider as LaTeX logfiles.
ox-latex.el,1595,option,org-latex-remove-logfiles,missing,,Non-nil means remove the logfiles produced by PDF production.
ox-latex.el,1603,option,org-latex-known-warnings,missing,,Alist of regular expressions and associated messages for the user.
ox-latex.el,1624,option,org-latex-toc-include-unnumbered,missing,,Whether to include unnumbered headings in the table of contents.
ox-latex.el,1638,option,org-latex-fontspec-config,missing,,An alist with the configuration for the fontspec package.
ox-latex.el,1671,function,org-latex-get-font-list,missing,,Add the Emacs script list from CONTENTS into the INFO channel.
ox-latex.el,1681,function,org-latex--caption-above-p,missing,,Non-nil when caption is expected to be located above ELEMENT.
ox-latex.el,1689,function,org-latex--label,missing,,Return an appropriate label for DATUM.
ox-latex.el,1731,function,org-latex--caption/label-string,missing,,Return caption and label LaTeX string for ELEMENT.
ox-latex.el,1783,function,org-latex-guess-inputenc,missing,,Set the coding system in inputenc to what the buffer is.
ox-latex.el,1801,function,org-latex-guess-babel-language,missing,,Set Babel's language according to LANGUAGE keyword.
ox-latex.el,1860,function,org-latex-guess-polyglossia-language,missing,,Set the Polyglossia language according to the LANGUAGE keyword.
ox-latex.el,1918,function,org-latex--needs-math-font,missing,,Return t if INFO contains a :latex-fontspec-config with a math font.
ox-latex.el,1924,function,org-latex--needs-xecjk,missing,,Return t if INFO contains a :latex-fontspec-config with a CJK font.
ox-latex.el,1937,function,org-latex--fontspec-preamble,missing,,Return the fontspec configuration for the INFO channel as a string.
ox-latex.el,2024,function,org-latex-guess-fontspec,missing,,Add the fontspec package configuration passed in INFO to HEADER.
ox-latex.el,2038,function,org-latex--remove-packages,missing,,Remove packages based on the current LaTeX compiler.
ox-latex.el,2059,function,org-latex--find-verb-separator,missing,,Return a character not used in string S.
ox-latex.el,2067,function,org-latex--make-option-string,missing,,Return a comma or SEPARATOR separated string of keywords and values.
ox-latex.el,2086,function,org-latex--wrap-label,missing,,"Wrap label associated to ELEMENT around OUTPUT, if appropriate."
ox-latex.el,2097,function,org-latex--protect-text,missing,,Protect special characters in string TEXT and return it.
ox-latex.el,2101,function,org-latex--text-markup,missing,,Format TEXT depending on MARKUP text markup.
ox-latex.el,2121,function,org-latex--protect-texttt,missing,,"Protect special chars, then wrap TEXT in ""\texttt{}""."
ox-latex.el,2136,function,org-latex--delayed-footnotes-definitions,missing,,Return footnotes definitions in ELEMENT as a string.
ox-latex.el,2173,function,org-latex--translate,missing,,Translate string S according to specified language.
ox-latex.el,2178,function,org-latex--format-spec,missing,,Create a format spec for document meta-data.
ox-latex.el,2209,function,org-latex--insert-compiler,missing,,Insert LaTeX_compiler info into the document.
ox-latex.el,2217,option,org-latex-use-sans,missing,,Whether to typeset the document with the Sans font family.
ox-latex.el,2229,function,org-latex-matrices-tree-filter,missing,,
ox-latex.el,2232,function,org-latex-math-block-tree-filter,missing,,
ox-latex.el,2235,function,org-latex-math-block-options-filter,missing,,
ox-latex.el,2240,function,org-latex-clean-invalid-line-breaks,missing,,
ox-latex.el,2247,function,org-latex--mk-options,missing,,Make STR be enclosed in [ ] or return an empty string if nil or empty.
ox-latex.el,2265,function,org-latex-make-preamble,missing,,Return a formatted LaTeX preamble.
ox-latex.el,2317,function,org-latex-template,missing,,Return complete document string after LaTeX conversion.
ox-latex.el,2405,function,org-latex-bold,missing,,Transcode BOLD from Org to LaTeX.
ox-latex.el,2414,function,org-latex-center-block,missing,,Transcode a CENTER-BLOCK element from Org to LaTeX.
ox-latex.el,2424,function,org-latex-clock,missing,,Transcode a CLOCK element from Org to LaTeX.
ox-latex.el,2440,function,org-latex-code,missing,,Transcode a CODE object from Org to LaTeX.
ox-latex.el,2449,function,org-latex-drawer,missing,,Transcode a DRAWER element from Org to LaTeX.
ox-latex.el,2461,function,org-latex-dynamic-block,missing,,Transcode a DYNAMIC-BLOCK element from Org to LaTeX.
ox-latex.el,2470,function,org-latex-entity,missing,,Transcode an ENTITY object from Org to LaTeX.
ox-latex.el,2479,function,org-latex-example-block,missing,,Transcode an EXAMPLE-BLOCK element from Org to LaTeX.
ox-latex.el,2503,function,org-latex-export-block,missing,,Transcode a EXPORT-BLOCK element from Org to LaTeX.
ox-latex.el,2512,function,org-latex-export-snippet,missing,,Transcode a EXPORT-SNIPPET object from Org to LaTeX.
ox-latex.el,2521,function,org-latex-fixed-width,missing,,Transcode a FIXED-WIDTH element from Org to LaTeX.
ox-latex.el,2534,function,org-latex-footnote-reference,missing,,Transcode a FOOTNOTE-REFERENCE element from Org to LaTeX.
ox-latex.el,2583,function,org-latex--get-section-format,missing,,Get section format for HEADLINE.
ox-latex.el,2635,function,org-latex-headline,missing,,Transcode a HEADLINE element from Org to LaTeX.
ox-latex.el,2809,function,org-latex-format-headline-default-function,missing,,Default format function for a headline.
ox-latex.el,2824,function,org-latex-horizontal-rule,missing,,Transcode an HORIZONTAL-RULE object from Org to LaTeX.
ox-latex.el,2846,function,org-latex-inline-src-block,missing,,Transcode an INLINE-SRC-BLOCK element from Org to LaTeX.
ox-latex.el,2864,function,org-latex-inline-src-block--minted,missing,,"Transcode an inline src block's content from Org to LaTeX, using minted."
ox-latex.el,2877,function,org-latex-inline-src-block--engraved,missing,,"Transcode an inline src block's content from Org to LaTeX, using engrave-faces."
ox-latex.el,2883,function,org-latex-inline-src-block--listings,missing,,"Transcode an inline src block's content from Org to LaTeX, using lstlistings."
ox-latex.el,2898,function,org-latex-inlinetask,missing,,Transcode an INLINETASK element from Org to LaTeX.
ox-latex.el,2915,function,org-latex-format-inlinetask-default-function,missing,,Default format function for inlinetasks.
ox-latex.el,2940,function,org-latex-italic,missing,,Transcode ITALIC from Org to LaTeX.
ox-latex.el,2949,function,org-latex-item,missing,,Transcode an ITEM element from Org to LaTeX.
ox-latex.el,3027,function,org-latex-keyword,missing,,Transcode a KEYWORD element from Org to LaTeX.
ox-latex.el,3066,function,org-latex--environment-type,missing,,Return the TYPE of LATEX-ENVIRONMENT.
ox-latex.el,3092,function,org-latex-latex-environment,missing,,Transcode a LATEX-ENVIRONMENT element from Org to LaTeX.
ox-latex.el,3125,function,org-latex-latex-fragment,missing,,Transcode a LATEX-FRAGMENT object from Org to LaTeX.
ox-latex.el,3138,function,org-latex-line-break,missing,,Transcode a LINE-BREAK object from Org to LaTeX.
ox-latex.el,3146,function,org-latex-image-link-filter,missing,,
ox-latex.el,3149,function,org-latex--inline-image,missing,,Return LaTeX code for an inline image.
ox-latex.el,3342,function,org-latex-link,missing,,Transcode a LINK object from Org to LaTeX.
ox-latex.el,3426,function,org-latex-node-property,missing,,Transcode a NODE-PROPERTY element from Org to LaTeX.
ox-latex.el,3438,function,org-latex-paragraph,missing,,Transcode a PARAGRAPH element from Org to LaTeX.
ox-latex.el,3452,function,org-latex-plain-list,missing,,Transcode a PLAIN-LIST element from Org to LaTeX.
ox-latex.el,3475,function,org-latex-plain-text,missing,,Transcode a TEXT string from Org to LaTeX.
ox-latex.el,3525,function,org-latex-planning,missing,,Transcode a PLANNING element from Org to LaTeX.
ox-latex.el,3559,function,org-latex-property-drawer,missing,,Transcode a PROPERTY-DRAWER element from Org to LaTeX.
ox-latex.el,3573,function,org-latex--wrap-latex-matrices,missing,,Merge contiguous tables with the same mode within a pseudo-element.
ox-latex.el,3633,function,org-latex-matrices,missing,,Transcode a MATRICES element from Org to LaTeX.
ox-latex.el,3656,function,org-latex--wrap-latex-math-block,missing,,Merge contiguous math objects in a pseudo-object container.
ox-latex.el,3700,function,org-latex-math-block,missing,,Transcode a MATH-BLOCK object from Org to LaTeX.
ox-latex.el,3709,function,org-latex-quote-block,missing,,Transcode a QUOTE-BLOCK element from Org to LaTeX.
ox-latex.el,3729,function,org-latex-radio-target,missing,,Transcode a RADIO-TARGET object from Org to LaTeX.
ox-latex.el,3738,function,org-latex-section,missing,,Transcode a SECTION element from Org to LaTeX.
ox-latex.el,3747,function,org-latex-special-block,missing,,Transcode a SPECIAL-BLOCK element from Org to LaTeX.
ox-latex.el,3764,function,org-latex-src-block,missing,,Transcode a SRC-BLOCK element from Org to LaTeX.
ox-latex.el,3805,function,org-latex-src-block--verbatim,missing,,"Transcode a SRC-BLOCK element from Org to LaTeX, using verbatim."
ox-latex.el,3825,function,org-latex-src-block--custom,missing,,"Transcode a SRC-BLOCK element from Org to LaTeX, using a custom environment."
ox-latex.el,3846,function,org-latex-src-block--minted,missing,,"Transcode a SRC-BLOCK element from Org to LaTeX, using minted."
ox-latex.el,3909,function,org-latex-src--engrave-mathescape-p,missing,,"From the export INFO plist, and the per-block OPTIONS, determine mathescape."
ox-latex.el,3943,function,org-latex-src--engrave-code,missing,,"Engrave CONTENT to LaTeX in a LANG-mode buffer, and give the result."
ox-latex.el,3993,function,org-latex-src-block--engraved,missing,,"Transcode a SRC-BLOCK element from Org to LaTeX, using engrave-faces-latex."
ox-latex.el,4053,function,org-latex-src-block--listings,missing,,"Transcode a SRC-BLOCK element from Org to LaTeX, using listings."
ox-latex.el,4122,function,org-latex-statistics-cookie,missing,,Transcode a STATISTICS-COOKIE object from Org to LaTeX.
ox-latex.el,4131,function,org-latex-strike-through,missing,,Transcode STRIKE-THROUGH from Org to LaTeX.
ox-latex.el,4140,function,org-latex-subscript,missing,,Transcode a SUBSCRIPT object from Org to LaTeX.
ox-latex.el,4148,function,org-latex-superscript,missing,,Transcode a SUPERSCRIPT object from Org to LaTeX.
ox-latex.el,4166,function,org-latex-table,missing,,Transcode a TABLE element from Org to LaTeX.
ox-latex.el,4194,function,org-latex--align-string,missing,,Return an appropriate LaTeX alignment string.
ox-latex.el,4225,function,org-latex--align-string-tabbing,missing,,Return LaTeX alignment string using tabbing environment.
ox-latex.el,4249,function,org-latex--decorate-table,missing,,Decorate TABLE string with caption and float environment.
ox-latex.el,4301,function,org-latex--org-table,missing,,Return appropriate LaTeX code for an Org table.
ox-latex.el,4353,function,org-table--org-tabbing,missing,,Return tabbing environment LaTeX code for Org table.
ox-latex.el,4367,function,org-latex--table.el-table,missing,,Return appropriate LaTeX code for a table.el table.
ox-latex.el,4405,function,org-latex--math-table,missing,,Return appropriate LaTeX code for a matrix.
ox-latex.el,4448,function,org-latex-table-cell,missing,,Transcode a TABLE-CELL element from Org to LaTeX.
ox-latex.el,4471,function,org-latex-table-row,missing,,Transcode a TABLE-ROW element from Org to LaTeX.
ox-latex.el,4547,function,org-latex-target,missing,,Transcode a TARGET object from Org to LaTeX.
ox-latex.el,4556,function,org-latex-timestamp,missing,,Transcode a TIMESTAMP object from Org to LaTeX.
ox-latex.el,4572,function,org-latex-underline,missing,,Transcode UNDERLINE from Org to LaTeX.
ox-latex.el,4581,function,org-latex-verbatim,missing,,Transcode a VERBATIM object from Org to LaTeX.
ox-latex.el,4591,function,org-latex--plain-text-verse-block,missing,,Format CONTENTS if PLAIN-TEXT is inside verse environment.
ox-latex.el,4633,function,org-latex-verse-block,missing,,Transcode a VERSE-BLOCK element from Org to LaTeX.
ox-latex.el,4666,command,org-latex-export-as-latex,missing,,Export current buffer as a LaTeX buffer.
ox-latex.el,4709,command,org-latex-convert-region-to-latex,missing,,"Assume the current region has Org syntax, and convert it to LaTeX."
ox-latex.el,4717,command,org-export-region-to-latex,missing,,"Assume the current region has Org syntax, and convert it to LaTeX."
ox-latex.el,4720,command,org-latex-export-to-latex,missing,,Export current buffer to a LaTeX file.
ox-latex.el,4752,command,org-latex-export-to-pdf,missing,,Export current buffer to LaTeX then process through to PDF.
ox-latex.el,4786,function,org-latex-compile,missing,,Compile a TeX file.
ox-latex.el,4840,function,org-latex-compile--postprocess,missing,,Process the results of creating OUTFILE via LaTeX compilation.
ox-latex.el,4869,function,org-latex--collect-warnings,missing,,"Collect some warnings from ""pdflatex"" command output."
ox-latex.el,4891,function,org-latex-publish-to-latex,missing,,Publish an Org file to LaTeX.
ox-latex.el,4902,function,org-latex-publish-to-pdf,missing,,Publish an Org file to PDF (via LaTeX).
ox-latex.el,4924,function,org-latex-export-to-pdf-and-open,missing,,"Export current buffer to LaTeX, process, and open the resulting PDF."
ox-man.el,139,option,org-man-tables-centered,missing,,"When non-nil, tables are exported in a center environment."
ox-man.el,146,option,org-man-tables-verbatim,missing,,"When non-nil, tables are exported verbatim."
ox-man.el,154,option,org-man-table-scientific-notation,missing,,Format string to display numbers in scientific notation.
ox-man.el,171,option,org-man-source-highlight,missing,,Use GNU source highlight to embellish source blocks.
ox-man.el,179,option,org-man-source-highlight-langs,missing,,Alist mapping languages to their listing language counterpart.
ox-man.el,215,option,org-man-pdf-process,missing,,Commands to process a Man file to a PDF file.
ox-man.el,249,option,org-man-logfiles-extensions,missing,,The list of file extensions to consider as Man logfiles.
ox-man.el,257,option,org-man-remove-logfiles,missing,,Non-nil means remove the logfiles produced by PDF production.
ox-man.el,269,function,org-man--caption/label-string,missing,,Return caption and label Man string for ELEMENT.
ox-man.el,288,function,org-man--wrap-label,missing,,"Wrap label associated to ELEMENT around OUTPUT, if appropriate."
ox-man.el,297,function,org-man--protect-text,missing,,Protect minus and backslash characters in string TEXT.
ox-man.el,301,function,org-man--protect-example,missing,,Escape necessary characters for verbatim TEXT.
ox-man.el,311,function,org-man--remove-blank,missing,,Remove :post-blank from TREE elements.
ox-man.el,323,function,org-man-template,missing,,Return complete document string after Man conversion.
ox-man.el,367,function,org-man-bold,missing,,Transcode BOLD from Org to Man.
ox-man.el,376,function,org-man-center-block,missing,,Transcode a CENTER-BLOCK element from Org to Man.
ox-man.el,389,function,org-man-code,missing,,Transcode a CODE object from Org to Man.
ox-man.el,397,function,org-man-drawer,missing,,Transcode a DRAWER element from Org to Man.
ox-man.el,407,function,org-man-dynamic-block,missing,,Transcode a DYNAMIC-BLOCK element from Org to Man.
ox-man.el,416,function,org-man-entity,missing,,Transcode an ENTITY object from Org to Man.
ox-man.el,425,function,org-man-example-block,missing,,Transcode an EXAMPLE-BLOCK element from Org to Man.
ox-man.el,437,function,org-man-export-block,missing,,Transcode a EXPORT-BLOCK element from Org to Man.
ox-man.el,446,function,org-man-export-snippet,missing,,Transcode a EXPORT-SNIPPET object from Org to Man.
ox-man.el,455,function,org-man-fixed-width,missing,,Transcode a FIXED-WIDTH element from Org to Man.
ox-man.el,476,function,org-man-headline,missing,,Transcode a HEADLINE element from Org to Man.
ox-man.el,528,function,org-man-inline-src-block,missing,,Transcode an INLINE-SRC-BLOCK element from Org to Man.
ox-man.el,572,function,org-man-italic,missing,,Transcode ITALIC from Org to Man.
ox-man.el,582,function,org-man-item,missing,,Transcode an ITEM element from Org to Man.
ox-man.el,614,function,org-man-keyword,missing,,Transcode a KEYWORD element from Org to Man.
ox-man.el,627,function,org-man-line-break,missing,,Transcode a LINE-BREAK object from Org to Man.
ox-man.el,636,function,org-man-link,missing,,Transcode a LINK object from Org to Man.
ox-man.el,661,function,org-man-node-property,missing,,Transcode a NODE-PROPERTY element from Org to Man.
ox-man.el,672,function,org-man-paragraph,missing,,Transcode a PARAGRAPH element from Org to Man.
ox-man.el,693,function,org-man-plain-list,missing,,Transcode a PLAIN-LIST element from Org to Man.
ox-man.el,701,function,org-man-plain-text,missing,,Transcode a TEXT string from Org to Man.
ox-man.el,728,function,org-man-property-drawer,missing,,Transcode a PROPERTY-DRAWER element from Org to Man.
ox-man.el,737,function,org-man-quote-block,missing,,Transcode a QUOTE-BLOCK element from Org to Man.
ox-man.el,748,function,org-man-radio-target,missing,,Transcode a RADIO-TARGET object from Org to Man.
ox-man.el,757,function,org-man-section,missing,,Transcode a SECTION element from Org to Man.
ox-man.el,766,function,org-man-special-block,missing,,Transcode a SPECIAL-BLOCK element from Org to Man.
ox-man.el,775,function,org-man-src-block,missing,,Transcode a SRC-BLOCK element from Org to Man.
ox-man.el,809,function,org-man-statistics-cookie,missing,,Transcode a STATISTICS-COOKIE object from Org to Man.
ox-man.el,817,function,org-man-strike-through,missing,,Transcode STRIKE-THROUGH from Org to Man.
ox-man.el,825,function,org-man-subscript,missing,,Transcode a SUBSCRIPT object from Org to Man.
ox-man.el,833,function,org-man-superscript,missing,,Transcode a SUPERSCRIPT object from Org to Man.
ox-man.el,851,function,org-man-table,missing,,Transcode a TABLE element from Org to Man.
ox-man.el,875,function,org-man-table--align-string,missing,,Return an appropriate Man alignment string.
ox-man.el,906,function,org-man-table--org-table,missing,,Return appropriate Man code for an Org table.
ox-man.el,1004,function,org-man-table-cell,missing,,Transcode a TABLE-CELL element from Org to Man.
ox-man.el,1023,function,org-man-table-row,missing,,Transcode a TABLE-ROW element from Org to Man.
ox-man.el,1043,function,org-man-target,missing,,Transcode a TARGET object from Org to Man.
ox-man.el,1052,function,org-man-timestamp,missing,,Transcode a TIMESTAMP object from Org to Man.
ox-man.el,1060,function,org-man-underline,missing,,Transcode UNDERLINE from Org to Man.
ox-man.el,1069,function,org-man-verbatim,missing,,Transcode a VERBATIM object from Org to Man.
ox-man.el,1077,function,org-man-verse-block,missing,,Transcode a VERSE-BLOCK element from Org to Man.
ox-man.el,1087,command,org-man-export-to-man,missing,,Export current buffer to a Man file.
ox-man.el,1120,command,org-man-export-to-pdf,missing,,Export current buffer to Groff then process through to PDF.
ox-man.el,1156,function,org-man-compile,missing,,Compile a Groff file.
ox-md.el,48,option,org-md-headline-style,missing,,Style used to format headlines.
ox-md.el,63,option,org-md-footnotes-section,missing,,Format string for the footnotes section.
ox-md.el,72,option,org-md-footnote-format,missing,,Format string for the footnote reference.
ox-md.el,80,option,org-md-toplevel-hlevel,missing,,Heading level to use for level 1 Org headings in markdown export.
ox-md.el,96,option,org-md-link-org-files-as-md,missing,,"Non-nil means make file links to ""file.org"" point to ""file.md""."
ox-md.el,169,function,org-md-separate-elements,missing,,Fix blank lines between elements.
ox-md.el,207,function,org-md--headline-referred-p,missing,,Non-nil when HEADLINE is being referred to.
ox-md.el,248,function,org-md--headline-title,missing,,Generate a headline title in the preferred Markdown headline style.
ox-md.el,265,function,org-md--build-toc,missing,,Return a table of contents.
ox-md.el,310,function,org-md--footnote-formatted,missing,,Formats a single footnote entry FOOTNOTE.
ox-md.el,322,function,org-md--footnote-section,missing,,Format the footnote section.
ox-md.el,337,function,org-md--convert-to-html,missing,,Convert DATUM into raw HTML.
ox-md.el,342,function,org-md--identity,missing,,Return CONTENTS only.
ox-md.el,351,function,org-md-bold,missing,,Transcode BOLD object into Markdown format.
ox-md.el,360,function,org-md-verbatim,missing,,Transcode VERBATIM object into Markdown format.
ox-md.el,375,function,org-md-example-block,missing,,Transcode EXAMPLE-BLOCK element into Markdown format.
ox-md.el,384,function,org-md-export-block,missing,,Transcode a EXPORT-BLOCK element from Org to Markdown.
ox-md.el,395,function,org-md-headline,missing,,Transcode HEADLINE element into Markdown format.
ox-md.el,444,function,org-md-horizontal-rule,missing,,Transcode HORIZONTAL-RULE element into Markdown format.
ox-md.el,453,function,org-md-italic,missing,,Transcode ITALIC object into Markdown format.
ox-md.el,462,function,org-md-item,missing,,Transcode ITEM element into Markdown format.
ox-md.el,491,function,org-md-keyword,missing,,Transcode a KEYWORD element into Markdown format.
ox-md.el,517,function,org-md-latex-environment,missing,,Transcode a LATEX-ENVIRONMENT object from Org to Markdown.
ox-md.el,532,function,org-md-latex-fragment,missing,,Transcode a LATEX-FRAGMENT object from Org to Markdown.
ox-md.el,546,function,org-md-line-break,missing,,Transcode LINE-BREAK object into Markdown format.
ox-md.el,555,function,org-md-link,missing,,Transcode LINK object into Markdown format.
ox-md.el,639,function,org-md-node-property,missing,,Transcode a NODE-PROPERTY element into Markdown syntax.
ox-md.el,651,function,org-md-paragraph,missing,,Transcode PARAGRAPH element into Markdown format.
ox-md.el,670,function,org-md-plain-list,missing,,Transcode PLAIN-LIST element into Markdown format.
ox-md.el,679,function,org-md-plain-text,missing,,Transcode a TEXT string into Markdown format.
ox-md.el,706,function,org-md-property-drawer,missing,,Transcode a PROPERTY-DRAWER element into Markdown format.
ox-md.el,716,function,org-md-quote-block,missing,,Transcode QUOTE-BLOCK element into Markdown format.
ox-md.el,727,function,org-md-section,missing,,Transcode SECTION element into Markdown format.
ox-md.el,736,function,org-md-inner-template,missing,,Return body of document after converting it to Markdown syntax.
ox-md.el,753,function,org-md-template,missing,,Return complete document string after Markdown conversion.
ox-md.el,764,command,org-md-export-as-markdown,missing,,Export current buffer to a Markdown buffer.
ox-md.el,791,command,org-md-convert-region-to-md,missing,,"Assume the current region has Org syntax, and convert it to Markdown."
ox-md.el,799,command,org-export-region-to-md,missing,,"Assume the current region has Org syntax, and convert it to Markdown."
ox-md.el,802,command,org-md-export-to-markdown,missing,,Export current buffer to a Markdown file.
ox-md.el,827,function,org-md-publish-to-md,missing,,Publish an org file to Markdown.
ox-odt.el,374,option,org-odt-with-forbidden-chars,missing,,String to replace forbidden XML characters.
ox-odt.el,391,option,org-odt-prettify-xml,missing,,Specify whether or not the xml output should be prettified.
ox-odt.el,404,option,org-odt-schema-dir,missing,,Directory that contains OpenDocument schema files.
ox-odt.el,461,option,org-odt-content-template-file,missing,,"Template file for ""content.xml""."
ox-odt.el,472,option,org-odt-styles-file,missing,,Default styles file for use with ODT export.
ox-odt.el,515,option,org-odt-display-outline-level,missing,,Outline levels considered for enumerating captioned entities.
ox-odt.el,523,option,org-odt-convert-processes,missing,,Specify a list of document converters and their usage.
ox-odt.el,554,option,org-odt-convert-process,missing,,"Use this converter to convert from ""odt"" format to other formats."
ox-odt.el,568,option,org-odt-convert-capabilities,missing,,Specify input and output formats of `org-odt-convert-process'.
ox-odt.el,635,option,org-odt-preferred-output-format,missing,,"Automatically post-process to this format after exporting to ""odt""."
ox-odt.el,660,option,org-odt-format-drawer-function,missing,,Function called to format a drawer in ODT code.
ox-odt.el,677,option,org-odt-format-headline-function,missing,,Function to format headline text.
ox-odt.el,696,option,org-odt-format-inlinetask-function,missing,,Function called to format an inlinetask in ODT code.
ox-odt.el,716,option,org-odt-with-latex,missing,,Non-nil means process LaTeX math snippets.
ox-odt.el,752,option,org-odt-inline-formula-rules,missing,,Rules characterizing formula files that can be inlined into ODT.
ox-odt.el,764,option,org-odt-inline-image-rules,missing,,Rules characterizing image files that can be inlined into ODT.
ox-odt.el,776,option,org-odt-pixels-per-inch,missing,,Scaling factor for converting images pixels to inches.
ox-odt.el,787,option,org-odt-create-custom-styles-for-srcblocks,missing,,Whether custom styles for colorized source blocks be automatically created.
ox-odt.el,805,option,org-odt-fontify-srcblocks,missing,,Specify whether or not source blocks need to be fontified.
ox-odt.el,816,option,org-odt-table-styles,missing,,Specify how Table Styles should be derived from a Table Template.
ox-odt.el,913,option,org-odt-use-date-fields,missing,,"Non-nil, if timestamps should be exported as date fields."
ox-odt.el,949,function,org-odt--format-timestamp,missing,,
ox-odt.el,994,function,org-odt--frame,missing,,
ox-odt.el,1020,function,org-odt--zip-extract,missing,,
ox-odt.el,1047,function,org-odt--target,missing,,
ox-odt.el,1056,function,org-odt--textbox,missing,,
ox-odt.el,1070,function,org-odt--format-toc,missing,,Return a table of contents.
ox-odt.el,1111,function,org-odt-format-toc-headline,missing,,
ox-odt.el,1144,function,org-odt-toc,missing,,Build a table of contents.
ox-odt.el,1183,function,org-odt-add-automatic-style,missing,,Create an automatic style of type OBJECT-TYPE with param OBJECT-PROPS.
ox-odt.el,1210,function,org-odt--checkbox,missing,,Return check-box string associated to ITEM.
ox-odt.el,1222,function,org-odt--build-date-styles,missing,,
ox-odt.el,1306,function,org-odt-template,missing,,Return complete document string after ODT conversion.
ox-odt.el,1587,function,org-odt-bold,missing,,Transcode BOLD from Org to ODT.
ox-odt.el,1597,function,org-odt-center-block,missing,,Transcode a CENTER-BLOCK element from Org to ODT.
ox-odt.el,1606,function,org-odt-clock,missing,,Transcode a CLOCK element from Org to ODT.
ox-odt.el,1625,function,org-odt-code,missing,,Transcode a CODE object from Org to ODT.
ox-odt.el,1636,function,org-odt-drawer,missing,,Transcode a DRAWER element from Org to ODT.
ox-odt.el,1648,function,org-odt-dynamic-block,missing,,Transcode a DYNAMIC-BLOCK element from Org to ODT.
ox-odt.el,1657,function,org-odt-entity,missing,,Transcode an ENTITY object from Org to ODT.
ox-odt.el,1666,function,org-odt-example-block,missing,,Transcode a EXAMPLE-BLOCK element from Org to ODT.
ox-odt.el,1674,function,org-odt-export-snippet,missing,,Transcode a EXPORT-SNIPPET object from Org to ODT.
ox-odt.el,1683,function,org-odt-export-block,missing,,Transcode a EXPORT-BLOCK element from Org to ODT.
ox-odt.el,1692,function,org-odt-fixed-width,missing,,Transcode a FIXED-WIDTH element from Org to ODT.
ox-odt.el,1705,function,org-odt-footnote-reference,missing,,Transcode a FOOTNOTE-REFERENCE element from Org to ODT.
ox-odt.el,1772,function,org-odt-format-headline--wrap,missing,,Transcode a HEADLINE element using BACKEND.
ox-odt.el,1809,function,org-odt-headline,missing,,Transcode a HEADLINE element from Org to ODT.
ox-odt.el,1872,function,org-odt-format-headline-default-function,missing,,Default format function for a headline.
ox-odt.el,1903,function,org-odt-horizontal-rule,missing,,Transcode an HORIZONTAL-RULE  object from Org to ODT.
ox-odt.el,1917,function,org-odt--find-verb-separator,missing,,Return a character not used in string S.
ox-odt.el,1925,function,org-odt-inline-src-block,missing,,Transcode an INLINE-SRC-BLOCK element from Org to ODT.
ox-odt.el,1934,function,org-odt-inlinetask,missing,,Transcode an INLINETASK element from Org to ODT.
ox-odt.el,1951,function,org-odt-format-inlinetask-default-function,missing,,Default format function for inlinetasks.
ox-odt.el,1968,function,org-odt-italic,missing,,Transcode ITALIC from Org to ODT.
ox-odt.el,1978,function,org-odt-item,missing,,Transcode an ITEM element from Org to ODT.
ox-odt.el,2005,function,org-odt-keyword,missing,,Transcode a KEYWORD element from Org to ODT.
ox-odt.el,2048,function,org-odt-latex-environment,missing,,Transcode a LATEX-ENVIRONMENT element from Org to ODT.
ox-odt.el,2064,function,org-odt-latex-fragment,missing,,Transcode a LATEX-FRAGMENT object from Org to ODT.
ox-odt.el,2074,function,org-odt-line-break,missing,,Transcode a LINE-BREAK object from Org to ODT.
ox-odt.el,2084,function,org-odt--enumerate,missing,,
ox-odt.el,2121,function,org-odt-format-label,missing,,Return a label for ELEMENT.
ox-odt.el,2208,function,org-odt--copy-image-file,missing,,Return the internal name of the file.
ox-odt.el,2231,function,org-odt--image-size,missing,,
ox-odt.el,2294,function,org-odt-link--inline-image,missing,,Return ODT code for an inline image.
ox-odt.el,2365,function,org-odt-link--inline-formula,missing,,
ox-odt.el,2411,function,org-odt--copy-formula-file,missing,,Return the internal name of the file.
ox-odt.el,2440,function,org-odt--render-image/formula,missing,,
ox-odt.el,2541,function,org-odt--enumerable-p,missing,,
ox-odt.el,2546,function,org-odt--enumerable-image-p,missing,,
ox-odt.el,2561,function,org-odt--enumerable-latex-image-p,missing,,
ox-odt.el,2576,function,org-odt--enumerable-formula-p,missing,,
ox-odt.el,2588,function,org-odt--standalone-link-p,missing,,Test if ELEMENT is a standalone link for the purpose ODT export.
ox-odt.el,2625,function,org-odt-link--infer-description,missing,,
ox-odt.el,2715,function,org-odt-link,missing,,Transcode a LINK object from Org to ODT.
ox-odt.el,2853,function,org-odt-node-property,missing,,Transcode a NODE-PROPERTY element from Org to ODT.
ox-odt.el,2865,function,org-odt--paragraph-style,missing,,Return style of PARAGRAPH.
ox-odt.el,2875,function,org-odt--format-paragraph,missing,,Format paragraph according to given styles.
ox-odt.el,2896,function,org-odt-paragraph,missing,,Transcode a PARAGRAPH element from Org to ODT.
ox-odt.el,2909,function,org-odt-plain-list,missing,,Transcode a PLAIN-LIST element from Org to ODT.
ox-odt.el,2930,function,org-odt--encode-tabs-and-spaces,missing,,
ox-odt.el,2938,function,org-odt--remove-forbidden,missing,,Remove forbidden and discouraged characters from TEXT.
ox-odt.el,2964,function,org-odt--encode-plain-text,missing,,
ox-odt.el,2970,function,org-odt-plain-text,missing,,Transcode a TEXT string from Org to ODT.
ox-odt.el,3026,function,org-odt-planning,missing,,Transcode a PLANNING element from Org to ODT.
ox-odt.el,3055,function,org-odt-property-drawer,missing,,Transcode a PROPERTY-DRAWER element from Org to ODT.
ox-odt.el,3066,function,org-odt-quote-block,missing,,Transcode a QUOTE-BLOCK element from Org to ODT.
ox-odt.el,3075,function,org-odt-format-section,missing,,
ox-odt.el,3083,function,org-odt-section,missing,,Transcode a SECTION element from Org to ODT.
ox-odt.el,3091,function,org-odt-radio-target,missing,,Transcode a RADIO-TARGET object from Org to ODT.
ox-odt.el,3100,function,org-odt-special-block,missing,,Transcode a SPECIAL-BLOCK element from Org to ODT.
ox-odt.el,3139,function,org-odt-hfy-face-to-css,missing,,Create custom style for face FN.
ox-odt.el,3173,function,org-odt-htmlfontify-string,missing,,
ox-odt.el,3190,function,org-odt-do-format-code,missing,,
ox-odt.el,3240,function,org-odt-format-code,missing,,
ox-odt.el,3252,function,org-odt-src-block,missing,,Transcode a SRC-BLOCK element from Org to ODT.
ox-odt.el,3271,function,org-odt-statistics-cookie,missing,,Transcode a STATISTICS-COOKIE object from Org to ODT.
ox-odt.el,3281,function,org-odt-strike-through,missing,,Transcode STRIKE-THROUGH from Org to ODT.
ox-odt.el,3291,function,org-odt-subscript,missing,,Transcode a SUBSCRIPT object from Org to ODT.
ox-odt.el,3301,function,org-odt-superscript,missing,,Transcode a SUPERSCRIPT object from Org to ODT.
ox-odt.el,3311,function,org-odt-table-style-spec,missing,,Get table style from `:odt-table-styles' INFO property.
ox-odt.el,3318,function,org-odt-get-table-cell-styles,missing,,Retrieve styles applicable to a table cell.
ox-odt.el,3378,function,org-odt-table-cell,missing,,Transcode a TABLE-CELL element from Org to ODT.
ox-odt.el,3447,function,org-odt-table-row,missing,,Transcode a TABLE-ROW element from Org to ODT.
ox-odt.el,3477,function,org-odt-table-first-row-data-cells,missing,,
ox-odt.el,3487,function,org-odt--table,missing,,Transcode a TABLE element from Org to ODT.
ox-odt.el,3541,function,org-odt-table,missing,,Transcode a TABLE element from Org to ODT.
ox-odt.el,3702,function,org-odt-target,missing,,Transcode a TARGET object from Org to ODT.
ox-odt.el,3711,function,org-odt-timestamp,missing,,Transcode a TIMESTAMP object from Org to ODT.
ox-odt.el,3757,function,org-odt-underline,missing,,Transcode UNDERLINE from Org to ODT.
ox-odt.el,3767,function,org-odt-verbatim,missing,,Transcode a VERBATIM object from Org to ODT.
ox-odt.el,3778,function,org-odt-verse-block,missing,,Transcode a VERSE-BLOCK element from Org to ODT.
ox-odt.el,3805,function,org-odt--strip-trailing-newlines,missing,,Strip trailing newlines in DATA at the end of contents.
ox-odt.el,3823,function,org-odt--translate-image-links,missing,,
ox-odt.el,3828,function,org-odt--translate-latex-fragments,missing,,
ox-odt.el,3954,function,org-odt--translate-description-lists,missing,,
ox-odt.el,4050,function,org-odt--translate-list-tables,missing,,
ox-odt.el,4099,function,org-odt-create-manifest-file-entry,missing,,
ox-odt.el,4102,function,org-odt-write-manifest-file,missing,,
ox-odt.el,4120,macro,org-odt--export-wrap,missing,,
ox-odt.el,4233,command,org-odt-export-as-odf,missing,,Export LATEX-FRAG as OpenDocument formula file ODF-FILE.
ox-odt.el,4284,command,org-odt-export-as-odf-and-open,missing,,Export LaTeX fragment as OpenDocument formula and immediately open it.
ox-odt.el,4295,command,org-odt-export-to-odt,missing,,Export current buffer to a ODT file.
ox-odt.el,4367,function,org-odt-reachable-p,missing,,Return non-nil if IN-FMT can be converted to OUT-FMT.
ox-odt.el,4376,function,org-odt-do-convert,missing,,Workhorse routine for `org-odt-convert'.
ox-odt.el,4419,function,org-odt-do-reachable-formats,missing,,Return verbose info about formats to which IN-FMT can be converted.
ox-odt.el,4441,function,org-odt-reachable-formats,missing,,Return list of formats to which IN-FMT can be converted.
ox-odt.el,4449,function,org-odt-convert-read-params,missing,,Return IN-FILE and OUT-FMT params for `org-odt-do-convert'.
ox-odt.el,4467,command,org-odt-convert,missing,,Convert IN-FILE to format OUT-FMT using a command line converter.
ox-org.el,41,option,org-org-htmlized-css-url,missing,,URL pointing to the CSS defining colors for htmlized Emacs buffers.
ox-org.el,56,option,org-org-with-special-rows,missing,,Non-nil means export special table rows.
ox-org.el,64,option,org-org-with-cite-processors,missing,,Non-nil means use citation processors when exporting citations.
ox-org.el,137,function,org-org--add-missing-sections,missing,,Ensure each headline has an associated section.
ox-org.el,156,function,org-org-export-block,missing,,Transcode a EXPORT-BLOCK element from Org to LaTeX.
ox-org.el,162,function,org-org-identity,missing,,Transcode BLOB element or object back into Org syntax.
ox-org.el,180,function,org-org-headline,missing,,Transcode HEADLINE element back into Org syntax.
ox-org.el,194,function,org-org-keyword,missing,,Transcode KEYWORD element back into Org syntax.
ox-org.el,202,function,org-org-link,missing,,Transcode LINK object back into Org syntax.
ox-org.el,209,function,org-org-export-snippet,missing,,Transcode a EXPORT-SNIPPET object from Org to Org.
ox-org.el,215,function,org-org-template,missing,,Return Org document template with document keywords.
ox-org.el,249,function,org-org-timestamp,missing,,Transcode a TIMESTAMP object to custom format or back into Org syntax.
ox-org.el,253,function,org-org-section,missing,,Transcode SECTION element back into Org syntax.
ox-org.el,280,command,org-org-export-as-org,missing,,Export current buffer to an Org buffer.
ox-org.el,315,command,org-org-export-to-org,missing,,Export current buffer to an Org file.
ox-org.el,349,function,org-org-publish-to-org,missing,,Publish an Org file to Org.
ox-publish.el,68,option,org-publish-project-alist,missing,,Association list to control publishing behavior.
ox-publish.el,290,option,org-publish-use-timestamps-flag,missing,,Non-nil means use timestamp checking to publish only changed files.
ox-publish.el,296,option,org-publish-timestamp-directory,missing,,Name of directory in which to store publishing timestamps.
ox-publish.el,302,option,org-publish-list-skipped-files,missing,,Non-nil means show message about files *not* published.
ox-publish.el,307,option,org-publish-sitemap-sort-files,missing,,Method to sort files in site-maps.
ox-publish.el,322,option,org-publish-sitemap-sort-folders,missing,,"A symbol, denoting if folders are sorted first in site-maps."
ox-publish.el,345,option,org-publish-sitemap-sort-ignore-case,missing,,Non-nil when site-map sorting should ignore case.
ox-publish.el,357,function,org-publish-timestamp-filename,missing,,Return path to timestamp file for filename FILENAME.
ox-publish.el,365,function,org-publish-needed-p,missing,,Non-nil if FILENAME should be published in PUB-DIR using PUB-FUNC.
ox-publish.el,382,function,org-publish-update-timestamp,missing,,Update publishing timestamp for file FILENAME.
ox-publish.el,390,function,org-publish-remove-all-timestamps,missing,,Remove all files in the timestamp directory.
ox-publish.el,401,function,org-publish-property,missing,,"Return value PROPERTY, as a symbol, in PROJECT."
ox-publish.el,410,function,org-publish--expand-file-name,missing,,Return full file name for FILE in PROJECT.
ox-publish.el,417,function,org-publish-expand-projects,missing,,Expand projects in PROJECTS-ALIST.
ox-publish.el,434,function,org-publish-get-base-files,missing,,Return a list of all files in PROJECT.
ox-publish.el,492,function,org-publish-get-project-from-filename,missing,,Return a project that FILENAME belongs to.
ox-publish.el,551,function,org-publish-org-to,missing,,Publish an Org file to a specified backend.
ox-publish.el,586,function,org-publish-attachment,missing,,Publish a file with no transformation of any kind.
ox-publish.el,607,function,org-publish-file,missing,,Publish file FILENAME from PROJECT.
ox-publish.el,656,function,org-publish-projects,missing,,Publish all files belonging to the PROJECTS alist.
ox-publish.el,697,function,org-publish--sitemap-files-to-lisp,missing,,Represent FILES as a parsed plain list.
ox-publish.el,752,function,org-publish-sitemap,missing,,Create a sitemap of pages in set defined by PROJECT.
ox-publish.el,832,function,org-publish-find-property,missing,,Find the PROPERTY of FILE in project.
ox-publish.el,854,function,org-publish-find-title,missing,,Find the title of FILE in PROJECT.
ox-publish.el,868,function,org-publish-find-date,missing,,Find the date of FILE in PROJECT.
ox-publish.el,894,function,org-publish-sitemap-default-entry,missing,,"Default format for site map ENTRY, as a string."
ox-publish.el,907,function,org-publish-sitemap-default,missing,,"Default site map, as a string."
ox-publish.el,919,command,org-publish-project,missing,,Publish PROJECT.
ox-publish.el,922,command,org-publish,missing,,Publish PROJECT.
ox-publish.el,956,command,org-publish-all,missing,,Publish all projects.
ox-publish.el,978,command,org-publish-current-file,missing,,Publish the current file.
ox-publish.el,996,command,org-publish-current-project,missing,,Publish the project associated with the current file.
ox-publish.el,1012,function,org-publish-collect-index,missing,,Update index for a file in cache.
ox-publish.el,1052,function,org-publish-index-generate-theindex,missing,,"Retrieve full index from cache and build ""theindex.org""."
ox-publish.el,1127,function,org-publish--store-crossrefs,missing,,Store cross-references for current published file.
ox-publish.el,1148,function,org-publish-resolve-external-link,missing,,Return reference for element matching string SEARCH in FILE.
ox-publish.el,1204,function,org-publish-file-relative-name,missing,,Convert FILENAME to be relative to current project's base directory.
ox-publish.el,1214,function,org-publish-write-cache-file,missing,,Write `org-publish-cache' to file.
ox-publish.el,1235,function,org-publish-initialize-cache,missing,,Initialize the projects cache if not initialized yet and return it.
ox-publish.el,1266,function,org-publish-reset-cache,missing,,Empty `org-publish-cache' and reset it nil.
ox-publish.el,1273,function,org-publish-cache-file-needs-publishing,missing,,Check the timestamp of the last publishing of FILENAME.
ox-publish.el,1316,function,org-publish-cache-set-file-property,missing,,Set the VALUE for a PROPERTY of file FILENAME in publishing cache to VALUE.
ox-publish.el,1328,function,org-publish-cache-get-file-property,missing,,Return the value for a PROPERTY of file FILENAME in publishing cache.
ox-publish.el,1349,function,org-publish-cache-get,missing,,Return the value stored in `org-publish-cache' for key KEY.
ox-publish.el,1357,function,org-publish-cache-set,missing,,Store KEY VALUE pair in `org-publish-cache'.
ox-publish.el,1365,function,org-publish-cache-mtime-of-src,missing,,Get the mtime of FILE as an integer.
ox-texinfo.el,148,option,org-texinfo-coding-system,missing,,Default document encoding for Texinfo output.
ox-texinfo.el,154,option,org-texinfo-default-class,missing,,The default Texinfo class.
ox-texinfo.el,158,option,org-texinfo-classes,missing,,Alist of Texinfo classes and associated header and structure.
ox-texinfo.el,223,option,org-texinfo-format-headline-function,missing,,Function to format headline text.
ox-texinfo.el,241,option,org-texinfo-node-description-column,missing,,Column at which to start the description in the node listings.
ox-texinfo.el,249,option,org-texinfo-active-timestamp-format,missing,,A `format' string to be applied to active timestamps.
ox-texinfo.el,253,option,org-texinfo-inactive-timestamp-format,missing,,A `format' string to be applied to inactive timestamps.
ox-texinfo.el,257,option,org-texinfo-diary-timestamp-format,missing,,A `format' string to be applied to diary timestamps.
ox-texinfo.el,263,option,org-texinfo-link-with-unknown-path-format,missing,,Format string for links with unknown path type.
ox-texinfo.el,269,option,org-texinfo-tables-verbatim,missing,,"When non-nil, tables are exported verbatim."
ox-texinfo.el,273,option,org-texinfo-table-scientific-notation,missing,,Format string to display numbers in scientific notation.
ox-texinfo.el,284,option,org-texinfo-table-default-markup,missing,,Default markup for first column in two-column tables.
ox-texinfo.el,298,option,org-texinfo-text-markup-alist,missing,,Alist of Texinfo expressions to convert text markup.
ox-texinfo.el,323,option,org-texinfo-format-drawer-function,missing,,Function called to format a drawer in Texinfo code.
ox-texinfo.el,339,option,org-texinfo-format-inlinetask-function,missing,,Function called to format an inlinetask in Texinfo code.
ox-texinfo.el,356,option,org-texinfo-with-latex,missing,,"When non-nil, the Texinfo exporter attempts to process LaTeX math."
ox-texinfo.el,372,option,org-texinfo-compact-itemx,missing,,Non-nil means certain items in description list become `@itemx'.
ox-texinfo.el,385,option,org-texinfo-info-process,missing,,Commands to process a Texinfo file to an INFO file.
ox-texinfo.el,404,option,org-texinfo-logfiles-extensions,missing,,The list of file extensions to consider as Texinfo logfiles.
ox-texinfo.el,411,option,org-texinfo-remove-logfiles,missing,,Non-nil means remove the logfiles produced by compiling a Texinfo file.
ox-texinfo.el,466,function,org-texinfo--untabify,missing,,Remove TAB characters in string S.
ox-texinfo.el,470,function,org-texinfo--filter-section-blank-lines,missing,,Filter controlling number of blank lines after a section.
ox-texinfo.el,474,function,org-texinfo--normalize-headlines,missing,,Normalize headlines in TREE.
ox-texinfo.el,499,function,org-texinfo--find-verb-separator,missing,,Return a character not used in string S.
ox-texinfo.el,507,function,org-texinfo--text-markup,missing,,Format TEXT depending on MARKUP text markup.
ox-texinfo.el,521,function,org-texinfo--get-node,missing,,Return node or anchor associated to DATUM.
ox-texinfo.el,562,function,org-texinfo--prepend-anchor-maybe,missing,,Maybe prepend NODE anchor before CONTENTS.
ox-texinfo.el,570,function,org-texinfo--sanitize-node,missing,,Bend string TITLE to node line requirements.
ox-texinfo.el,585,function,org-texinfo--sanitize-title,missing,,Make TITLE suitable as a section name.
ox-texinfo.el,598,function,org-texinfo--sanitize-title-reference,missing,,Make TITLE suitable as a section reference.
ox-texinfo.el,605,function,org-texinfo--sanitize-content,missing,,Escape special characters in string TEXT.
ox-texinfo.el,613,function,org-texinfo--wrap-float,missing,,Wrap string VALUE within a @float command.
ox-texinfo.el,644,function,org-texinfo--sectioning-structure,missing,,Return sectioning structure used in the document.
ox-texinfo.el,652,function,org-texinfo--separate-definitions,missing,,Split up descriptive lists in TREE that contain Texinfo definition commands.
ox-texinfo.el,678,function,org-texinfo--match-definition,missing,,Return a cons-cell if ITEM specifies a Texinfo definition command.
ox-texinfo.el,694,function,org-texinfo--split-definition,missing,,Insert a definition command before list PLAIN-LIST.
ox-texinfo.el,713,function,org-texinfo--split-plain-list,missing,,Insert a new plain list before the plain list PLAIN-LIST.
ox-texinfo.el,725,function,org-texinfo--massage-key-item,missing,,In PLAIN-LIST modify ITEM based on ARGS.
ox-texinfo.el,783,function,org-texinfo-template,missing,,Return complete document string after Texinfo conversion.
ox-texinfo.el,941,function,org-texinfo-bold,missing,,Transcode BOLD from Org to Texinfo.
ox-texinfo.el,949,function,org-texinfo-center-block,missing,,Transcode a CENTER-BLOCK element from Org to Texinfo.
ox-texinfo.el,959,function,org-texinfo-clock,missing,,Transcode a CLOCK element from Org to Texinfo.
ox-texinfo.el,974,function,org-texinfo-code,missing,,Transcode a CODE object from Org to Texinfo.
ox-texinfo.el,982,function,org-texinfo-drawer,missing,,Transcode a DRAWER element from Org to Texinfo.
ox-texinfo.el,993,function,org-texinfo-dynamic-block,missing,,Transcode a DYNAMIC-BLOCK element from Org to Texinfo.
ox-texinfo.el,1001,function,org-texinfo-entity,missing,,Transcode an ENTITY object from Org to Texinfo.
ox-texinfo.el,1045,function,org-texinfo-example-block,missing,,Transcode an EXAMPLE-BLOCK element from Org to Texinfo.
ox-texinfo.el,1057,function,org-texinfo-export-block,missing,,Transcode a EXPORT-BLOCK element from Org to Texinfo.
ox-texinfo.el,1065,function,org-texinfo-export-snippet,missing,,Transcode a EXPORT-SNIPPET object from Org to Texinfo.
ox-texinfo.el,1073,function,org-texinfo-fixed-width,missing,,Transcode a FIXED-WIDTH element from Org to Texinfo.
ox-texinfo.el,1085,function,org-texinfo-footnote-reference,missing,,Create a footnote reference for FOOTNOTE.
ox-texinfo.el,1104,function,org-texinfo-headline,missing,,Transcode a HEADLINE element from Org to Texinfo.
ox-texinfo.el,1171,function,org-texinfo-format-headline-default-function,missing,,Default format function for a headline.
ox-texinfo.el,1182,function,org-texinfo-inline-src-block,missing,,Transcode an INLINE-SRC-BLOCK element from Org to Texinfo.
ox-texinfo.el,1192,function,org-texinfo-inlinetask,missing,,Transcode an INLINETASK element from Org to Texinfo.
ox-texinfo.el,1208,function,org-texinfo-format-inlinetask-default-function,missing,,Default format function for inlinetasks.
ox-texinfo.el,1221,function,org-texinfo-italic,missing,,Transcode ITALIC from Org to Texinfo.
ox-texinfo.el,1229,function,org-texinfo-item,missing,,Transcode an ITEM element from Org to Texinfo.
ox-texinfo.el,1273,function,org-texinfo-keyword,missing,,Transcode a KEYWORD element from Org to Texinfo.
ox-texinfo.el,1295,function,org-texinfo-latex-environment,missing,,Transcode a LaTeX ENVIRONMENT from Org to Texinfo.
ox-texinfo.el,1312,function,org-texinfo-latex-fragment,missing,,Transcode a LaTeX FRAGMENT from Org to Texinfo.
ox-texinfo.el,1343,function,org-texinfo-line-break,missing,,Transcode a LINE-BREAK object from Org to Texinfo.
ox-texinfo.el,1350,function,org-texinfo--@ref,missing,,Return @ref command for element or object DATUM.
ox-texinfo.el,1366,function,org-texinfo-link,missing,,Transcode a LINK object from Org to Texinfo.
ox-texinfo.el,1423,function,org-texinfo--inline-image,missing,,Return Texinfo code for an inline image.
ox-texinfo.el,1458,function,org-texinfo-make-menu,missing,,Create the menu for inclusion in the Texinfo document.
ox-texinfo.el,1485,function,org-texinfo--build-menu,missing,,Build menu for entries within SCOPE.
ox-texinfo.el,1510,function,org-texinfo--format-entries,missing,,"Format all direct menu entries in SCOPE, as a string."
ox-texinfo.el,1534,function,org-texinfo--menu-entries,missing,,List direct children in SCOPE needing a menu entry.
ox-texinfo.el,1556,function,org-texinfo-node-property,missing,,Transcode a NODE-PROPERTY element from Org to Texinfo.
ox-texinfo.el,1567,function,org-texinfo-paragraph,missing,,Transcode a PARAGRAPH element from Org to Texinfo.
ox-texinfo.el,1582,function,org-texinfo-plain-list,missing,,Transcode a PLAIN-LIST element from Org to Texinfo.
ox-texinfo.el,1617,function,org-texinfo-plain-text,missing,,Transcode a TEXT string from Org to Texinfo.
ox-texinfo.el,1651,function,org-texinfo-planning,missing,,Transcode a PLANNING element from Org to Texinfo.
ox-texinfo.el,1684,function,org-texinfo-property-drawer,missing,,Transcode a PROPERTY-DRAWER element from Org to Texinfo.
ox-texinfo.el,1693,function,org-texinfo-quote-block,missing,,Transcode a QUOTE-BLOCK element from Org to Texinfo.
ox-texinfo.el,1708,function,org-texinfo-radio-target,missing,,Transcode a RADIO-TARGET object from Org to Texinfo.
ox-texinfo.el,1718,function,org-texinfo-section,missing,,Transcode a SECTION element from Org to Texinfo.
ox-texinfo.el,1732,function,org-texinfo-special-block,missing,,Transcode a SPECIAL-BLOCK element from Org to Texinfo.
ox-texinfo.el,1751,function,org-texinfo-src-block,missing,,Transcode a SRC-BLOCK element from Org to Texinfo.
ox-texinfo.el,1777,function,org-texinfo-statistics-cookie,missing,,Transcode a STATISTICS-COOKIE object from Org to Texinfo.
ox-texinfo.el,1785,function,org-texinfo-strike-through,missing,,Transcode STRIKE-THROUGH from Org to Texinfo.
ox-texinfo.el,1793,function,org-texinfo-subscript,missing,,Transcode a SUBSCRIPT object from Org to Texinfo.
ox-texinfo.el,1801,function,org-texinfo-superscript,missing,,Transcode a SUPERSCRIPT object from Org to Texinfo.
ox-texinfo.el,1809,function,org-texinfo-table,missing,,Transcode a TABLE element from Org to Texinfo.
ox-texinfo.el,1838,function,org-texinfo-table-column-widths,missing,,Determine the largest table cell in each column to process alignment.
ox-texinfo.el,1862,function,org-texinfo-table-cell,missing,,Transcode a TABLE-CELL element from Org to Texinfo.
ox-texinfo.el,1881,function,org-texinfo-table-row,missing,,Transcode a TABLE-ROW element from Org to Texinfo.
ox-texinfo.el,1898,function,org-texinfo-target,missing,,Transcode a TARGET object from Org to Texinfo.
ox-texinfo.el,1906,function,org-texinfo-timestamp,missing,,Transcode a TIMESTAMP object from Org to Texinfo.
ox-texinfo.el,1921,function,org-texinfo-underline,missing,,Transcode UNDERLINE from Org to Texinfo.
ox-texinfo.el,1929,function,org-texinfo-verbatim,missing,,Transcode a VERBATIM object from Org to Texinfo.
ox-texinfo.el,1938,function,org-texinfo-verse-block,missing,,Transcode a VERSE-BLOCK element from Org to Texinfo.
ox-texinfo.el,1949,function,org-texinfo-kbd-macro,missing,,Quote KEY using @kbd{...} and if necessary @key{...}.
ox-texinfo.el,1971,command,org-texinfo-export-to-texinfo,missing,,Export current buffer to a Texinfo file.
ox-texinfo.el,2005,function,org-texinfo-export-to-texinfo-batch,missing,,"Export Org file INFILE to Texinfo file OUTFILE, in batch mode."
ox-texinfo.el,2022,command,org-texinfo-export-to-info,missing,,Export current buffer to Texinfo then process through to INFO.
ox-texinfo.el,2058,function,org-texinfo-publish-to-texinfo,missing,,Publish an org file to Texinfo.
ox-texinfo.el,2071,command,org-texinfo-convert-region-to-texinfo,missing,,"Assume the current region has Org syntax, and convert it to Texinfo."
ox-texinfo.el,2079,command,org-export-region-to-texinfo,missing,,"Assume the current region has Org syntax, and convert it to Texinfo."
ox-texinfo.el,2081,function,org-texinfo-compile,missing,,Compile a texinfo file.
ox-texinfo.el,2105,function,org-texinfo-supports-math-p,missing,,"Return t if the installed version of Texinfo supports ""@math""."
ox.el,352,option,org-export-with-archived-trees,missing,,Whether sub-trees with the ARCHIVE tag should be exported.
ox.el,369,option,org-export-with-author,missing,,Non-nil means insert author name into the exported file.
ox.el,377,option,org-export-with-clocks,missing,,Non-nil means export CLOCK keywords.
ox.el,385,option,org-export-with-creator,missing,,Non-nil means the postamble should contain a creator sentence.
ox.el,399,option,org-export-with-date,missing,,Non-nil means insert date in the exported document.
ox.el,407,option,org-export-process-citations,missing,,Non-nil means process citations using citation processors.
ox.el,415,option,org-export-date-timestamp-format,missing,,Timestamp format string to use for DATE keyword.
ox.el,429,option,org-export-creator-string,missing,,Information about the creator of the document.
ox.el,439,option,org-export-with-drawers,missing,,Non-nil means export contents of standard drawers.
ox.el,466,option,org-export-with-email,missing,,Non-nil means insert author email into the exported file.
ox.el,474,option,org-export-with-emphasize,missing,,"Non-nil means interpret *word*, /word/, _word_ and +word+."
ox.el,487,option,org-export-exclude-tags,missing,,Tags that exclude a tree from export.
ox.el,499,option,org-export-with-fixed-width,missing,,"Non-nil means export lines starting with "":""."
ox.el,509,option,org-export-with-footnotes,missing,,Non-nil means Org footnotes should be exported.
ox.el,517,option,org-export-with-latex,missing,,Non-nil means process LaTeX environments and fragments.
ox.el,535,option,org-export-headline-levels,missing,,This level and its ancestors will be exported as a headline.
ox.el,547,option,org-export-default-language,missing,,"The default language for export and clocktable translations, as a string."
ox.el,557,option,org-export-other-languages,missing,,A list of strings with the Org language codes for other languages
ox.el,571,option,org-export-preserve-breaks,missing,,Non-nil means preserve all line breaks when exporting.
ox.el,579,option,org-export-with-entities,missing,,Non-nil means interpret entities when exporting.
ox.el,594,option,org-export-with-inlinetasks,missing,,Non-nil means inlinetasks should be exported.
ox.el,604,option,org-export-with-planning,missing,,Non-nil means include planning info in export.
ox.el,618,option,org-export-with-priority,missing,,Non-nil means include priority cookies in export.
ox.el,626,option,org-export-with-properties,missing,,Non-nil means export contents of properties drawers.
ox.el,645,option,org-export-with-section-numbers,missing,,Non-nil means add section numbers to headlines when exporting.
ox.el,657,option,org-export-select-tags,missing,,Tags that select a tree for export.
ox.el,670,option,org-export-with-smart-quotes,missing,,Non-nil means activate smart quotes during export.
ox.el,686,option,org-export-with-special-strings,missing,,"Non-nil means interpret ""\-"", ""--"" and ""---"" for export."
ox.el,704,option,org-export-with-statistics-cookies,missing,,Non-nil means include statistics cookies in export.
ox.el,714,option,org-export-with-sub-superscripts,missing,,"Non-nil means interpret ""_"" and ""^"" for export."
ox.el,735,option,org-export-with-toc,missing,,Non-nil means create a table of contents in exported files.
ox.el,759,option,org-export-with-tables,missing,,Non-nil means export tables.
ox.el,769,option,org-export-with-tags,missing,,"If nil, do not export tags, just remove them from headlines."
ox.el,785,option,org-export-with-tasks,missing,,Non-nil means include TODO items for export.
ox.el,809,option,org-export-with-title,missing,,Non-nil means print title into the exported file.
ox.el,820,option,org-export-timestamp-file,missing,,Non-nil means insert a time stamp into the exported file.
ox.el,828,option,org-export-with-timestamps,missing,,Non-nil means allow timestamps in export.
ox.el,855,option,org-export-with-todo-keywords,missing,,Non-nil means include TODO keywords in export.
ox.el,862,option,org-export-allow-bind-keywords,missing,,Non-nil means BIND keywords can define local variable values.
ox.el,871,option,org-export-with-broken-links,missing,,Non-nil means do not raise an error on broken links.
ox.el,892,option,org-export-expand-links,missing,,"When non-nil, expand environment variables in file paths."
ox.el,898,option,org-export-replace-macros,missing,,"When non-nil, replace macros before export."
ox.el,907,option,org-export-snippet-translation-alist,missing,,Alist between export snippets backends and exporter backends.
ox.el,931,option,org-export-global-macros,missing,,Alist between macro names and expansion templates.
ox.el,954,option,org-export-coding-system,missing,,Coding system for the exported file.
ox.el,961,option,org-export-copy-to-kill-ring,missing,,Non-nil means pushing export output to the kill ring.
ox.el,972,option,org-export-initial-scope,missing,,The initial scope when exporting with `org-export-dispatch'.
ox.el,980,option,org-export-show-temporary-export-buffer,missing,,Non-nil means show buffer after exporting to temp buffer.
ox.el,990,option,org-export-body-only,missing,,"The initial ""Body only"" setting when exporting with `org-export-dispatch'."
ox.el,999,option,org-export-visible-only,missing,,"The initial ""Visible only"" setting when exporting with `org-export-dispatch'."
ox.el,1007,option,org-export-force-publishing,missing,,"The initial ""Force publishing"" setting for `org-export-dispatch'."
ox.el,1015,option,org-export-in-background,missing,,Non-nil means export and publishing commands will run in background.
ox.el,1024,option,org-export-async-init-file,missing,,File used to initialize external export process.
ox.el,1042,option,org-export-dispatch-use-expert-ui,missing,,Non-nil means using a non-intrusive `org-export-dispatch'.
ox.el,1093,function,org-export-get-backend,missing,,Return export backend named after NAME.
ox.el,1099,function,org-export-register-backend,missing,,Register BACKEND as a known export backend.
ox.el,1116,function,org-export-barf-if-invalid-backend,missing,,Signal an error if BACKEND isn't defined.
ox.el,1122,function,org-export-derived-backend-p,missing,,Non-nil if BACKEND is derived from one of BACKENDS.
ox.el,1137,function,org-export-get-all-transcoders,missing,,Return full translation table for BACKEND.
ox.el,1158,function,org-export-get-all-options,missing,,Return export options for BACKEND.
ox.el,1178,function,org-export-get-all-filters,missing,,Return complete list of filters for BACKEND.
ox.el,1196,function,org-export-define-backend,missing,,Define a new backend BACKEND.
ox.el,1322,function,org-export-define-derived-backend,missing,,Create a new backend as a variant of an existing one.
ox.el,1431,function,org-export-get-environment,missing,,Collect export options from the current buffer.
ox.el,1457,function,org-export--parse-option-keyword,missing,,Parse an OPTIONS line and return values as a plist.
ox.el,1488,function,org-export--get-subtree-options,missing,,Get export options in subtree at point.
ox.el,1544,function,org-export--get-inbuffer-options,missing,,"Return current buffer export options, as a plist."
ox.el,1630,function,org-export--get-export-attributes,missing,,"Return properties related to export process, as a plist."
ox.el,1644,function,org-export--get-buffer-attributes,missing,,"Return properties related to buffer attributes, as a plist."
ox.el,1649,function,org-export--get-global-options,missing,,Return global export options as a plist.
ox.el,1673,function,org-export--list-bound-variables,missing,,Return variables bound from BIND keywords in current buffer.
ox.el,1697,function,org-export--collect-tree-properties,missing,,Extract tree properties from parse tree.
ox.el,1739,function,org-export--get-min-level,missing,,Return minimum exportable headline's level in DATA.
ox.el,1755,function,org-export--collect-headline-numbering,missing,,"Return numbering of all exportable, numbered headlines in a parse tree."
ox.el,1781,function,org-export--selected-trees,missing,,List headlines and inlinetasks with a select tag in their tree.
ox.el,1820,function,org-export--skip-p,missing,,Non-nil when element or object DATUM should be skipped during export.
ox.el,1924,function,org-export--skip-timestamp-p,missing,,Decides whether to skip a timestamp during export.
ox.el,1955,function,org-export-transcoder,missing,,Return appropriate transcoder for BLOB.
ox.el,1964,function,org-export--keep-spaces,missing,,"Non-nil, when post-blank spaces after removing DATA should be preserved."
ox.el,1997,function,org-export-data,missing,,Convert DATA into current backend format.
ox.el,2106,function,org-export-data-with-backend,missing,,Convert DATA into BACKEND format.
ox.el,2135,function,org-export-expand,missing,,Expand a parsed element or object to its original state.
ox.el,2596,function,org-export-filter-apply-functions,missing,,Call every function in FILTERS.
ox.el,2619,function,org-export-install-filters,missing,,Install filters properties in communication channel.
ox.el,2678,function,org-export--set-variables,missing,,Set buffer-local variables according to VARIABLE-ALIST in current buffer.
ox.el,2683,function,org-export-copy-buffer,missing,,Return a copy of the current buffer.
ox.el,2704,macro,org-export-with-buffer-copy,missing,,Apply BODY in a copy of the current buffer.
ox.el,2730,function,org-export--delete-comment-trees,missing,,Delete commented trees and commented inlinetasks in the buffer.
ox.el,2743,function,org-export--prune-tree,missing,,Prune non exportable elements from DATA.
ox.el,2816,function,org-export--missing-definitions,missing,,List footnote definitions missing from TREE.
ox.el,2890,function,org-export--install-footnote-definitions,missing,,Install footnote definitions in tree.
ox.el,2955,function,org-export--remove-uninterpreted-data,missing,,Change uninterpreted elements back into Org syntax.
ox.el,3013,function,org-export--expand-links,missing,,"Modify TREE, expanding link paths according to `:expand-links' in INFO."
ox.el,3026,function,org-export-as,missing,,Transcode current Org buffer into BACKEND code.
ox.el,3119,function,org-export--annotate-info,missing,,Annotate the INFO plist according to the BACKEND.
ox.el,3244,function,org-export-string-as,missing,,Transcode STRING into BACKEND code.
ox.el,3265,function,org-export-replace-region-by,missing,,Replace the active region by its export to BACKEND.
ox.el,3276,command,org-export-insert-default-template,missing,,Insert all export keywords with default values at beginning of line.
ox.el,3360,function,org-export-expand-include-keyword,missing,,Expand every include keyword in buffer.
ox.el,3439,function,org-export-parse-include-value,missing,,Extract the various parameters from #+include: VALUE.
ox.el,3522,function,org-export--blindly-expand-include,missing,,Unconditionally include reference defined by PARAMETERS in the buffer.
ox.el,3591,function,org-export--inclusion-absolute-lines,missing,,Resolve absolute lines for an included file with file-link.
ox.el,3653,function,org-export--update-included-link,missing,,"Update relative file name of link at point, if possible."
ox.el,3680,function,org-export--prepare-file-contents,missing,,Prepare contents of FILE for inclusion and return it as a string.
ox.el,3854,function,org-export--copy-to-kill-ring-p,missing,,Return a non-nil value when output should be added to the kill ring.
ox.el,3880,function,org-export-read-attribute,missing,,Turn ATTRIBUTE property from ELEMENT into a plist.
ox.el,3916,function,org-export-get-caption,missing,,Return caption from ELEMENT as a secondary string.
ox.el,3944,function,org-export-with-backend,missing,,Call a transcoder from BACKEND on DATA.
ox.el,3982,function,org-export-snippet-backend,missing,,Return EXPORT-SNIPPET targeted backend as a symbol.
ox.el,4007,function,org-export-get-footnote-definition,missing,,Return definition of FOOTNOTE-REFERENCE as parsed data.
ox.el,4045,function,org-export--footnote-reference-map,missing,,Apply FUNCTION on every footnote reference in DATA.
ox.el,4090,function,org-export-collect-footnote-definitions,missing,,"Return an alist between footnote numbers, labels and definitions."
ox.el,4118,function,org-export-footnote-first-reference-p,missing,,Non-nil when a footnote reference is the first one for its label.
ox.el,4144,function,org-export-get-footnote-number,missing,,Return number associated to a footnote.
ox.el,4199,function,org-export-get-relative-level,missing,,Return HEADLINE relative level within current parsed tree.
ox.el,4205,function,org-export-low-level-p,missing,,Non-nil when HEADLINE is considered as low level.
ox.el,4220,function,org-export-get-headline-number,missing,,Return numbered HEADLINE numbering as a list of numbers.
ox.el,4226,function,org-export-numbered-headline-p,missing,,Return a non-nil value if HEADLINE element should be numbered.
ox.el,4234,function,org-export-number-to-roman,missing,,Convert integer N into a roman numeral.
ox.el,4250,function,org-export-get-tags,missing,,Return list of tags associated to ELEMENT.
ox.el,4274,function,org-export-get-node-property,missing,,Return node PROPERTY value for DATUM.
ox.el,4289,function,org-export-get-category,missing,,Return category for element or object BLOB.
ox.el,4307,function,org-export-get-alt-title,missing,,"Return alternative title for HEADLINE, as a secondary string."
ox.el,4313,function,org-export-first-sibling-p,missing,,Non-nil when BLOB is the first sibling in its parent.
ox.el,4322,function,org-export-last-sibling-p,missing,,Non-nil when DATUM is the last sibling in its parent.
ox.el,4339,function,org-export-get-date,missing,,Return date value for the current document.
ox.el,4394,function,org-export-custom-protocol-maybe,missing,,Try exporting LINK object with a dedicated function.
ox.el,4421,function,org-export-get-coderef-format,missing,,Return format string for code reference link.
ox.el,4430,function,org-export-inline-image-p,missing,,Non-nil if LINK object points to an inline image.
ox.el,4452,function,org-export-insert-image-links,missing,,Insert image links in DATA.
ox.el,4497,function,org-export-resolve-coderef,missing,,Resolve a code reference REF.
ox.el,4521,function,org-export-search-cells,missing,,List search cells for element or object DATUM.
ox.el,4567,function,org-export-string-to-search-cell,missing,,Return search cells associated to string S.
ox.el,4585,function,org-export-match-search-cell-p,missing,,Non-nil when DATUM matches search cells CELLS.
ox.el,4592,function,org-export-resolve-fuzzy-link,missing,,Return LINK destination.
ox.el,4656,function,org-export-resolve-id-link,missing,,Return headline referenced as LINK destination.
ox.el,4688,function,org-export-resolve-radio-link,missing,,Return radio-target object referenced as LINK destination.
ox.el,4704,function,org-export-resolve-link,missing,,Return LINK destination.
ox.el,4729,function,org-export-file-uri,missing,,Return file URI associated to FILENAME.
ox.el,4739,function,org-export-link-remote-p,missing,,Returns non-nil if the link refers to a remote resource.
ox.el,4745,function,org-export-link--remote-local-copy,missing,,"Download the remote resource specified by LINK, and return its local path."
ox.el,4768,function,org-export-link-localise,missing,,Convert remote LINK to local link.
ox.el,4787,function,org-export-file-relative-name-maybe,missing,,Maybe convert FILENAME to a relative filename.
ox.el,4809,function,org-export-new-reference,missing,,"Return a unique reference, among REFERENCES."
ox.el,4823,function,org-export-format-reference,missing,,Format REFERENCE into a string.
ox.el,4829,function,org-export-get-reference,missing,,"Return a unique reference for DATUM, as a string."
ox.el,4885,function,org-export-get-ordinal,missing,,Return ordinal number of an element or object.
ox.el,4964,function,org-export-raw-string,missing,,Return a raw object containing string S.
ox.el,4993,function,org-export-get-loc,missing,,Return count of lines of code before ELEMENT.
ox.el,5023,function,org-export-unravel-code,missing,,Clean source code and extract references out of it.
ox.el,5057,function,org-export-format-code,missing,,Format CODE by applying FUN line-wise and return it.
ox.el,5087,function,org-export-format-code-default,missing,,"Return source code from ELEMENT, formatted in a standard way."
ox.el,5159,function,org-export-table-has-special-column-p,missing,,Non-nil when TABLE has a special column.
ox.el,5179,function,org-export-table-has-header-p,missing,,Non-nil when TABLE has a header.
ox.el,5208,function,org-export-table-row-is-special-p,missing,,Non-nil if TABLE-ROW is considered special.
ox.el,5238,function,org-export-table-row-group,missing,,"Return TABLE-ROW's group number, as an integer."
ox.el,5265,function,org-export-table-cell-width,missing,,Return TABLE-CELL contents width.
ox.el,5309,function,org-export-table-cell-alignment,missing,,Return TABLE-CELL contents alignment.
ox.el,5394,function,org-export-table-cell-borders,missing,,Return TABLE-CELL borders.
ox.el,5479,function,org-export-table-cell-starts-colgroup-p,missing,,Non-nil when TABLE-CELL is at the beginning of a column group.
ox.el,5490,function,org-export-table-cell-ends-colgroup-p,missing,,Non-nil when TABLE-CELL is at the end of a column group.
ox.el,5500,function,org-export-table-row-starts-rowgroup-p,missing,,Non-nil when TABLE-ROW is at the beginning of a row group.
ox.el,5509,function,org-export-table-row-ends-rowgroup-p,missing,,Non-nil when TABLE-ROW is at the end of a row group.
ox.el,5518,function,org-export-table-row-in-header-p,missing,,Non-nil when TABLE-ROW is located within table's header.
ox.el,5526,function,org-export-table-row-starts-header-p,missing,,Non-nil when TABLE-ROW is the first table header's row.
ox.el,5532,function,org-export-table-row-ends-header-p,missing,,Non-nil when TABLE-ROW is the last table header's row.
ox.el,5538,function,org-export-table-row-number,missing,,Return TABLE-ROW number in the exported table.
ox.el,5561,function,org-export-table-dimensions,missing,,Return TABLE dimensions.
ox.el,5582,function,org-export-table-cell-address,missing,,Return address of a regular TABLE-CELL object.
ox.el,5601,function,org-export-get-table-cell-at,missing,,Return regular table-cell object at ADDRESS in TABLE.
ox.el,5641,function,org-export-collect-headlines,missing,,Collect headlines in order to build a table of contents.
ox.el,5675,function,org-export-collect-elements,missing,,Collect referenceable elements of a determined type.
ox.el,5695,function,org-export-collect-tables,missing,,Build a list of tables.
ox.el,5702,function,org-export-collect-figures,missing,,Build a list of figures.
ox.el,5717,function,org-export-collect-listings,missing,,Build a list of source blocks.
ox.el,5725,function,org-export-excluded-from-toc-p,missing,,Non-nil if HEADLINE should be excluded from tables of contents.
ox.el,5743,function,org-export-toc-default-link-transcoder,missing,,"Format a link by converting to regular text based on LINK, CONTENTS, and INFO."
ox.el,5750,function,org-export-toc-entry-backend,missing,,Return an export backend appropriate for table of contents entries.
ox.el,5782,option,org-export-smart-quotes-alist,missing,,Smart quotes translations.
ox.el,5994,function,org-export--smart-quote-status,missing,,Return smart quote status at the beginning of string S.
ox.el,6123,function,org-export-activate-smart-quotes,missing,,"Replace regular quotes with ""smart"" quotes in string S."
ox.el,6159,function,org-export-get-parent-headline,missing,,Return BLOB parent headline or nil.
ox.el,6164,function,org-export-get-parent-table,missing,,Return OBJECT parent table or nil.
ox.el,6169,function,org-export-get-previous-element,missing,,Return previous element or object.
ox.el,6194,function,org-export-get-next-element,missing,,Return next element or object.
ox.el,6740,function,org-export-translate,missing,,Translate string S according to language specification.
ox.el,6785,function,org-export-async-start,missing,,Call function FUN on the results returned by BODY evaluation.
ox.el,6876,function,org-export-to-buffer,missing,,Call `org-export-as' with output to a specified buffer.
ox.el,6946,function,org-export-to-file,missing,,Call `org-export-as' with output to a specified file.
ox.el,7021,function,org-export-output-file-name,missing,,Return output file's name according to buffer specifications.
ox.el,7076,function,org-export-add-to-stack,missing,,Add a new result to export stack if not present already.
ox.el,7089,command,org-export-stack,missing,,Menu for asynchronous export results and running processes.
ox.el,7099,command,org-export-stack-clear,missing,,Remove all entries from export stack.
ox.el,7104,command,org-export-stack-refresh,missing,,Refresh the export stack.
ox.el,7109,command,org-export-stack-remove,missing,,Remove export results at point from stack.
ox.el,7118,command,org-export-stack-view,missing,,View export results at point in stack.
ox.el,7145,command,org-export-stack-mode,missing,,Mode for displaying asynchronous export stack.
ox.el,7172,function,org-export--stack-generate,missing,,Generate the asynchronous export stack for display.
ox.el,7206,function,org-export--stack-num-predicate,missing,,
ox.el,7210,function,org-export--stack-source-at-point,missing,,Return source from export results at point in stack.
ox.el,7235,command,org-export-dispatch,missing,,Export dispatcher for Org mode.
ox.el,7317,function,org-export--dispatch-ui,missing,,Handle interface for `org-export-dispatch'.
ox.el,7505,function,org-export--dispatch-action,missing,,Read a character from command input and act accordingly.
ox.el,,function,org-export-backend-menu,missing,,"Access slot ""menu"" of `org-export-backend' struct X."
ox.el,,function,org-export-backend-options,missing,,"Access slot ""options"" of `org-export-backend' struct X."
ox.el,,function,org-export-backend-transcoders,missing,,"Access slot ""transcoders"" of `org-export-backend' struct X."
ox.el,,function,org-export-backend-blocks--inliner,missing,,
ox.el,,function,org-export-create-backend--cmacro,missing,,compiler-macro for `org-export-create-backend'.
ox.el,,function,org-export-backend-name--inliner,missing,,
ox.el,,function,org-export-backend-p,missing,,
ox.el,,function,org-export-backend-name,missing,,"Access slot ""name"" of `org-export-backend' struct X."
ox.el,,function,org-export-backend-blocks,missing,,"Access slot ""blocks"" of `org-export-backend' struct X."
ox.el,,function,org-export-backend-parent,missing,,"Access slot ""parent"" of `org-export-backend' struct X."
ox.el,,function,org-export-backend-filters--inliner,missing,,
ox.el,,function,org-export-backend-options--inliner,missing,,
ox.el,,option,org-export-time-stamp-file,missing,,Non-nil means insert a time stamp into the exported file.
ox.el,,function,org-export-backend-transcoders--inliner,missing,,
ox.el,,function,org-export-backend-p--inliner,missing,,
ox.el,,function,org-export-backend-filters,missing,,"Access slot ""filters"" of `org-export-backend' struct X."
ox.el,,function,org-export-backend-parent--inliner,missing,,
ox.el,,function,org-export-backend-menu--inliner,missing,,
ox.el,,function,org-export-create-backend,missing,,Constructor for objects of type `org-export-backend'.
